nodeId,channelId,prevRank,myRank,nextRank,pid,commId
005067,0,35,39,38,109938,0x68397d93bb6f627d
005067,1,38,39,43,109938,0x68397d93bb6f627d
005067,2,36,39,38,109938,0x68397d93bb6f627d
005067,3,36,39,37,109938,0x68397d93bb6f627d
005067,4,35,39,38,109938,0x68397d93bb6f627d
005067,5,38,39,43,109938,0x68397d93bb6f627d
005067,6,36,39,38,109938,0x68397d93bb6f627d
005067,7,36,39,37,109938,0x68397d93bb6f627d
005067,0,39,38,37,109937,0x68397d93bb6f627d
005067,1,37,38,39,109937,0x68397d93bb6f627d
005067,2,39,38,42,109937,0x68397d93bb6f627d
005067,3,34,38,36,109937,0x68397d93bb6f627d
005067,4,39,38,37,109937,0x68397d93bb6f627d
005067,5,37,38,39,109937,0x68397d93bb6f627d
005067,6,39,38,42,109937,0x68397d93bb6f627d
005067,7,34,38,36,109937,0x68397d93bb6f627d
005067,0,38,37,36,109936,0x68397d93bb6f627d
005067,1,36,37,38,109936,0x68397d93bb6f627d
005067,2,33,37,36,109936,0x68397d93bb6f627d
005067,3,39,37,41,109936,0x68397d93bb6f627d
005067,4,38,37,36,109936,0x68397d93bb6f627d
005067,5,36,37,38,109936,0x68397d93bb6f627d
005067,6,33,37,36,109936,0x68397d93bb6f627d
005067,7,39,37,41,109936,0x68397d93bb6f627d
005067,0,37,36,40,109935,0x68397d93bb6f627d
005067,1,32,36,37,109935,0x68397d93bb6f627d
005067,2,37,36,39,109935,0x68397d93bb6f627d
005067,3,38,36,39,109935,0x68397d93bb6f627d
005067,4,37,36,40,109935,0x68397d93bb6f627d
005067,5,32,36,37,109935,0x68397d93bb6f627d
005067,6,37,36,39,109935,0x68397d93bb6f627d
005067,7,38,36,39,109935,0x68397d93bb6f627d
005067,0,0,0,0,109937,0x87556359ce537c3
005067,1,0,0,0,109937,0x87556359ce537c3
005067,2,0,0,0,109937,0x87556359ce537c3
005067,3,0,0,0,109937,0x87556359ce537c3
005067,4,0,0,0,109937,0x87556359ce537c3
005067,5,0,0,0,109937,0x87556359ce537c3
005067,6,0,0,0,109937,0x87556359ce537c3
005067,7,0,0,0,109937,0x87556359ce537c3
005067,8,0,0,0,109937,0x87556359ce537c3
005067,9,0,0,0,109937,0x87556359ce537c3
005067,10,0,0,0,109937,0x87556359ce537c3
005067,11,0,0,0,109937,0x87556359ce537c3
005067,12,0,0,0,109937,0x87556359ce537c3
005067,13,0,0,0,109937,0x87556359ce537c3
005067,14,0,0,0,109937,0x87556359ce537c3
005067,15,0,0,0,109937,0x87556359ce537c3
005067,16,0,0,0,109937,0x87556359ce537c3
005067,17,0,0,0,109937,0x87556359ce537c3
005067,18,0,0,0,109937,0x87556359ce537c3
005067,19,0,0,0,109937,0x87556359ce537c3
005067,20,0,0,0,109937,0x87556359ce537c3
005067,21,0,0,0,109937,0x87556359ce537c3
005067,22,0,0,0,109937,0x87556359ce537c3
005067,23,0,0,0,109937,0x87556359ce537c3
005067,24,0,0,0,109937,0x87556359ce537c3
005067,25,0,0,0,109937,0x87556359ce537c3
005067,26,0,0,0,109937,0x87556359ce537c3
005067,27,0,0,0,109937,0x87556359ce537c3
005067,28,0,0,0,109937,0x87556359ce537c3
005067,29,0,0,0,109937,0x87556359ce537c3
005067,30,0,0,0,109937,0x87556359ce537c3
005067,31,0,0,0,109937,0x87556359ce537c3
005067,0,0,0,0,109936,0x8354a86f041a06b4
005067,1,0,0,0,109936,0x8354a86f041a06b4
005067,2,0,0,0,109936,0x8354a86f041a06b4
005067,3,0,0,0,109936,0x8354a86f041a06b4
005067,4,0,0,0,109936,0x8354a86f041a06b4
005067,5,0,0,0,109936,0x8354a86f041a06b4
005067,6,0,0,0,109936,0x8354a86f041a06b4
005067,7,0,0,0,109936,0x8354a86f041a06b4
005067,8,0,0,0,109936,0x8354a86f041a06b4
005067,9,0,0,0,109936,0x8354a86f041a06b4
005067,10,0,0,0,109936,0x8354a86f041a06b4
005067,11,0,0,0,109936,0x8354a86f041a06b4
005067,12,0,0,0,109936,0x8354a86f041a06b4
005067,13,0,0,0,109936,0x8354a86f041a06b4
005067,14,0,0,0,109936,0x8354a86f041a06b4
005067,15,0,0,0,109936,0x8354a86f041a06b4
005067,16,0,0,0,109936,0x8354a86f041a06b4
005067,17,0,0,0,109936,0x8354a86f041a06b4
005067,18,0,0,0,109936,0x8354a86f041a06b4
005067,19,0,0,0,109936,0x8354a86f041a06b4
005067,20,0,0,0,109936,0x8354a86f041a06b4
005067,21,0,0,0,109936,0x8354a86f041a06b4
005067,22,0,0,0,109936,0x8354a86f041a06b4
005067,23,0,0,0,109936,0x8354a86f041a06b4
005067,24,0,0,0,109936,0x8354a86f041a06b4
005067,25,0,0,0,109936,0x8354a86f041a06b4
005067,26,0,0,0,109936,0x8354a86f041a06b4
005067,27,0,0,0,109936,0x8354a86f041a06b4
005067,28,0,0,0,109936,0x8354a86f041a06b4
005067,29,0,0,0,109936,0x8354a86f041a06b4
005067,30,0,0,0,109936,0x8354a86f041a06b4
005067,31,0,0,0,109936,0x8354a86f041a06b4
005067,0,0,0,0,109935,0xef109df61cbcc286
005067,1,0,0,0,109935,0xef109df61cbcc286
005067,2,0,0,0,109935,0xef109df61cbcc286
005067,3,0,0,0,109935,0xef109df61cbcc286
005067,4,0,0,0,109935,0xef109df61cbcc286
005067,5,0,0,0,109935,0xef109df61cbcc286
005067,6,0,0,0,109935,0xef109df61cbcc286
005067,7,0,0,0,109935,0xef109df61cbcc286
005067,8,0,0,0,109935,0xef109df61cbcc286
005067,9,0,0,0,109935,0xef109df61cbcc286
005067,10,0,0,0,109935,0xef109df61cbcc286
005067,11,0,0,0,109935,0xef109df61cbcc286
005067,12,0,0,0,109935,0xef109df61cbcc286
005067,13,0,0,0,109935,0xef109df61cbcc286
005067,14,0,0,0,109935,0xef109df61cbcc286
005067,15,0,0,0,109935,0xef109df61cbcc286
005067,16,0,0,0,109935,0xef109df61cbcc286
005067,17,0,0,0,109935,0xef109df61cbcc286
005067,18,0,0,0,109935,0xef109df61cbcc286
005067,19,0,0,0,109935,0xef109df61cbcc286
005067,20,0,0,0,109935,0xef109df61cbcc286
005067,21,0,0,0,109935,0xef109df61cbcc286
005067,22,0,0,0,109935,0xef109df61cbcc286
005067,23,0,0,0,109935,0xef109df61cbcc286
005067,24,0,0,0,109935,0xef109df61cbcc286
005067,25,0,0,0,109935,0xef109df61cbcc286
005067,26,0,0,0,109935,0xef109df61cbcc286
005067,27,0,0,0,109935,0xef109df61cbcc286
005067,28,0,0,0,109935,0xef109df61cbcc286
005067,29,0,0,0,109935,0xef109df61cbcc286
005067,30,0,0,0,109935,0xef109df61cbcc286
005067,31,0,0,0,109935,0xef109df61cbcc286
005067,0,0,0,0,109938,0x28ef17606a67a147
005067,1,0,0,0,109938,0x28ef17606a67a147
005067,2,0,0,0,109938,0x28ef17606a67a147
005067,3,0,0,0,109938,0x28ef17606a67a147
005067,4,0,0,0,109938,0x28ef17606a67a147
005067,5,0,0,0,109938,0x28ef17606a67a147
005067,6,0,0,0,109938,0x28ef17606a67a147
005067,7,0,0,0,109938,0x28ef17606a67a147
005067,8,0,0,0,109938,0x28ef17606a67a147
005067,9,0,0,0,109938,0x28ef17606a67a147
005067,10,0,0,0,109938,0x28ef17606a67a147
005067,11,0,0,0,109938,0x28ef17606a67a147
005067,12,0,0,0,109938,0x28ef17606a67a147
005067,13,0,0,0,109938,0x28ef17606a67a147
005067,14,0,0,0,109938,0x28ef17606a67a147
005067,15,0,0,0,109938,0x28ef17606a67a147
005067,16,0,0,0,109938,0x28ef17606a67a147
005067,17,0,0,0,109938,0x28ef17606a67a147
005067,18,0,0,0,109938,0x28ef17606a67a147
005067,19,0,0,0,109938,0x28ef17606a67a147
005067,20,0,0,0,109938,0x28ef17606a67a147
005067,21,0,0,0,109938,0x28ef17606a67a147
005067,22,0,0,0,109938,0x28ef17606a67a147
005067,23,0,0,0,109938,0x28ef17606a67a147
005067,24,0,0,0,109938,0x28ef17606a67a147
005067,25,0,0,0,109938,0x28ef17606a67a147
005067,26,0,0,0,109938,0x28ef17606a67a147
005067,27,0,0,0,109938,0x28ef17606a67a147
005067,28,0,0,0,109938,0x28ef17606a67a147
005067,29,0,0,0,109938,0x28ef17606a67a147
005067,30,0,0,0,109938,0x28ef17606a67a147
005067,31,0,0,0,109938,0x28ef17606a67a147
005067,0,35,39,38,109938,0xe7d12636594460c0
005067,1,38,39,43,109938,0xe7d12636594460c0
005067,2,36,39,38,109938,0xe7d12636594460c0
005067,3,36,39,37,109938,0xe7d12636594460c0
005067,0,39,38,37,109937,0xe7d12636594460c0
005067,4,35,39,38,109938,0xe7d12636594460c0
005067,5,38,39,43,109938,0xe7d12636594460c0
005067,6,36,39,38,109938,0xe7d12636594460c0
005067,0,38,37,36,109936,0xe7d12636594460c0
005067,7,36,39,37,109938,0xe7d12636594460c0
005067,1,36,37,38,109936,0xe7d12636594460c0
005067,2,33,37,36,109936,0xe7d12636594460c0
005067,1,37,38,39,109937,0xe7d12636594460c0
005067,3,39,37,41,109936,0xe7d12636594460c0
005067,4,38,37,36,109936,0xe7d12636594460c0
005067,5,36,37,38,109936,0xe7d12636594460c0
005067,2,39,38,42,109937,0xe7d12636594460c0
005067,6,33,37,36,109936,0xe7d12636594460c0
005067,7,39,37,41,109936,0xe7d12636594460c0
005067,3,34,38,36,109937,0xe7d12636594460c0
005067,4,39,38,37,109937,0xe7d12636594460c0
005067,5,37,38,39,109937,0xe7d12636594460c0
005067,6,39,38,42,109937,0xe7d12636594460c0
005067,7,34,38,36,109937,0xe7d12636594460c0
005067,0,37,36,40,109935,0xe7d12636594460c0
005067,1,32,36,37,109935,0xe7d12636594460c0
005067,2,37,36,39,109935,0xe7d12636594460c0
005067,3,38,36,39,109935,0xe7d12636594460c0
005067,4,37,36,40,109935,0xe7d12636594460c0
005067,5,32,36,37,109935,0xe7d12636594460c0
005067,6,37,36,39,109935,0xe7d12636594460c0
005067,7,38,36,39,109935,0xe7d12636594460c0
005067,0,0,0,0,109935,0xff4cdf10cf021ee9
005067,1,0,0,0,109935,0xff4cdf10cf021ee9
005067,2,0,0,0,109935,0xff4cdf10cf021ee9
005067,3,0,0,0,109935,0xff4cdf10cf021ee9
005067,4,0,0,0,109935,0xff4cdf10cf021ee9
005067,5,0,0,0,109935,0xff4cdf10cf021ee9
005067,6,0,0,0,109935,0xff4cdf10cf021ee9
005067,7,0,0,0,109935,0xff4cdf10cf021ee9
005067,8,0,0,0,109935,0xff4cdf10cf021ee9
005067,9,0,0,0,109935,0xff4cdf10cf021ee9
005067,10,0,0,0,109935,0xff4cdf10cf021ee9
005067,11,0,0,0,109935,0xff4cdf10cf021ee9
005067,12,0,0,0,109935,0xff4cdf10cf021ee9
005067,13,0,0,0,109935,0xff4cdf10cf021ee9
005067,14,0,0,0,109935,0xff4cdf10cf021ee9
005067,15,0,0,0,109935,0xff4cdf10cf021ee9
005067,16,0,0,0,109935,0xff4cdf10cf021ee9
005067,17,0,0,0,109935,0xff4cdf10cf021ee9
005067,18,0,0,0,109935,0xff4cdf10cf021ee9
005067,19,0,0,0,109935,0xff4cdf10cf021ee9
005067,20,0,0,0,109935,0xff4cdf10cf021ee9
005067,21,0,0,0,109935,0xff4cdf10cf021ee9
005067,22,0,0,0,109935,0xff4cdf10cf021ee9
005067,23,0,0,0,109935,0xff4cdf10cf021ee9
005067,24,0,0,0,109935,0xff4cdf10cf021ee9
005067,25,0,0,0,109935,0xff4cdf10cf021ee9
005067,26,0,0,0,109935,0xff4cdf10cf021ee9
005067,27,0,0,0,109935,0xff4cdf10cf021ee9
005067,28,0,0,0,109935,0xff4cdf10cf021ee9
005067,29,0,0,0,109935,0xff4cdf10cf021ee9
005067,30,0,0,0,109935,0xff4cdf10cf021ee9
005067,31,0,0,0,109935,0xff4cdf10cf021ee9
005067,0,0,0,0,109936,0x3911eed4a75c04a9
005067,1,0,0,0,109936,0x3911eed4a75c04a9
005067,2,0,0,0,109936,0x3911eed4a75c04a9
005067,3,0,0,0,109936,0x3911eed4a75c04a9
005067,4,0,0,0,109936,0x3911eed4a75c04a9
005067,5,0,0,0,109936,0x3911eed4a75c04a9
005067,6,0,0,0,109936,0x3911eed4a75c04a9
005067,7,0,0,0,109936,0x3911eed4a75c04a9
005067,8,0,0,0,109936,0x3911eed4a75c04a9
005067,9,0,0,0,109936,0x3911eed4a75c04a9
005067,10,0,0,0,109936,0x3911eed4a75c04a9
005067,11,0,0,0,109936,0x3911eed4a75c04a9
005067,12,0,0,0,109936,0x3911eed4a75c04a9
005067,13,0,0,0,109936,0x3911eed4a75c04a9
005067,14,0,0,0,109936,0x3911eed4a75c04a9
005067,15,0,0,0,109936,0x3911eed4a75c04a9
005067,16,0,0,0,109936,0x3911eed4a75c04a9
005067,17,0,0,0,109936,0x3911eed4a75c04a9
005067,18,0,0,0,109936,0x3911eed4a75c04a9
005067,19,0,0,0,109936,0x3911eed4a75c04a9
005067,20,0,0,0,109936,0x3911eed4a75c04a9
005067,21,0,0,0,109936,0x3911eed4a75c04a9
005067,22,0,0,0,109936,0x3911eed4a75c04a9
005067,23,0,0,0,109936,0x3911eed4a75c04a9
005067,24,0,0,0,109936,0x3911eed4a75c04a9
005067,25,0,0,0,109936,0x3911eed4a75c04a9
005067,26,0,0,0,109936,0x3911eed4a75c04a9
005067,27,0,0,0,109936,0x3911eed4a75c04a9
005067,28,0,0,0,109936,0x3911eed4a75c04a9
005067,29,0,0,0,109936,0x3911eed4a75c04a9
005067,30,0,0,0,109936,0x3911eed4a75c04a9
005067,31,0,0,0,109936,0x3911eed4a75c04a9
005067,0,0,0,0,109938,0x46df720994b145b5
005067,1,0,0,0,109938,0x46df720994b145b5
005067,2,0,0,0,109938,0x46df720994b145b5
005067,3,0,0,0,109938,0x46df720994b145b5
005067,4,0,0,0,109938,0x46df720994b145b5
005067,5,0,0,0,109938,0x46df720994b145b5
005067,6,0,0,0,109938,0x46df720994b145b5
005067,7,0,0,0,109938,0x46df720994b145b5
005067,8,0,0,0,109938,0x46df720994b145b5
005067,9,0,0,0,109938,0x46df720994b145b5
005067,10,0,0,0,109938,0x46df720994b145b5
005067,11,0,0,0,109938,0x46df720994b145b5
005067,12,0,0,0,109938,0x46df720994b145b5
005067,13,0,0,0,109938,0x46df720994b145b5
005067,14,0,0,0,109938,0x46df720994b145b5
005067,15,0,0,0,109938,0x46df720994b145b5
005067,16,0,0,0,109938,0x46df720994b145b5
005067,17,0,0,0,109938,0x46df720994b145b5
005067,18,0,0,0,109938,0x46df720994b145b5
005067,19,0,0,0,109938,0x46df720994b145b5
005067,20,0,0,0,109938,0x46df720994b145b5
005067,21,0,0,0,109938,0x46df720994b145b5
005067,22,0,0,0,109938,0x46df720994b145b5
005067,23,0,0,0,109938,0x46df720994b145b5
005067,24,0,0,0,109938,0x46df720994b145b5
005067,25,0,0,0,109938,0x46df720994b145b5
005067,26,0,0,0,109938,0x46df720994b145b5
005067,27,0,0,0,109938,0x46df720994b145b5
005067,28,0,0,0,109938,0x46df720994b145b5
005067,29,0,0,0,109938,0x46df720994b145b5
005067,30,0,0,0,109938,0x46df720994b145b5
005067,31,0,0,0,109938,0x46df720994b145b5
005067,0,0,0,0,109937,0xd080233d07610a28
005067,1,0,0,0,109937,0xd080233d07610a28
005067,2,0,0,0,109937,0xd080233d07610a28
005067,3,0,0,0,109937,0xd080233d07610a28
005067,4,0,0,0,109937,0xd080233d07610a28
005067,5,0,0,0,109937,0xd080233d07610a28
005067,6,0,0,0,109937,0xd080233d07610a28
005067,7,0,0,0,109937,0xd080233d07610a28
005067,8,0,0,0,109937,0xd080233d07610a28
005067,9,0,0,0,109937,0xd080233d07610a28
005067,10,0,0,0,109937,0xd080233d07610a28
005067,11,0,0,0,109937,0xd080233d07610a28
005067,12,0,0,0,109937,0xd080233d07610a28
005067,13,0,0,0,109937,0xd080233d07610a28
005067,14,0,0,0,109937,0xd080233d07610a28
005067,15,0,0,0,109937,0xd080233d07610a28
005067,16,0,0,0,109937,0xd080233d07610a28
005067,17,0,0,0,109937,0xd080233d07610a28
005067,18,0,0,0,109937,0xd080233d07610a28
005067,19,0,0,0,109937,0xd080233d07610a28
005067,20,0,0,0,109937,0xd080233d07610a28
005067,21,0,0,0,109937,0xd080233d07610a28
005067,22,0,0,0,109937,0xd080233d07610a28
005067,23,0,0,0,109937,0xd080233d07610a28
005067,24,0,0,0,109937,0xd080233d07610a28
005067,25,0,0,0,109937,0xd080233d07610a28
005067,26,0,0,0,109937,0xd080233d07610a28
005067,27,0,0,0,109937,0xd080233d07610a28
005067,28,0,0,0,109937,0xd080233d07610a28
005067,29,0,0,0,109937,0xd080233d07610a28
005067,30,0,0,0,109937,0xd080233d07610a28
005067,31,0,0,0,109937,0xd080233d07610a28
005072,0,58,59,63,221204,0x68397d93bb6f627d
005072,1,55,59,58,221204,0x68397d93bb6f627d
005072,2,56,59,57,221204,0x68397d93bb6f627d
005072,3,56,59,58,221204,0x68397d93bb6f627d
005072,4,58,59,63,221204,0x68397d93bb6f627d
005072,5,55,59,58,221204,0x68397d93bb6f627d
005072,6,56,59,57,221204,0x68397d93bb6f627d
005072,7,56,59,58,221204,0x68397d93bb6f627d
005072,0,57,58,59,221203,0x68397d93bb6f627d
005072,1,59,58,57,221203,0x68397d93bb6f627d
005072,2,54,58,56,221203,0x68397d93bb6f627d
005072,3,59,58,62,221203,0x68397d93bb6f627d
005072,4,57,58,59,221203,0x68397d93bb6f627d
005072,5,59,58,57,221203,0x68397d93bb6f627d
005072,6,54,58,56,221203,0x68397d93bb6f627d
005072,7,59,58,62,221203,0x68397d93bb6f627d
005072,0,56,57,58,221202,0x68397d93bb6f627d
005072,0,52,56,57,221201,0x68397d93bb6f627d
005072,1,58,57,56,221202,0x68397d93bb6f627d
005072,2,59,57,61,221202,0x68397d93bb6f627d
005072,3,53,57,56,221202,0x68397d93bb6f627d
005072,1,57,56,60,221201,0x68397d93bb6f627d
005072,4,56,57,58,221202,0x68397d93bb6f627d
005072,2,58,56,59,221201,0x68397d93bb6f627d
005072,5,58,57,56,221202,0x68397d93bb6f627d
005072,3,57,56,59,221201,0x68397d93bb6f627d
005072,6,59,57,61,221202,0x68397d93bb6f627d
005072,4,52,56,57,221201,0x68397d93bb6f627d
005072,7,53,57,56,221202,0x68397d93bb6f627d
005072,5,57,56,60,221201,0x68397d93bb6f627d
005072,6,58,56,59,221201,0x68397d93bb6f627d
005072,7,57,56,59,221201,0x68397d93bb6f627d
005072,0,0,0,0,221201,0x4e4af01ced4576d9
005072,1,0,0,0,221201,0x4e4af01ced4576d9
005072,2,0,0,0,221201,0x4e4af01ced4576d9
005072,3,0,0,0,221201,0x4e4af01ced4576d9
005072,4,0,0,0,221201,0x4e4af01ced4576d9
005072,5,0,0,0,221201,0x4e4af01ced4576d9
005072,6,0,0,0,221201,0x4e4af01ced4576d9
005072,7,0,0,0,221201,0x4e4af01ced4576d9
005072,8,0,0,0,221201,0x4e4af01ced4576d9
005072,9,0,0,0,221201,0x4e4af01ced4576d9
005072,10,0,0,0,221201,0x4e4af01ced4576d9
005072,11,0,0,0,221201,0x4e4af01ced4576d9
005072,12,0,0,0,221201,0x4e4af01ced4576d9
005072,13,0,0,0,221201,0x4e4af01ced4576d9
005072,14,0,0,0,221201,0x4e4af01ced4576d9
005072,15,0,0,0,221201,0x4e4af01ced4576d9
005072,16,0,0,0,221201,0x4e4af01ced4576d9
005072,17,0,0,0,221201,0x4e4af01ced4576d9
005072,18,0,0,0,221201,0x4e4af01ced4576d9
005072,19,0,0,0,221201,0x4e4af01ced4576d9
005072,20,0,0,0,221201,0x4e4af01ced4576d9
005072,21,0,0,0,221201,0x4e4af01ced4576d9
005072,22,0,0,0,221201,0x4e4af01ced4576d9
005072,23,0,0,0,221201,0x4e4af01ced4576d9
005072,24,0,0,0,221201,0x4e4af01ced4576d9
005072,25,0,0,0,221201,0x4e4af01ced4576d9
005072,26,0,0,0,221201,0x4e4af01ced4576d9
005072,27,0,0,0,221201,0x4e4af01ced4576d9
005072,28,0,0,0,221201,0x4e4af01ced4576d9
005072,29,0,0,0,221201,0x4e4af01ced4576d9
005072,30,0,0,0,221201,0x4e4af01ced4576d9
005072,31,0,0,0,221201,0x4e4af01ced4576d9
005072,0,0,0,0,221203,0x4a22ece3dbc84d81
005072,1,0,0,0,221203,0x4a22ece3dbc84d81
005072,2,0,0,0,221203,0x4a22ece3dbc84d81
005072,3,0,0,0,221203,0x4a22ece3dbc84d81
005072,4,0,0,0,221203,0x4a22ece3dbc84d81
005072,5,0,0,0,221203,0x4a22ece3dbc84d81
005072,6,0,0,0,221203,0x4a22ece3dbc84d81
005072,7,0,0,0,221203,0x4a22ece3dbc84d81
005072,8,0,0,0,221203,0x4a22ece3dbc84d81
005072,9,0,0,0,221203,0x4a22ece3dbc84d81
005072,10,0,0,0,221203,0x4a22ece3dbc84d81
005072,11,0,0,0,221203,0x4a22ece3dbc84d81
005072,12,0,0,0,221203,0x4a22ece3dbc84d81
005072,13,0,0,0,221203,0x4a22ece3dbc84d81
005072,14,0,0,0,221203,0x4a22ece3dbc84d81
005072,15,0,0,0,221203,0x4a22ece3dbc84d81
005072,16,0,0,0,221203,0x4a22ece3dbc84d81
005072,17,0,0,0,221203,0x4a22ece3dbc84d81
005072,18,0,0,0,221203,0x4a22ece3dbc84d81
005072,19,0,0,0,221203,0x4a22ece3dbc84d81
005072,20,0,0,0,221203,0x4a22ece3dbc84d81
005072,21,0,0,0,221203,0x4a22ece3dbc84d81
005072,22,0,0,0,221203,0x4a22ece3dbc84d81
005072,23,0,0,0,221203,0x4a22ece3dbc84d81
005072,24,0,0,0,221203,0x4a22ece3dbc84d81
005072,25,0,0,0,221203,0x4a22ece3dbc84d81
005072,26,0,0,0,221203,0x4a22ece3dbc84d81
005072,27,0,0,0,221203,0x4a22ece3dbc84d81
005072,28,0,0,0,221203,0x4a22ece3dbc84d81
005072,29,0,0,0,221203,0x4a22ece3dbc84d81
005072,30,0,0,0,221203,0x4a22ece3dbc84d81
005072,31,0,0,0,221203,0x4a22ece3dbc84d81
005072,0,0,0,0,221202,0xdbe0aa4a71244bfc
005072,1,0,0,0,221202,0xdbe0aa4a71244bfc
005072,2,0,0,0,221202,0xdbe0aa4a71244bfc
005072,3,0,0,0,221202,0xdbe0aa4a71244bfc
005072,4,0,0,0,221202,0xdbe0aa4a71244bfc
005072,5,0,0,0,221202,0xdbe0aa4a71244bfc
005072,6,0,0,0,221202,0xdbe0aa4a71244bfc
005072,7,0,0,0,221202,0xdbe0aa4a71244bfc
005072,8,0,0,0,221202,0xdbe0aa4a71244bfc
005072,9,0,0,0,221202,0xdbe0aa4a71244bfc
005072,10,0,0,0,221202,0xdbe0aa4a71244bfc
005072,11,0,0,0,221202,0xdbe0aa4a71244bfc
005072,12,0,0,0,221202,0xdbe0aa4a71244bfc
005072,13,0,0,0,221202,0xdbe0aa4a71244bfc
005072,14,0,0,0,221202,0xdbe0aa4a71244bfc
005072,15,0,0,0,221202,0xdbe0aa4a71244bfc
005072,16,0,0,0,221202,0xdbe0aa4a71244bfc
005072,17,0,0,0,221202,0xdbe0aa4a71244bfc
005072,18,0,0,0,221202,0xdbe0aa4a71244bfc
005072,19,0,0,0,221202,0xdbe0aa4a71244bfc
005072,20,0,0,0,221202,0xdbe0aa4a71244bfc
005072,21,0,0,0,221202,0xdbe0aa4a71244bfc
005072,22,0,0,0,221202,0xdbe0aa4a71244bfc
005072,23,0,0,0,221202,0xdbe0aa4a71244bfc
005072,24,0,0,0,221202,0xdbe0aa4a71244bfc
005072,25,0,0,0,221202,0xdbe0aa4a71244bfc
005072,26,0,0,0,221202,0xdbe0aa4a71244bfc
005072,27,0,0,0,221202,0xdbe0aa4a71244bfc
005072,28,0,0,0,221202,0xdbe0aa4a71244bfc
005072,29,0,0,0,221202,0xdbe0aa4a71244bfc
005072,30,0,0,0,221202,0xdbe0aa4a71244bfc
005072,31,0,0,0,221202,0xdbe0aa4a71244bfc
005072,0,0,0,0,221204,0x72dc15d520ccacd4
005072,1,0,0,0,221204,0x72dc15d520ccacd4
005072,2,0,0,0,221204,0x72dc15d520ccacd4
005072,3,0,0,0,221204,0x72dc15d520ccacd4
005072,4,0,0,0,221204,0x72dc15d520ccacd4
005072,5,0,0,0,221204,0x72dc15d520ccacd4
005072,6,0,0,0,221204,0x72dc15d520ccacd4
005072,7,0,0,0,221204,0x72dc15d520ccacd4
005072,8,0,0,0,221204,0x72dc15d520ccacd4
005072,9,0,0,0,221204,0x72dc15d520ccacd4
005072,10,0,0,0,221204,0x72dc15d520ccacd4
005072,11,0,0,0,221204,0x72dc15d520ccacd4
005072,12,0,0,0,221204,0x72dc15d520ccacd4
005072,13,0,0,0,221204,0x72dc15d520ccacd4
005072,14,0,0,0,221204,0x72dc15d520ccacd4
005072,15,0,0,0,221204,0x72dc15d520ccacd4
005072,16,0,0,0,221204,0x72dc15d520ccacd4
005072,17,0,0,0,221204,0x72dc15d520ccacd4
005072,18,0,0,0,221204,0x72dc15d520ccacd4
005072,19,0,0,0,221204,0x72dc15d520ccacd4
005072,20,0,0,0,221204,0x72dc15d520ccacd4
005072,21,0,0,0,221204,0x72dc15d520ccacd4
005072,22,0,0,0,221204,0x72dc15d520ccacd4
005072,23,0,0,0,221204,0x72dc15d520ccacd4
005072,24,0,0,0,221204,0x72dc15d520ccacd4
005072,25,0,0,0,221204,0x72dc15d520ccacd4
005072,26,0,0,0,221204,0x72dc15d520ccacd4
005072,27,0,0,0,221204,0x72dc15d520ccacd4
005072,28,0,0,0,221204,0x72dc15d520ccacd4
005072,29,0,0,0,221204,0x72dc15d520ccacd4
005072,30,0,0,0,221204,0x72dc15d520ccacd4
005072,31,0,0,0,221204,0x72dc15d520ccacd4
005072,0,58,59,63,221204,0xe7d12636594460c0
005072,1,55,59,58,221204,0xe7d12636594460c0
005072,2,56,59,57,221204,0xe7d12636594460c0
005072,3,56,59,58,221204,0xe7d12636594460c0
005072,4,58,59,63,221204,0xe7d12636594460c0
005072,5,55,59,58,221204,0xe7d12636594460c0
005072,6,56,59,57,221204,0xe7d12636594460c0
005072,7,56,59,58,221204,0xe7d12636594460c0
005072,0,57,58,59,221203,0xe7d12636594460c0
005072,0,56,57,58,221202,0xe7d12636594460c0
005072,1,59,58,57,221203,0xe7d12636594460c0
005072,2,54,58,56,221203,0xe7d12636594460c0
005072,3,59,58,62,221203,0xe7d12636594460c0
005072,4,57,58,59,221203,0xe7d12636594460c0
005072,5,59,58,57,221203,0xe7d12636594460c0
005072,1,58,57,56,221202,0xe7d12636594460c0
005072,2,59,57,61,221202,0xe7d12636594460c0
005072,6,54,58,56,221203,0xe7d12636594460c0
005072,3,53,57,56,221202,0xe7d12636594460c0
005072,7,59,58,62,221203,0xe7d12636594460c0
005072,4,56,57,58,221202,0xe7d12636594460c0
005072,5,58,57,56,221202,0xe7d12636594460c0
005072,6,59,57,61,221202,0xe7d12636594460c0
005072,7,53,57,56,221202,0xe7d12636594460c0
005072,0,52,56,57,221201,0xe7d12636594460c0
005072,1,57,56,60,221201,0xe7d12636594460c0
005072,2,58,56,59,221201,0xe7d12636594460c0
005072,3,57,56,59,221201,0xe7d12636594460c0
005072,4,52,56,57,221201,0xe7d12636594460c0
005072,5,57,56,60,221201,0xe7d12636594460c0
005072,6,58,56,59,221201,0xe7d12636594460c0
005072,7,57,56,59,221201,0xe7d12636594460c0
005072,0,0,0,0,221202,0xc5c2f46201aa5353
005072,1,0,0,0,221202,0xc5c2f46201aa5353
005072,2,0,0,0,221202,0xc5c2f46201aa5353
005072,3,0,0,0,221202,0xc5c2f46201aa5353
005072,4,0,0,0,221202,0xc5c2f46201aa5353
005072,5,0,0,0,221202,0xc5c2f46201aa5353
005072,6,0,0,0,221202,0xc5c2f46201aa5353
005072,7,0,0,0,221202,0xc5c2f46201aa5353
005072,8,0,0,0,221202,0xc5c2f46201aa5353
005072,9,0,0,0,221202,0xc5c2f46201aa5353
005072,10,0,0,0,221202,0xc5c2f46201aa5353
005072,11,0,0,0,221202,0xc5c2f46201aa5353
005072,12,0,0,0,221202,0xc5c2f46201aa5353
005072,13,0,0,0,221202,0xc5c2f46201aa5353
005072,14,0,0,0,221202,0xc5c2f46201aa5353
005072,15,0,0,0,221202,0xc5c2f46201aa5353
005072,16,0,0,0,221202,0xc5c2f46201aa5353
005072,17,0,0,0,221202,0xc5c2f46201aa5353
005072,18,0,0,0,221202,0xc5c2f46201aa5353
005072,19,0,0,0,221202,0xc5c2f46201aa5353
005072,20,0,0,0,221202,0xc5c2f46201aa5353
005072,21,0,0,0,221202,0xc5c2f46201aa5353
005072,22,0,0,0,221202,0xc5c2f46201aa5353
005072,23,0,0,0,221202,0xc5c2f46201aa5353
005072,24,0,0,0,221202,0xc5c2f46201aa5353
005072,25,0,0,0,221202,0xc5c2f46201aa5353
005072,26,0,0,0,221202,0xc5c2f46201aa5353
005072,27,0,0,0,221202,0xc5c2f46201aa5353
005072,28,0,0,0,221202,0xc5c2f46201aa5353
005072,29,0,0,0,221202,0xc5c2f46201aa5353
005072,30,0,0,0,221202,0xc5c2f46201aa5353
005072,31,0,0,0,221202,0xc5c2f46201aa5353
005072,0,0,0,0,221204,0x58f1b9479c1b924e
005072,1,0,0,0,221204,0x58f1b9479c1b924e
005072,2,0,0,0,221204,0x58f1b9479c1b924e
005072,3,0,0,0,221204,0x58f1b9479c1b924e
005072,4,0,0,0,221204,0x58f1b9479c1b924e
005072,5,0,0,0,221204,0x58f1b9479c1b924e
005072,6,0,0,0,221204,0x58f1b9479c1b924e
005072,7,0,0,0,221204,0x58f1b9479c1b924e
005072,8,0,0,0,221204,0x58f1b9479c1b924e
005072,9,0,0,0,221204,0x58f1b9479c1b924e
005072,10,0,0,0,221204,0x58f1b9479c1b924e
005072,11,0,0,0,221204,0x58f1b9479c1b924e
005072,12,0,0,0,221204,0x58f1b9479c1b924e
005072,13,0,0,0,221204,0x58f1b9479c1b924e
005072,14,0,0,0,221204,0x58f1b9479c1b924e
005072,15,0,0,0,221204,0x58f1b9479c1b924e
005072,16,0,0,0,221204,0x58f1b9479c1b924e
005072,17,0,0,0,221204,0x58f1b9479c1b924e
005072,18,0,0,0,221204,0x58f1b9479c1b924e
005072,19,0,0,0,221204,0x58f1b9479c1b924e
005072,20,0,0,0,221204,0x58f1b9479c1b924e
005072,21,0,0,0,221204,0x58f1b9479c1b924e
005072,22,0,0,0,221204,0x58f1b9479c1b924e
005072,23,0,0,0,221204,0x58f1b9479c1b924e
005072,24,0,0,0,221204,0x58f1b9479c1b924e
005072,25,0,0,0,221204,0x58f1b9479c1b924e
005072,26,0,0,0,221204,0x58f1b9479c1b924e
005072,27,0,0,0,221204,0x58f1b9479c1b924e
005072,28,0,0,0,221204,0x58f1b9479c1b924e
005072,29,0,0,0,221204,0x58f1b9479c1b924e
005072,30,0,0,0,221204,0x58f1b9479c1b924e
005072,31,0,0,0,221204,0x58f1b9479c1b924e
005072,0,0,0,0,221201,0x81ca1e1a377a3175
005072,1,0,0,0,221201,0x81ca1e1a377a3175
005072,2,0,0,0,221201,0x81ca1e1a377a3175
005072,3,0,0,0,221201,0x81ca1e1a377a3175
005072,4,0,0,0,221201,0x81ca1e1a377a3175
005072,5,0,0,0,221201,0x81ca1e1a377a3175
005072,6,0,0,0,221201,0x81ca1e1a377a3175
005072,7,0,0,0,221201,0x81ca1e1a377a3175
005072,8,0,0,0,221201,0x81ca1e1a377a3175
005072,9,0,0,0,221201,0x81ca1e1a377a3175
005072,10,0,0,0,221201,0x81ca1e1a377a3175
005072,11,0,0,0,221201,0x81ca1e1a377a3175
005072,12,0,0,0,221201,0x81ca1e1a377a3175
005072,13,0,0,0,221201,0x81ca1e1a377a3175
005072,14,0,0,0,221201,0x81ca1e1a377a3175
005072,15,0,0,0,221201,0x81ca1e1a377a3175
005072,16,0,0,0,221201,0x81ca1e1a377a3175
005072,17,0,0,0,221201,0x81ca1e1a377a3175
005072,18,0,0,0,221201,0x81ca1e1a377a3175
005072,19,0,0,0,221201,0x81ca1e1a377a3175
005072,20,0,0,0,221201,0x81ca1e1a377a3175
005072,21,0,0,0,221201,0x81ca1e1a377a3175
005072,22,0,0,0,221201,0x81ca1e1a377a3175
005072,23,0,0,0,221201,0x81ca1e1a377a3175
005072,24,0,0,0,221201,0x81ca1e1a377a3175
005072,25,0,0,0,221201,0x81ca1e1a377a3175
005072,26,0,0,0,221201,0x81ca1e1a377a3175
005072,27,0,0,0,221201,0x81ca1e1a377a3175
005072,28,0,0,0,221201,0x81ca1e1a377a3175
005072,29,0,0,0,221201,0x81ca1e1a377a3175
005072,30,0,0,0,221201,0x81ca1e1a377a3175
005072,31,0,0,0,221201,0x81ca1e1a377a3175
005072,0,0,0,0,221203,0x7b92825066e70e0d
005072,1,0,0,0,221203,0x7b92825066e70e0d
005072,2,0,0,0,221203,0x7b92825066e70e0d
005072,3,0,0,0,221203,0x7b92825066e70e0d
005072,4,0,0,0,221203,0x7b92825066e70e0d
005072,5,0,0,0,221203,0x7b92825066e70e0d
005072,6,0,0,0,221203,0x7b92825066e70e0d
005072,7,0,0,0,221203,0x7b92825066e70e0d
005072,8,0,0,0,221203,0x7b92825066e70e0d
005072,9,0,0,0,221203,0x7b92825066e70e0d
005072,10,0,0,0,221203,0x7b92825066e70e0d
005072,11,0,0,0,221203,0x7b92825066e70e0d
005072,12,0,0,0,221203,0x7b92825066e70e0d
005072,13,0,0,0,221203,0x7b92825066e70e0d
005072,14,0,0,0,221203,0x7b92825066e70e0d
005072,15,0,0,0,221203,0x7b92825066e70e0d
005072,16,0,0,0,221203,0x7b92825066e70e0d
005072,17,0,0,0,221203,0x7b92825066e70e0d
005072,18,0,0,0,221203,0x7b92825066e70e0d
005072,19,0,0,0,221203,0x7b92825066e70e0d
005072,20,0,0,0,221203,0x7b92825066e70e0d
005072,21,0,0,0,221203,0x7b92825066e70e0d
005072,22,0,0,0,221203,0x7b92825066e70e0d
005072,23,0,0,0,221203,0x7b92825066e70e0d
005072,24,0,0,0,221203,0x7b92825066e70e0d
005072,25,0,0,0,221203,0x7b92825066e70e0d
005072,26,0,0,0,221203,0x7b92825066e70e0d
005072,27,0,0,0,221203,0x7b92825066e70e0d
005072,28,0,0,0,221203,0x7b92825066e70e0d
005072,29,0,0,0,221203,0x7b92825066e70e0d
005072,30,0,0,0,221203,0x7b92825066e70e0d
005072,31,0,0,0,221203,0x7b92825066e70e0d
005094,0,110,109,108,230402,0x68397d93bb6f627d
005094,0,111,110,109,230403,0x68397d93bb6f627d
005094,1,108,109,110,230402,0x68397d93bb6f627d
005094,2,105,109,108,230402,0x68397d93bb6f627d
005094,3,111,109,113,230402,0x68397d93bb6f627d
005094,4,110,109,108,230402,0x68397d93bb6f627d
005094,5,108,109,110,230402,0x68397d93bb6f627d
005094,6,105,109,108,230402,0x68397d93bb6f627d
005094,7,111,109,113,230402,0x68397d93bb6f627d
005094,1,109,110,111,230403,0x68397d93bb6f627d
005094,2,111,110,114,230403,0x68397d93bb6f627d
005094,3,106,110,108,230403,0x68397d93bb6f627d
005094,4,111,110,109,230403,0x68397d93bb6f627d
005094,5,109,110,111,230403,0x68397d93bb6f627d
005094,6,111,110,114,230403,0x68397d93bb6f627d
005094,7,106,110,108,230403,0x68397d93bb6f627d
005094,0,107,111,110,230404,0x68397d93bb6f627d
005094,0,109,108,112,230401,0x68397d93bb6f627d
005094,1,110,111,115,230404,0x68397d93bb6f627d
005094,2,108,111,110,230404,0x68397d93bb6f627d
005094,3,108,111,109,230404,0x68397d93bb6f627d
005094,4,107,111,110,230404,0x68397d93bb6f627d
005094,5,110,111,115,230404,0x68397d93bb6f627d
005094,6,108,111,110,230404,0x68397d93bb6f627d
005094,1,104,108,109,230401,0x68397d93bb6f627d
005094,7,108,111,109,230404,0x68397d93bb6f627d
005094,2,109,108,111,230401,0x68397d93bb6f627d
005094,3,110,108,111,230401,0x68397d93bb6f627d
005094,4,109,108,112,230401,0x68397d93bb6f627d
005094,5,104,108,109,230401,0x68397d93bb6f627d
005094,6,109,108,111,230401,0x68397d93bb6f627d
005094,7,110,108,111,230401,0x68397d93bb6f627d
005094,0,0,0,0,230404,0x236c35f7b83ac7a4
005094,1,0,0,0,230404,0x236c35f7b83ac7a4
005094,2,0,0,0,230404,0x236c35f7b83ac7a4
005094,3,0,0,0,230404,0x236c35f7b83ac7a4
005094,4,0,0,0,230404,0x236c35f7b83ac7a4
005094,5,0,0,0,230404,0x236c35f7b83ac7a4
005094,6,0,0,0,230404,0x236c35f7b83ac7a4
005094,7,0,0,0,230404,0x236c35f7b83ac7a4
005094,8,0,0,0,230404,0x236c35f7b83ac7a4
005094,9,0,0,0,230404,0x236c35f7b83ac7a4
005094,10,0,0,0,230404,0x236c35f7b83ac7a4
005094,11,0,0,0,230404,0x236c35f7b83ac7a4
005094,12,0,0,0,230404,0x236c35f7b83ac7a4
005094,13,0,0,0,230404,0x236c35f7b83ac7a4
005094,14,0,0,0,230404,0x236c35f7b83ac7a4
005094,15,0,0,0,230404,0x236c35f7b83ac7a4
005094,16,0,0,0,230404,0x236c35f7b83ac7a4
005094,17,0,0,0,230404,0x236c35f7b83ac7a4
005094,18,0,0,0,230404,0x236c35f7b83ac7a4
005094,19,0,0,0,230404,0x236c35f7b83ac7a4
005094,20,0,0,0,230404,0x236c35f7b83ac7a4
005094,21,0,0,0,230404,0x236c35f7b83ac7a4
005094,22,0,0,0,230404,0x236c35f7b83ac7a4
005094,23,0,0,0,230404,0x236c35f7b83ac7a4
005094,24,0,0,0,230404,0x236c35f7b83ac7a4
005094,25,0,0,0,230404,0x236c35f7b83ac7a4
005094,26,0,0,0,230404,0x236c35f7b83ac7a4
005094,27,0,0,0,230404,0x236c35f7b83ac7a4
005094,28,0,0,0,230404,0x236c35f7b83ac7a4
005094,29,0,0,0,230404,0x236c35f7b83ac7a4
005094,30,0,0,0,230404,0x236c35f7b83ac7a4
005094,31,0,0,0,230404,0x236c35f7b83ac7a4
005094,0,0,0,0,230402,0xe22de4dae7f08d53
005094,1,0,0,0,230402,0xe22de4dae7f08d53
005094,2,0,0,0,230402,0xe22de4dae7f08d53
005094,3,0,0,0,230402,0xe22de4dae7f08d53
005094,4,0,0,0,230402,0xe22de4dae7f08d53
005094,5,0,0,0,230402,0xe22de4dae7f08d53
005094,6,0,0,0,230402,0xe22de4dae7f08d53
005094,7,0,0,0,230402,0xe22de4dae7f08d53
005094,8,0,0,0,230402,0xe22de4dae7f08d53
005094,9,0,0,0,230402,0xe22de4dae7f08d53
005094,10,0,0,0,230402,0xe22de4dae7f08d53
005094,11,0,0,0,230402,0xe22de4dae7f08d53
005094,12,0,0,0,230402,0xe22de4dae7f08d53
005094,13,0,0,0,230402,0xe22de4dae7f08d53
005094,14,0,0,0,230402,0xe22de4dae7f08d53
005094,15,0,0,0,230402,0xe22de4dae7f08d53
005094,16,0,0,0,230402,0xe22de4dae7f08d53
005094,17,0,0,0,230402,0xe22de4dae7f08d53
005094,18,0,0,0,230402,0xe22de4dae7f08d53
005094,19,0,0,0,230402,0xe22de4dae7f08d53
005094,20,0,0,0,230402,0xe22de4dae7f08d53
005094,21,0,0,0,230402,0xe22de4dae7f08d53
005094,22,0,0,0,230402,0xe22de4dae7f08d53
005094,23,0,0,0,230402,0xe22de4dae7f08d53
005094,24,0,0,0,230402,0xe22de4dae7f08d53
005094,25,0,0,0,230402,0xe22de4dae7f08d53
005094,26,0,0,0,230402,0xe22de4dae7f08d53
005094,27,0,0,0,230402,0xe22de4dae7f08d53
005094,28,0,0,0,230402,0xe22de4dae7f08d53
005094,29,0,0,0,230402,0xe22de4dae7f08d53
005094,30,0,0,0,230402,0xe22de4dae7f08d53
005094,31,0,0,0,230402,0xe22de4dae7f08d53
005094,0,0,0,0,230403,0xb553995ce6c9c1be
005094,1,0,0,0,230403,0xb553995ce6c9c1be
005094,2,0,0,0,230403,0xb553995ce6c9c1be
005094,3,0,0,0,230403,0xb553995ce6c9c1be
005094,4,0,0,0,230403,0xb553995ce6c9c1be
005094,5,0,0,0,230403,0xb553995ce6c9c1be
005094,6,0,0,0,230403,0xb553995ce6c9c1be
005094,7,0,0,0,230403,0xb553995ce6c9c1be
005094,8,0,0,0,230403,0xb553995ce6c9c1be
005094,9,0,0,0,230403,0xb553995ce6c9c1be
005094,10,0,0,0,230403,0xb553995ce6c9c1be
005094,11,0,0,0,230403,0xb553995ce6c9c1be
005094,12,0,0,0,230403,0xb553995ce6c9c1be
005094,13,0,0,0,230403,0xb553995ce6c9c1be
005094,14,0,0,0,230403,0xb553995ce6c9c1be
005094,15,0,0,0,230403,0xb553995ce6c9c1be
005094,16,0,0,0,230403,0xb553995ce6c9c1be
005094,17,0,0,0,230403,0xb553995ce6c9c1be
005094,18,0,0,0,230403,0xb553995ce6c9c1be
005094,19,0,0,0,230403,0xb553995ce6c9c1be
005094,20,0,0,0,230403,0xb553995ce6c9c1be
005094,21,0,0,0,230403,0xb553995ce6c9c1be
005094,22,0,0,0,230403,0xb553995ce6c9c1be
005094,23,0,0,0,230403,0xb553995ce6c9c1be
005094,24,0,0,0,230403,0xb553995ce6c9c1be
005094,25,0,0,0,230403,0xb553995ce6c9c1be
005094,26,0,0,0,230403,0xb553995ce6c9c1be
005094,27,0,0,0,230403,0xb553995ce6c9c1be
005094,28,0,0,0,230403,0xb553995ce6c9c1be
005094,29,0,0,0,230403,0xb553995ce6c9c1be
005094,30,0,0,0,230403,0xb553995ce6c9c1be
005094,31,0,0,0,230403,0xb553995ce6c9c1be
005094,0,0,0,0,230401,0xc72304c4b8561453
005094,1,0,0,0,230401,0xc72304c4b8561453
005094,2,0,0,0,230401,0xc72304c4b8561453
005094,3,0,0,0,230401,0xc72304c4b8561453
005094,4,0,0,0,230401,0xc72304c4b8561453
005094,5,0,0,0,230401,0xc72304c4b8561453
005094,6,0,0,0,230401,0xc72304c4b8561453
005094,7,0,0,0,230401,0xc72304c4b8561453
005094,8,0,0,0,230401,0xc72304c4b8561453
005094,9,0,0,0,230401,0xc72304c4b8561453
005094,10,0,0,0,230401,0xc72304c4b8561453
005094,11,0,0,0,230401,0xc72304c4b8561453
005094,12,0,0,0,230401,0xc72304c4b8561453
005094,13,0,0,0,230401,0xc72304c4b8561453
005094,14,0,0,0,230401,0xc72304c4b8561453
005094,15,0,0,0,230401,0xc72304c4b8561453
005094,16,0,0,0,230401,0xc72304c4b8561453
005094,17,0,0,0,230401,0xc72304c4b8561453
005094,18,0,0,0,230401,0xc72304c4b8561453
005094,19,0,0,0,230401,0xc72304c4b8561453
005094,20,0,0,0,230401,0xc72304c4b8561453
005094,21,0,0,0,230401,0xc72304c4b8561453
005094,22,0,0,0,230401,0xc72304c4b8561453
005094,23,0,0,0,230401,0xc72304c4b8561453
005094,24,0,0,0,230401,0xc72304c4b8561453
005094,25,0,0,0,230401,0xc72304c4b8561453
005094,26,0,0,0,230401,0xc72304c4b8561453
005094,27,0,0,0,230401,0xc72304c4b8561453
005094,28,0,0,0,230401,0xc72304c4b8561453
005094,29,0,0,0,230401,0xc72304c4b8561453
005094,30,0,0,0,230401,0xc72304c4b8561453
005094,31,0,0,0,230401,0xc72304c4b8561453
005094,0,109,108,112,230401,0xe7d12636594460c0
005094,1,104,108,109,230401,0xe7d12636594460c0
005094,2,109,108,111,230401,0xe7d12636594460c0
005094,3,110,108,111,230401,0xe7d12636594460c0
005094,4,109,108,112,230401,0xe7d12636594460c0
005094,5,104,108,109,230401,0xe7d12636594460c0
005094,6,109,108,111,230401,0xe7d12636594460c0
005094,7,110,108,111,230401,0xe7d12636594460c0
005094,0,110,109,108,230402,0xe7d12636594460c0
005094,1,108,109,110,230402,0xe7d12636594460c0
005094,2,105,109,108,230402,0xe7d12636594460c0
005094,3,111,109,113,230402,0xe7d12636594460c0
005094,4,110,109,108,230402,0xe7d12636594460c0
005094,5,108,109,110,230402,0xe7d12636594460c0
005094,6,105,109,108,230402,0xe7d12636594460c0
005094,7,111,109,113,230402,0xe7d12636594460c0
005094,0,111,110,109,230403,0xe7d12636594460c0
005094,1,109,110,111,230403,0xe7d12636594460c0
005094,2,111,110,114,230403,0xe7d12636594460c0
005094,3,106,110,108,230403,0xe7d12636594460c0
005094,4,111,110,109,230403,0xe7d12636594460c0
005094,5,109,110,111,230403,0xe7d12636594460c0
005094,6,111,110,114,230403,0xe7d12636594460c0
005094,7,106,110,108,230403,0xe7d12636594460c0
005094,0,107,111,110,230404,0xe7d12636594460c0
005094,1,110,111,115,230404,0xe7d12636594460c0
005094,2,108,111,110,230404,0xe7d12636594460c0
005094,3,108,111,109,230404,0xe7d12636594460c0
005094,4,107,111,110,230404,0xe7d12636594460c0
005094,5,110,111,115,230404,0xe7d12636594460c0
005094,6,108,111,110,230404,0xe7d12636594460c0
005094,7,108,111,109,230404,0xe7d12636594460c0
005094,0,0,0,0,230404,0xc21ce62c931b90a0
005094,1,0,0,0,230404,0xc21ce62c931b90a0
005094,2,0,0,0,230404,0xc21ce62c931b90a0
005094,3,0,0,0,230404,0xc21ce62c931b90a0
005094,4,0,0,0,230404,0xc21ce62c931b90a0
005094,5,0,0,0,230404,0xc21ce62c931b90a0
005094,6,0,0,0,230404,0xc21ce62c931b90a0
005094,7,0,0,0,230404,0xc21ce62c931b90a0
005094,8,0,0,0,230404,0xc21ce62c931b90a0
005094,9,0,0,0,230404,0xc21ce62c931b90a0
005094,10,0,0,0,230404,0xc21ce62c931b90a0
005094,11,0,0,0,230404,0xc21ce62c931b90a0
005094,12,0,0,0,230404,0xc21ce62c931b90a0
005094,13,0,0,0,230404,0xc21ce62c931b90a0
005094,14,0,0,0,230404,0xc21ce62c931b90a0
005094,15,0,0,0,230404,0xc21ce62c931b90a0
005094,16,0,0,0,230404,0xc21ce62c931b90a0
005094,17,0,0,0,230404,0xc21ce62c931b90a0
005094,18,0,0,0,230404,0xc21ce62c931b90a0
005094,19,0,0,0,230404,0xc21ce62c931b90a0
005094,20,0,0,0,230404,0xc21ce62c931b90a0
005094,21,0,0,0,230404,0xc21ce62c931b90a0
005094,22,0,0,0,230404,0xc21ce62c931b90a0
005094,23,0,0,0,230404,0xc21ce62c931b90a0
005094,24,0,0,0,230404,0xc21ce62c931b90a0
005094,25,0,0,0,230404,0xc21ce62c931b90a0
005094,26,0,0,0,230404,0xc21ce62c931b90a0
005094,27,0,0,0,230404,0xc21ce62c931b90a0
005094,28,0,0,0,230404,0xc21ce62c931b90a0
005094,29,0,0,0,230404,0xc21ce62c931b90a0
005094,30,0,0,0,230404,0xc21ce62c931b90a0
005094,31,0,0,0,230404,0xc21ce62c931b90a0
005094,0,0,0,0,230402,0xc82f7341f0a4886a
005094,1,0,0,0,230402,0xc82f7341f0a4886a
005094,2,0,0,0,230402,0xc82f7341f0a4886a
005094,3,0,0,0,230402,0xc82f7341f0a4886a
005094,4,0,0,0,230402,0xc82f7341f0a4886a
005094,5,0,0,0,230402,0xc82f7341f0a4886a
005094,6,0,0,0,230402,0xc82f7341f0a4886a
005094,7,0,0,0,230402,0xc82f7341f0a4886a
005094,8,0,0,0,230402,0xc82f7341f0a4886a
005094,9,0,0,0,230402,0xc82f7341f0a4886a
005094,10,0,0,0,230402,0xc82f7341f0a4886a
005094,11,0,0,0,230402,0xc82f7341f0a4886a
005094,12,0,0,0,230402,0xc82f7341f0a4886a
005094,13,0,0,0,230402,0xc82f7341f0a4886a
005094,14,0,0,0,230402,0xc82f7341f0a4886a
005094,15,0,0,0,230402,0xc82f7341f0a4886a
005094,16,0,0,0,230402,0xc82f7341f0a4886a
005094,17,0,0,0,230402,0xc82f7341f0a4886a
005094,18,0,0,0,230402,0xc82f7341f0a4886a
005094,19,0,0,0,230402,0xc82f7341f0a4886a
005094,20,0,0,0,230402,0xc82f7341f0a4886a
005094,21,0,0,0,230402,0xc82f7341f0a4886a
005094,22,0,0,0,230402,0xc82f7341f0a4886a
005094,23,0,0,0,230402,0xc82f7341f0a4886a
005094,24,0,0,0,230402,0xc82f7341f0a4886a
005094,25,0,0,0,230402,0xc82f7341f0a4886a
005094,26,0,0,0,230402,0xc82f7341f0a4886a
005094,27,0,0,0,230402,0xc82f7341f0a4886a
005094,28,0,0,0,230402,0xc82f7341f0a4886a
005094,29,0,0,0,230402,0xc82f7341f0a4886a
005094,30,0,0,0,230402,0xc82f7341f0a4886a
005094,31,0,0,0,230402,0xc82f7341f0a4886a
005094,0,0,0,0,230401,0x209f30401b92f33
005094,1,0,0,0,230401,0x209f30401b92f33
005094,2,0,0,0,230401,0x209f30401b92f33
005094,3,0,0,0,230401,0x209f30401b92f33
005094,4,0,0,0,230401,0x209f30401b92f33
005094,5,0,0,0,230401,0x209f30401b92f33
005094,6,0,0,0,230401,0x209f30401b92f33
005094,7,0,0,0,230401,0x209f30401b92f33
005094,8,0,0,0,230401,0x209f30401b92f33
005094,9,0,0,0,230401,0x209f30401b92f33
005094,10,0,0,0,230401,0x209f30401b92f33
005094,11,0,0,0,230401,0x209f30401b92f33
005094,12,0,0,0,230401,0x209f30401b92f33
005094,13,0,0,0,230401,0x209f30401b92f33
005094,14,0,0,0,230401,0x209f30401b92f33
005094,15,0,0,0,230401,0x209f30401b92f33
005094,16,0,0,0,230401,0x209f30401b92f33
005094,17,0,0,0,230401,0x209f30401b92f33
005094,18,0,0,0,230401,0x209f30401b92f33
005094,19,0,0,0,230401,0x209f30401b92f33
005094,20,0,0,0,230401,0x209f30401b92f33
005094,21,0,0,0,230401,0x209f30401b92f33
005094,22,0,0,0,230401,0x209f30401b92f33
005094,23,0,0,0,230401,0x209f30401b92f33
005094,24,0,0,0,230401,0x209f30401b92f33
005094,25,0,0,0,230401,0x209f30401b92f33
005094,26,0,0,0,230401,0x209f30401b92f33
005094,27,0,0,0,230401,0x209f30401b92f33
005094,28,0,0,0,230401,0x209f30401b92f33
005094,29,0,0,0,230401,0x209f30401b92f33
005094,30,0,0,0,230401,0x209f30401b92f33
005094,31,0,0,0,230401,0x209f30401b92f33
005094,0,0,0,0,230403,0x87becedfd9ebf3f6
005094,1,0,0,0,230403,0x87becedfd9ebf3f6
005094,2,0,0,0,230403,0x87becedfd9ebf3f6
005094,3,0,0,0,230403,0x87becedfd9ebf3f6
005094,4,0,0,0,230403,0x87becedfd9ebf3f6
005094,5,0,0,0,230403,0x87becedfd9ebf3f6
005094,6,0,0,0,230403,0x87becedfd9ebf3f6
005094,7,0,0,0,230403,0x87becedfd9ebf3f6
005094,8,0,0,0,230403,0x87becedfd9ebf3f6
005094,9,0,0,0,230403,0x87becedfd9ebf3f6
005094,10,0,0,0,230403,0x87becedfd9ebf3f6
005094,11,0,0,0,230403,0x87becedfd9ebf3f6
005094,12,0,0,0,230403,0x87becedfd9ebf3f6
005094,13,0,0,0,230403,0x87becedfd9ebf3f6
005094,14,0,0,0,230403,0x87becedfd9ebf3f6
005094,15,0,0,0,230403,0x87becedfd9ebf3f6
005094,16,0,0,0,230403,0x87becedfd9ebf3f6
005094,17,0,0,0,230403,0x87becedfd9ebf3f6
005094,18,0,0,0,230403,0x87becedfd9ebf3f6
005094,19,0,0,0,230403,0x87becedfd9ebf3f6
005094,20,0,0,0,230403,0x87becedfd9ebf3f6
005094,21,0,0,0,230403,0x87becedfd9ebf3f6
005094,22,0,0,0,230403,0x87becedfd9ebf3f6
005094,23,0,0,0,230403,0x87becedfd9ebf3f6
005094,24,0,0,0,230403,0x87becedfd9ebf3f6
005094,25,0,0,0,230403,0x87becedfd9ebf3f6
005094,26,0,0,0,230403,0x87becedfd9ebf3f6
005094,27,0,0,0,230403,0x87becedfd9ebf3f6
005094,28,0,0,0,230403,0x87becedfd9ebf3f6
005094,29,0,0,0,230403,0x87becedfd9ebf3f6
005094,30,0,0,0,230403,0x87becedfd9ebf3f6
005094,31,0,0,0,230403,0x87becedfd9ebf3f6
005065,0,27,31,30,223285,0x68397d93bb6f627d
005065,1,30,31,35,223285,0x68397d93bb6f627d
005065,2,28,31,30,223285,0x68397d93bb6f627d
005065,3,28,31,29,223285,0x68397d93bb6f627d
005065,4,27,31,30,223285,0x68397d93bb6f627d
005065,5,30,31,35,223285,0x68397d93bb6f627d
005065,6,28,31,30,223285,0x68397d93bb6f627d
005065,7,28,31,29,223285,0x68397d93bb6f627d
005065,0,31,30,29,223284,0x68397d93bb6f627d
005065,1,29,30,31,223284,0x68397d93bb6f627d
005065,2,31,30,34,223284,0x68397d93bb6f627d
005065,3,26,30,28,223284,0x68397d93bb6f627d
005065,4,31,30,29,223284,0x68397d93bb6f627d
005065,5,29,30,31,223284,0x68397d93bb6f627d
005065,6,31,30,34,223284,0x68397d93bb6f627d
005065,7,26,30,28,223284,0x68397d93bb6f627d
005065,0,30,29,28,223283,0x68397d93bb6f627d
005065,0,29,28,32,223282,0x68397d93bb6f627d
005065,1,28,29,30,223283,0x68397d93bb6f627d
005065,2,25,29,28,223283,0x68397d93bb6f627d
005065,3,31,29,33,223283,0x68397d93bb6f627d
005065,1,24,28,29,223282,0x68397d93bb6f627d
005065,4,30,29,28,223283,0x68397d93bb6f627d
005065,2,29,28,31,223282,0x68397d93bb6f627d
005065,5,28,29,30,223283,0x68397d93bb6f627d
005065,3,30,28,31,223282,0x68397d93bb6f627d
005065,6,25,29,28,223283,0x68397d93bb6f627d
005065,4,29,28,32,223282,0x68397d93bb6f627d
005065,5,24,28,29,223282,0x68397d93bb6f627d
005065,7,31,29,33,223283,0x68397d93bb6f627d
005065,6,29,28,31,223282,0x68397d93bb6f627d
005065,7,30,28,31,223282,0x68397d93bb6f627d
005065,0,0,0,0,223284,0x33df5f052f00e090
005065,1,0,0,0,223284,0x33df5f052f00e090
005065,2,0,0,0,223284,0x33df5f052f00e090
005065,3,0,0,0,223284,0x33df5f052f00e090
005065,4,0,0,0,223284,0x33df5f052f00e090
005065,5,0,0,0,223284,0x33df5f052f00e090
005065,6,0,0,0,223284,0x33df5f052f00e090
005065,7,0,0,0,223284,0x33df5f052f00e090
005065,8,0,0,0,223284,0x33df5f052f00e090
005065,9,0,0,0,223284,0x33df5f052f00e090
005065,10,0,0,0,223284,0x33df5f052f00e090
005065,11,0,0,0,223284,0x33df5f052f00e090
005065,12,0,0,0,223284,0x33df5f052f00e090
005065,13,0,0,0,223284,0x33df5f052f00e090
005065,14,0,0,0,223284,0x33df5f052f00e090
005065,15,0,0,0,223284,0x33df5f052f00e090
005065,16,0,0,0,223284,0x33df5f052f00e090
005065,17,0,0,0,223284,0x33df5f052f00e090
005065,18,0,0,0,223284,0x33df5f052f00e090
005065,19,0,0,0,223284,0x33df5f052f00e090
005065,20,0,0,0,223284,0x33df5f052f00e090
005065,21,0,0,0,223284,0x33df5f052f00e090
005065,22,0,0,0,223284,0x33df5f052f00e090
005065,23,0,0,0,223284,0x33df5f052f00e090
005065,24,0,0,0,223284,0x33df5f052f00e090
005065,25,0,0,0,223284,0x33df5f052f00e090
005065,26,0,0,0,223284,0x33df5f052f00e090
005065,27,0,0,0,223284,0x33df5f052f00e090
005065,28,0,0,0,223284,0x33df5f052f00e090
005065,29,0,0,0,223284,0x33df5f052f00e090
005065,30,0,0,0,223284,0x33df5f052f00e090
005065,31,0,0,0,223284,0x33df5f052f00e090
005065,0,0,0,0,223283,0xe75cc7414fd500f2
005065,1,0,0,0,223283,0xe75cc7414fd500f2
005065,2,0,0,0,223283,0xe75cc7414fd500f2
005065,3,0,0,0,223283,0xe75cc7414fd500f2
005065,4,0,0,0,223283,0xe75cc7414fd500f2
005065,5,0,0,0,223283,0xe75cc7414fd500f2
005065,6,0,0,0,223283,0xe75cc7414fd500f2
005065,7,0,0,0,223283,0xe75cc7414fd500f2
005065,8,0,0,0,223283,0xe75cc7414fd500f2
005065,9,0,0,0,223283,0xe75cc7414fd500f2
005065,10,0,0,0,223283,0xe75cc7414fd500f2
005065,11,0,0,0,223283,0xe75cc7414fd500f2
005065,12,0,0,0,223283,0xe75cc7414fd500f2
005065,13,0,0,0,223283,0xe75cc7414fd500f2
005065,14,0,0,0,223283,0xe75cc7414fd500f2
005065,15,0,0,0,223283,0xe75cc7414fd500f2
005065,16,0,0,0,223283,0xe75cc7414fd500f2
005065,17,0,0,0,223283,0xe75cc7414fd500f2
005065,18,0,0,0,223283,0xe75cc7414fd500f2
005065,19,0,0,0,223283,0xe75cc7414fd500f2
005065,20,0,0,0,223283,0xe75cc7414fd500f2
005065,21,0,0,0,223283,0xe75cc7414fd500f2
005065,22,0,0,0,223283,0xe75cc7414fd500f2
005065,23,0,0,0,223283,0xe75cc7414fd500f2
005065,24,0,0,0,223283,0xe75cc7414fd500f2
005065,25,0,0,0,223283,0xe75cc7414fd500f2
005065,26,0,0,0,223283,0xe75cc7414fd500f2
005065,27,0,0,0,223283,0xe75cc7414fd500f2
005065,28,0,0,0,223283,0xe75cc7414fd500f2
005065,29,0,0,0,223283,0xe75cc7414fd500f2
005065,30,0,0,0,223283,0xe75cc7414fd500f2
005065,31,0,0,0,223283,0xe75cc7414fd500f2
005065,0,0,0,0,223285,0x89fb658af53638a6
005065,1,0,0,0,223285,0x89fb658af53638a6
005065,2,0,0,0,223285,0x89fb658af53638a6
005065,3,0,0,0,223285,0x89fb658af53638a6
005065,4,0,0,0,223285,0x89fb658af53638a6
005065,5,0,0,0,223285,0x89fb658af53638a6
005065,6,0,0,0,223285,0x89fb658af53638a6
005065,7,0,0,0,223285,0x89fb658af53638a6
005065,8,0,0,0,223285,0x89fb658af53638a6
005065,9,0,0,0,223285,0x89fb658af53638a6
005065,10,0,0,0,223285,0x89fb658af53638a6
005065,11,0,0,0,223285,0x89fb658af53638a6
005065,12,0,0,0,223285,0x89fb658af53638a6
005065,13,0,0,0,223285,0x89fb658af53638a6
005065,14,0,0,0,223285,0x89fb658af53638a6
005065,15,0,0,0,223285,0x89fb658af53638a6
005065,16,0,0,0,223285,0x89fb658af53638a6
005065,17,0,0,0,223285,0x89fb658af53638a6
005065,18,0,0,0,223285,0x89fb658af53638a6
005065,19,0,0,0,223285,0x89fb658af53638a6
005065,20,0,0,0,223285,0x89fb658af53638a6
005065,21,0,0,0,223285,0x89fb658af53638a6
005065,22,0,0,0,223285,0x89fb658af53638a6
005065,23,0,0,0,223285,0x89fb658af53638a6
005065,24,0,0,0,223285,0x89fb658af53638a6
005065,25,0,0,0,223285,0x89fb658af53638a6
005065,26,0,0,0,223285,0x89fb658af53638a6
005065,27,0,0,0,223285,0x89fb658af53638a6
005065,28,0,0,0,223285,0x89fb658af53638a6
005065,29,0,0,0,223285,0x89fb658af53638a6
005065,30,0,0,0,223285,0x89fb658af53638a6
005065,31,0,0,0,223285,0x89fb658af53638a6
005065,0,0,0,0,223282,0x4499bad71aa23f46
005065,1,0,0,0,223282,0x4499bad71aa23f46
005065,2,0,0,0,223282,0x4499bad71aa23f46
005065,3,0,0,0,223282,0x4499bad71aa23f46
005065,4,0,0,0,223282,0x4499bad71aa23f46
005065,5,0,0,0,223282,0x4499bad71aa23f46
005065,6,0,0,0,223282,0x4499bad71aa23f46
005065,7,0,0,0,223282,0x4499bad71aa23f46
005065,8,0,0,0,223282,0x4499bad71aa23f46
005065,9,0,0,0,223282,0x4499bad71aa23f46
005065,10,0,0,0,223282,0x4499bad71aa23f46
005065,11,0,0,0,223282,0x4499bad71aa23f46
005065,12,0,0,0,223282,0x4499bad71aa23f46
005065,13,0,0,0,223282,0x4499bad71aa23f46
005065,14,0,0,0,223282,0x4499bad71aa23f46
005065,15,0,0,0,223282,0x4499bad71aa23f46
005065,16,0,0,0,223282,0x4499bad71aa23f46
005065,17,0,0,0,223282,0x4499bad71aa23f46
005065,18,0,0,0,223282,0x4499bad71aa23f46
005065,19,0,0,0,223282,0x4499bad71aa23f46
005065,20,0,0,0,223282,0x4499bad71aa23f46
005065,21,0,0,0,223282,0x4499bad71aa23f46
005065,22,0,0,0,223282,0x4499bad71aa23f46
005065,23,0,0,0,223282,0x4499bad71aa23f46
005065,24,0,0,0,223282,0x4499bad71aa23f46
005065,25,0,0,0,223282,0x4499bad71aa23f46
005065,26,0,0,0,223282,0x4499bad71aa23f46
005065,27,0,0,0,223282,0x4499bad71aa23f46
005065,28,0,0,0,223282,0x4499bad71aa23f46
005065,29,0,0,0,223282,0x4499bad71aa23f46
005065,30,0,0,0,223282,0x4499bad71aa23f46
005065,31,0,0,0,223282,0x4499bad71aa23f46
005065,0,27,31,30,223285,0xe7d12636594460c0
005065,1,30,31,35,223285,0xe7d12636594460c0
005065,0,31,30,29,223284,0xe7d12636594460c0
005065,2,28,31,30,223285,0xe7d12636594460c0
005065,3,28,31,29,223285,0xe7d12636594460c0
005065,4,27,31,30,223285,0xe7d12636594460c0
005065,5,30,31,35,223285,0xe7d12636594460c0
005065,6,28,31,30,223285,0xe7d12636594460c0
005065,7,28,31,29,223285,0xe7d12636594460c0
005065,1,29,30,31,223284,0xe7d12636594460c0
005065,2,31,30,34,223284,0xe7d12636594460c0
005065,3,26,30,28,223284,0xe7d12636594460c0
005065,4,31,30,29,223284,0xe7d12636594460c0
005065,5,29,30,31,223284,0xe7d12636594460c0
005065,6,31,30,34,223284,0xe7d12636594460c0
005065,7,26,30,28,223284,0xe7d12636594460c0
005065,0,30,29,28,223283,0xe7d12636594460c0
005065,0,29,28,32,223282,0xe7d12636594460c0
005065,1,28,29,30,223283,0xe7d12636594460c0
005065,2,25,29,28,223283,0xe7d12636594460c0
005065,3,31,29,33,223283,0xe7d12636594460c0
005065,4,30,29,28,223283,0xe7d12636594460c0
005065,1,24,28,29,223282,0xe7d12636594460c0
005065,5,28,29,30,223283,0xe7d12636594460c0
005065,2,29,28,31,223282,0xe7d12636594460c0
005065,6,25,29,28,223283,0xe7d12636594460c0
005065,7,31,29,33,223283,0xe7d12636594460c0
005065,3,30,28,31,223282,0xe7d12636594460c0
005065,4,29,28,32,223282,0xe7d12636594460c0
005065,5,24,28,29,223282,0xe7d12636594460c0
005065,6,29,28,31,223282,0xe7d12636594460c0
005065,7,30,28,31,223282,0xe7d12636594460c0
005065,0,0,0,0,223285,0x28d598acba93c97f
005065,1,0,0,0,223285,0x28d598acba93c97f
005065,2,0,0,0,223285,0x28d598acba93c97f
005065,3,0,0,0,223285,0x28d598acba93c97f
005065,4,0,0,0,223285,0x28d598acba93c97f
005065,5,0,0,0,223285,0x28d598acba93c97f
005065,6,0,0,0,223285,0x28d598acba93c97f
005065,7,0,0,0,223285,0x28d598acba93c97f
005065,8,0,0,0,223285,0x28d598acba93c97f
005065,9,0,0,0,223285,0x28d598acba93c97f
005065,10,0,0,0,223285,0x28d598acba93c97f
005065,11,0,0,0,223285,0x28d598acba93c97f
005065,12,0,0,0,223285,0x28d598acba93c97f
005065,13,0,0,0,223285,0x28d598acba93c97f
005065,14,0,0,0,223285,0x28d598acba93c97f
005065,15,0,0,0,223285,0x28d598acba93c97f
005065,16,0,0,0,223285,0x28d598acba93c97f
005065,17,0,0,0,223285,0x28d598acba93c97f
005065,18,0,0,0,223285,0x28d598acba93c97f
005065,19,0,0,0,223285,0x28d598acba93c97f
005065,20,0,0,0,223285,0x28d598acba93c97f
005065,21,0,0,0,223285,0x28d598acba93c97f
005065,22,0,0,0,223285,0x28d598acba93c97f
005065,23,0,0,0,223285,0x28d598acba93c97f
005065,24,0,0,0,223285,0x28d598acba93c97f
005065,25,0,0,0,223285,0x28d598acba93c97f
005065,26,0,0,0,223285,0x28d598acba93c97f
005065,27,0,0,0,223285,0x28d598acba93c97f
005065,28,0,0,0,223285,0x28d598acba93c97f
005065,29,0,0,0,223285,0x28d598acba93c97f
005065,30,0,0,0,223285,0x28d598acba93c97f
005065,31,0,0,0,223285,0x28d598acba93c97f
005065,0,0,0,0,223282,0xa4cb0c2cecd93bb5
005065,1,0,0,0,223282,0xa4cb0c2cecd93bb5
005065,2,0,0,0,223282,0xa4cb0c2cecd93bb5
005065,3,0,0,0,223282,0xa4cb0c2cecd93bb5
005065,4,0,0,0,223282,0xa4cb0c2cecd93bb5
005065,5,0,0,0,223282,0xa4cb0c2cecd93bb5
005065,6,0,0,0,223282,0xa4cb0c2cecd93bb5
005065,7,0,0,0,223282,0xa4cb0c2cecd93bb5
005065,8,0,0,0,223282,0xa4cb0c2cecd93bb5
005065,9,0,0,0,223282,0xa4cb0c2cecd93bb5
005065,10,0,0,0,223282,0xa4cb0c2cecd93bb5
005065,11,0,0,0,223282,0xa4cb0c2cecd93bb5
005065,12,0,0,0,223282,0xa4cb0c2cecd93bb5
005065,13,0,0,0,223282,0xa4cb0c2cecd93bb5
005065,14,0,0,0,223282,0xa4cb0c2cecd93bb5
005065,15,0,0,0,223282,0xa4cb0c2cecd93bb5
005065,16,0,0,0,223282,0xa4cb0c2cecd93bb5
005065,17,0,0,0,223282,0xa4cb0c2cecd93bb5
005065,18,0,0,0,223282,0xa4cb0c2cecd93bb5
005065,19,0,0,0,223282,0xa4cb0c2cecd93bb5
005065,20,0,0,0,223282,0xa4cb0c2cecd93bb5
005065,21,0,0,0,223282,0xa4cb0c2cecd93bb5
005065,22,0,0,0,223282,0xa4cb0c2cecd93bb5
005065,23,0,0,0,223282,0xa4cb0c2cecd93bb5
005065,24,0,0,0,223282,0xa4cb0c2cecd93bb5
005065,25,0,0,0,223282,0xa4cb0c2cecd93bb5
005065,26,0,0,0,223282,0xa4cb0c2cecd93bb5
005065,27,0,0,0,223282,0xa4cb0c2cecd93bb5
005065,28,0,0,0,223282,0xa4cb0c2cecd93bb5
005065,29,0,0,0,223282,0xa4cb0c2cecd93bb5
005065,30,0,0,0,223282,0xa4cb0c2cecd93bb5
005065,31,0,0,0,223282,0xa4cb0c2cecd93bb5
005065,0,0,0,0,223284,0x87930a21e222f9af
005065,1,0,0,0,223284,0x87930a21e222f9af
005065,2,0,0,0,223284,0x87930a21e222f9af
005065,3,0,0,0,223284,0x87930a21e222f9af
005065,4,0,0,0,223284,0x87930a21e222f9af
005065,5,0,0,0,223284,0x87930a21e222f9af
005065,6,0,0,0,223284,0x87930a21e222f9af
005065,7,0,0,0,223284,0x87930a21e222f9af
005065,8,0,0,0,223284,0x87930a21e222f9af
005065,9,0,0,0,223284,0x87930a21e222f9af
005065,10,0,0,0,223284,0x87930a21e222f9af
005065,11,0,0,0,223284,0x87930a21e222f9af
005065,12,0,0,0,223284,0x87930a21e222f9af
005065,13,0,0,0,223284,0x87930a21e222f9af
005065,14,0,0,0,223284,0x87930a21e222f9af
005065,15,0,0,0,223284,0x87930a21e222f9af
005065,16,0,0,0,223284,0x87930a21e222f9af
005065,17,0,0,0,223284,0x87930a21e222f9af
005065,18,0,0,0,223284,0x87930a21e222f9af
005065,19,0,0,0,223284,0x87930a21e222f9af
005065,20,0,0,0,223284,0x87930a21e222f9af
005065,21,0,0,0,223284,0x87930a21e222f9af
005065,22,0,0,0,223284,0x87930a21e222f9af
005065,23,0,0,0,223284,0x87930a21e222f9af
005065,24,0,0,0,223284,0x87930a21e222f9af
005065,25,0,0,0,223284,0x87930a21e222f9af
005065,26,0,0,0,223284,0x87930a21e222f9af
005065,27,0,0,0,223284,0x87930a21e222f9af
005065,28,0,0,0,223284,0x87930a21e222f9af
005065,29,0,0,0,223284,0x87930a21e222f9af
005065,30,0,0,0,223284,0x87930a21e222f9af
005065,31,0,0,0,223284,0x87930a21e222f9af
005065,0,0,0,0,223283,0x162fc8b6250953f5
005065,1,0,0,0,223283,0x162fc8b6250953f5
005065,2,0,0,0,223283,0x162fc8b6250953f5
005065,3,0,0,0,223283,0x162fc8b6250953f5
005065,4,0,0,0,223283,0x162fc8b6250953f5
005065,5,0,0,0,223283,0x162fc8b6250953f5
005065,6,0,0,0,223283,0x162fc8b6250953f5
005065,7,0,0,0,223283,0x162fc8b6250953f5
005065,8,0,0,0,223283,0x162fc8b6250953f5
005065,9,0,0,0,223283,0x162fc8b6250953f5
005065,10,0,0,0,223283,0x162fc8b6250953f5
005065,11,0,0,0,223283,0x162fc8b6250953f5
005065,12,0,0,0,223283,0x162fc8b6250953f5
005065,13,0,0,0,223283,0x162fc8b6250953f5
005065,14,0,0,0,223283,0x162fc8b6250953f5
005065,15,0,0,0,223283,0x162fc8b6250953f5
005065,16,0,0,0,223283,0x162fc8b6250953f5
005065,17,0,0,0,223283,0x162fc8b6250953f5
005065,18,0,0,0,223283,0x162fc8b6250953f5
005065,19,0,0,0,223283,0x162fc8b6250953f5
005065,20,0,0,0,223283,0x162fc8b6250953f5
005065,21,0,0,0,223283,0x162fc8b6250953f5
005065,22,0,0,0,223283,0x162fc8b6250953f5
005065,23,0,0,0,223283,0x162fc8b6250953f5
005065,24,0,0,0,223283,0x162fc8b6250953f5
005065,25,0,0,0,223283,0x162fc8b6250953f5
005065,26,0,0,0,223283,0x162fc8b6250953f5
005065,27,0,0,0,223283,0x162fc8b6250953f5
005065,28,0,0,0,223283,0x162fc8b6250953f5
005065,29,0,0,0,223283,0x162fc8b6250953f5
005065,30,0,0,0,223283,0x162fc8b6250953f5
005065,31,0,0,0,223283,0x162fc8b6250953f5
005082,0,83,87,86,248494,0x68397d93bb6f627d
005082,0,87,86,85,248493,0x68397d93bb6f627d
005082,1,85,86,87,248493,0x68397d93bb6f627d
005082,1,86,87,91,248494,0x68397d93bb6f627d
005082,2,87,86,90,248493,0x68397d93bb6f627d
005082,2,84,87,86,248494,0x68397d93bb6f627d
005082,3,82,86,84,248493,0x68397d93bb6f627d
005082,4,87,86,85,248493,0x68397d93bb6f627d
005082,3,84,87,85,248494,0x68397d93bb6f627d
005082,5,85,86,87,248493,0x68397d93bb6f627d
005082,4,83,87,86,248494,0x68397d93bb6f627d
005082,6,87,86,90,248493,0x68397d93bb6f627d
005082,5,86,87,91,248494,0x68397d93bb6f627d
005082,7,82,86,84,248493,0x68397d93bb6f627d
005082,6,84,87,86,248494,0x68397d93bb6f627d
005082,7,84,87,85,248494,0x68397d93bb6f627d
005082,0,86,85,84,248492,0x68397d93bb6f627d
005082,0,85,84,88,248491,0x68397d93bb6f627d
005082,1,80,84,85,248491,0x68397d93bb6f627d
005082,2,85,84,87,248491,0x68397d93bb6f627d
005082,3,86,84,87,248491,0x68397d93bb6f627d
005082,4,85,84,88,248491,0x68397d93bb6f627d
005082,1,84,85,86,248492,0x68397d93bb6f627d
005082,5,80,84,85,248491,0x68397d93bb6f627d
005082,6,85,84,87,248491,0x68397d93bb6f627d
005082,2,81,85,84,248492,0x68397d93bb6f627d
005082,7,86,84,87,248491,0x68397d93bb6f627d
005082,3,87,85,89,248492,0x68397d93bb6f627d
005082,4,86,85,84,248492,0x68397d93bb6f627d
005082,5,84,85,86,248492,0x68397d93bb6f627d
005082,6,81,85,84,248492,0x68397d93bb6f627d
005082,7,87,85,89,248492,0x68397d93bb6f627d
005082,0,0,0,0,248492,0xfd1a974b835c02bf
005082,1,0,0,0,248492,0xfd1a974b835c02bf
005082,2,0,0,0,248492,0xfd1a974b835c02bf
005082,3,0,0,0,248492,0xfd1a974b835c02bf
005082,4,0,0,0,248492,0xfd1a974b835c02bf
005082,5,0,0,0,248492,0xfd1a974b835c02bf
005082,6,0,0,0,248492,0xfd1a974b835c02bf
005082,7,0,0,0,248492,0xfd1a974b835c02bf
005082,8,0,0,0,248492,0xfd1a974b835c02bf
005082,9,0,0,0,248492,0xfd1a974b835c02bf
005082,10,0,0,0,248492,0xfd1a974b835c02bf
005082,11,0,0,0,248492,0xfd1a974b835c02bf
005082,12,0,0,0,248492,0xfd1a974b835c02bf
005082,13,0,0,0,248492,0xfd1a974b835c02bf
005082,14,0,0,0,248492,0xfd1a974b835c02bf
005082,15,0,0,0,248492,0xfd1a974b835c02bf
005082,16,0,0,0,248492,0xfd1a974b835c02bf
005082,17,0,0,0,248492,0xfd1a974b835c02bf
005082,18,0,0,0,248492,0xfd1a974b835c02bf
005082,19,0,0,0,248492,0xfd1a974b835c02bf
005082,20,0,0,0,248492,0xfd1a974b835c02bf
005082,21,0,0,0,248492,0xfd1a974b835c02bf
005082,22,0,0,0,248492,0xfd1a974b835c02bf
005082,23,0,0,0,248492,0xfd1a974b835c02bf
005082,24,0,0,0,248492,0xfd1a974b835c02bf
005082,25,0,0,0,248492,0xfd1a974b835c02bf
005082,26,0,0,0,248492,0xfd1a974b835c02bf
005082,27,0,0,0,248492,0xfd1a974b835c02bf
005082,28,0,0,0,248492,0xfd1a974b835c02bf
005082,29,0,0,0,248492,0xfd1a974b835c02bf
005082,30,0,0,0,248492,0xfd1a974b835c02bf
005082,31,0,0,0,248492,0xfd1a974b835c02bf
005082,0,0,0,0,248491,0x7e7ab86417ff242
005082,1,0,0,0,248491,0x7e7ab86417ff242
005082,2,0,0,0,248491,0x7e7ab86417ff242
005082,3,0,0,0,248491,0x7e7ab86417ff242
005082,4,0,0,0,248491,0x7e7ab86417ff242
005082,5,0,0,0,248491,0x7e7ab86417ff242
005082,6,0,0,0,248491,0x7e7ab86417ff242
005082,7,0,0,0,248491,0x7e7ab86417ff242
005082,8,0,0,0,248491,0x7e7ab86417ff242
005082,9,0,0,0,248491,0x7e7ab86417ff242
005082,10,0,0,0,248491,0x7e7ab86417ff242
005082,11,0,0,0,248491,0x7e7ab86417ff242
005082,12,0,0,0,248491,0x7e7ab86417ff242
005082,13,0,0,0,248491,0x7e7ab86417ff242
005082,14,0,0,0,248491,0x7e7ab86417ff242
005082,15,0,0,0,248491,0x7e7ab86417ff242
005082,16,0,0,0,248491,0x7e7ab86417ff242
005082,17,0,0,0,248491,0x7e7ab86417ff242
005082,18,0,0,0,248491,0x7e7ab86417ff242
005082,19,0,0,0,248491,0x7e7ab86417ff242
005082,20,0,0,0,248491,0x7e7ab86417ff242
005082,21,0,0,0,248491,0x7e7ab86417ff242
005082,22,0,0,0,248491,0x7e7ab86417ff242
005082,23,0,0,0,248491,0x7e7ab86417ff242
005082,24,0,0,0,248491,0x7e7ab86417ff242
005082,25,0,0,0,248491,0x7e7ab86417ff242
005082,26,0,0,0,248491,0x7e7ab86417ff242
005082,27,0,0,0,248491,0x7e7ab86417ff242
005082,28,0,0,0,248491,0x7e7ab86417ff242
005082,29,0,0,0,248491,0x7e7ab86417ff242
005082,30,0,0,0,248491,0x7e7ab86417ff242
005082,31,0,0,0,248491,0x7e7ab86417ff242
005082,0,0,0,0,248493,0xe6e9093481475dd8
005082,1,0,0,0,248493,0xe6e9093481475dd8
005082,2,0,0,0,248493,0xe6e9093481475dd8
005082,3,0,0,0,248493,0xe6e9093481475dd8
005082,4,0,0,0,248493,0xe6e9093481475dd8
005082,5,0,0,0,248493,0xe6e9093481475dd8
005082,6,0,0,0,248493,0xe6e9093481475dd8
005082,7,0,0,0,248493,0xe6e9093481475dd8
005082,8,0,0,0,248493,0xe6e9093481475dd8
005082,9,0,0,0,248493,0xe6e9093481475dd8
005082,10,0,0,0,248493,0xe6e9093481475dd8
005082,11,0,0,0,248493,0xe6e9093481475dd8
005082,12,0,0,0,248493,0xe6e9093481475dd8
005082,13,0,0,0,248493,0xe6e9093481475dd8
005082,14,0,0,0,248493,0xe6e9093481475dd8
005082,15,0,0,0,248493,0xe6e9093481475dd8
005082,16,0,0,0,248493,0xe6e9093481475dd8
005082,17,0,0,0,248493,0xe6e9093481475dd8
005082,18,0,0,0,248493,0xe6e9093481475dd8
005082,19,0,0,0,248493,0xe6e9093481475dd8
005082,20,0,0,0,248493,0xe6e9093481475dd8
005082,21,0,0,0,248493,0xe6e9093481475dd8
005082,22,0,0,0,248493,0xe6e9093481475dd8
005082,23,0,0,0,248493,0xe6e9093481475dd8
005082,24,0,0,0,248493,0xe6e9093481475dd8
005082,25,0,0,0,248493,0xe6e9093481475dd8
005082,26,0,0,0,248493,0xe6e9093481475dd8
005082,27,0,0,0,248493,0xe6e9093481475dd8
005082,28,0,0,0,248493,0xe6e9093481475dd8
005082,29,0,0,0,248493,0xe6e9093481475dd8
005082,30,0,0,0,248493,0xe6e9093481475dd8
005082,31,0,0,0,248493,0xe6e9093481475dd8
005082,0,0,0,0,248494,0x4c7e0c46536e85b1
005082,1,0,0,0,248494,0x4c7e0c46536e85b1
005082,2,0,0,0,248494,0x4c7e0c46536e85b1
005082,3,0,0,0,248494,0x4c7e0c46536e85b1
005082,4,0,0,0,248494,0x4c7e0c46536e85b1
005082,5,0,0,0,248494,0x4c7e0c46536e85b1
005082,6,0,0,0,248494,0x4c7e0c46536e85b1
005082,7,0,0,0,248494,0x4c7e0c46536e85b1
005082,8,0,0,0,248494,0x4c7e0c46536e85b1
005082,9,0,0,0,248494,0x4c7e0c46536e85b1
005082,10,0,0,0,248494,0x4c7e0c46536e85b1
005082,11,0,0,0,248494,0x4c7e0c46536e85b1
005082,12,0,0,0,248494,0x4c7e0c46536e85b1
005082,13,0,0,0,248494,0x4c7e0c46536e85b1
005082,14,0,0,0,248494,0x4c7e0c46536e85b1
005082,15,0,0,0,248494,0x4c7e0c46536e85b1
005082,16,0,0,0,248494,0x4c7e0c46536e85b1
005082,17,0,0,0,248494,0x4c7e0c46536e85b1
005082,18,0,0,0,248494,0x4c7e0c46536e85b1
005082,19,0,0,0,248494,0x4c7e0c46536e85b1
005082,20,0,0,0,248494,0x4c7e0c46536e85b1
005082,21,0,0,0,248494,0x4c7e0c46536e85b1
005082,22,0,0,0,248494,0x4c7e0c46536e85b1
005082,23,0,0,0,248494,0x4c7e0c46536e85b1
005082,24,0,0,0,248494,0x4c7e0c46536e85b1
005082,25,0,0,0,248494,0x4c7e0c46536e85b1
005082,26,0,0,0,248494,0x4c7e0c46536e85b1
005082,27,0,0,0,248494,0x4c7e0c46536e85b1
005082,28,0,0,0,248494,0x4c7e0c46536e85b1
005082,29,0,0,0,248494,0x4c7e0c46536e85b1
005082,30,0,0,0,248494,0x4c7e0c46536e85b1
005082,31,0,0,0,248494,0x4c7e0c46536e85b1
005082,0,83,87,86,248494,0xe7d12636594460c0
005082,1,86,87,91,248494,0xe7d12636594460c0
005082,2,84,87,86,248494,0xe7d12636594460c0
005082,3,84,87,85,248494,0xe7d12636594460c0
005082,4,83,87,86,248494,0xe7d12636594460c0
005082,5,86,87,91,248494,0xe7d12636594460c0
005082,6,84,87,86,248494,0xe7d12636594460c0
005082,7,84,87,85,248494,0xe7d12636594460c0
005082,0,87,86,85,248493,0xe7d12636594460c0
005082,1,85,86,87,248493,0xe7d12636594460c0
005082,2,87,86,90,248493,0xe7d12636594460c0
005082,3,82,86,84,248493,0xe7d12636594460c0
005082,4,87,86,85,248493,0xe7d12636594460c0
005082,5,85,86,87,248493,0xe7d12636594460c0
005082,6,87,86,90,248493,0xe7d12636594460c0
005082,7,82,86,84,248493,0xe7d12636594460c0
005082,0,85,84,88,248491,0xe7d12636594460c0
005082,0,86,85,84,248492,0xe7d12636594460c0
005082,1,80,84,85,248491,0xe7d12636594460c0
005082,2,85,84,87,248491,0xe7d12636594460c0
005082,3,86,84,87,248491,0xe7d12636594460c0
005082,4,85,84,88,248491,0xe7d12636594460c0
005082,5,80,84,85,248491,0xe7d12636594460c0
005082,6,85,84,87,248491,0xe7d12636594460c0
005082,7,86,84,87,248491,0xe7d12636594460c0
005082,1,84,85,86,248492,0xe7d12636594460c0
005082,2,81,85,84,248492,0xe7d12636594460c0
005082,3,87,85,89,248492,0xe7d12636594460c0
005082,4,86,85,84,248492,0xe7d12636594460c0
005082,5,84,85,86,248492,0xe7d12636594460c0
005082,6,81,85,84,248492,0xe7d12636594460c0
005082,7,87,85,89,248492,0xe7d12636594460c0
005082,0,0,0,0,248491,0x5fe61315372bd36d
005082,1,0,0,0,248491,0x5fe61315372bd36d
005082,2,0,0,0,248491,0x5fe61315372bd36d
005082,3,0,0,0,248491,0x5fe61315372bd36d
005082,4,0,0,0,248491,0x5fe61315372bd36d
005082,5,0,0,0,248491,0x5fe61315372bd36d
005082,6,0,0,0,248491,0x5fe61315372bd36d
005082,7,0,0,0,248491,0x5fe61315372bd36d
005082,8,0,0,0,248491,0x5fe61315372bd36d
005082,9,0,0,0,248491,0x5fe61315372bd36d
005082,10,0,0,0,248491,0x5fe61315372bd36d
005082,11,0,0,0,248491,0x5fe61315372bd36d
005082,12,0,0,0,248491,0x5fe61315372bd36d
005082,13,0,0,0,248491,0x5fe61315372bd36d
005082,14,0,0,0,248491,0x5fe61315372bd36d
005082,15,0,0,0,248491,0x5fe61315372bd36d
005082,16,0,0,0,248491,0x5fe61315372bd36d
005082,17,0,0,0,248491,0x5fe61315372bd36d
005082,18,0,0,0,248491,0x5fe61315372bd36d
005082,19,0,0,0,248491,0x5fe61315372bd36d
005082,20,0,0,0,248491,0x5fe61315372bd36d
005082,21,0,0,0,248491,0x5fe61315372bd36d
005082,22,0,0,0,248491,0x5fe61315372bd36d
005082,23,0,0,0,248491,0x5fe61315372bd36d
005082,24,0,0,0,248491,0x5fe61315372bd36d
005082,25,0,0,0,248491,0x5fe61315372bd36d
005082,26,0,0,0,248491,0x5fe61315372bd36d
005082,27,0,0,0,248491,0x5fe61315372bd36d
005082,28,0,0,0,248491,0x5fe61315372bd36d
005082,29,0,0,0,248491,0x5fe61315372bd36d
005082,30,0,0,0,248491,0x5fe61315372bd36d
005082,31,0,0,0,248491,0x5fe61315372bd36d
005082,0,0,0,0,248493,0x6d939f2644cf08f1
005082,1,0,0,0,248493,0x6d939f2644cf08f1
005082,2,0,0,0,248493,0x6d939f2644cf08f1
005082,3,0,0,0,248493,0x6d939f2644cf08f1
005082,4,0,0,0,248493,0x6d939f2644cf08f1
005082,5,0,0,0,248493,0x6d939f2644cf08f1
005082,6,0,0,0,248493,0x6d939f2644cf08f1
005082,7,0,0,0,248493,0x6d939f2644cf08f1
005082,8,0,0,0,248493,0x6d939f2644cf08f1
005082,9,0,0,0,248493,0x6d939f2644cf08f1
005082,10,0,0,0,248493,0x6d939f2644cf08f1
005082,11,0,0,0,248493,0x6d939f2644cf08f1
005082,12,0,0,0,248493,0x6d939f2644cf08f1
005082,13,0,0,0,248493,0x6d939f2644cf08f1
005082,14,0,0,0,248493,0x6d939f2644cf08f1
005082,15,0,0,0,248493,0x6d939f2644cf08f1
005082,16,0,0,0,248493,0x6d939f2644cf08f1
005082,17,0,0,0,248493,0x6d939f2644cf08f1
005082,18,0,0,0,248493,0x6d939f2644cf08f1
005082,19,0,0,0,248493,0x6d939f2644cf08f1
005082,20,0,0,0,248493,0x6d939f2644cf08f1
005082,21,0,0,0,248493,0x6d939f2644cf08f1
005082,22,0,0,0,248493,0x6d939f2644cf08f1
005082,23,0,0,0,248493,0x6d939f2644cf08f1
005082,24,0,0,0,248493,0x6d939f2644cf08f1
005082,25,0,0,0,248493,0x6d939f2644cf08f1
005082,26,0,0,0,248493,0x6d939f2644cf08f1
005082,27,0,0,0,248493,0x6d939f2644cf08f1
005082,28,0,0,0,248493,0x6d939f2644cf08f1
005082,29,0,0,0,248493,0x6d939f2644cf08f1
005082,30,0,0,0,248493,0x6d939f2644cf08f1
005082,31,0,0,0,248493,0x6d939f2644cf08f1
005082,0,0,0,0,248492,0xe7abd9a9be1cef58
005082,1,0,0,0,248492,0xe7abd9a9be1cef58
005082,2,0,0,0,248492,0xe7abd9a9be1cef58
005082,3,0,0,0,248492,0xe7abd9a9be1cef58
005082,4,0,0,0,248492,0xe7abd9a9be1cef58
005082,5,0,0,0,248492,0xe7abd9a9be1cef58
005082,6,0,0,0,248492,0xe7abd9a9be1cef58
005082,7,0,0,0,248492,0xe7abd9a9be1cef58
005082,8,0,0,0,248492,0xe7abd9a9be1cef58
005082,9,0,0,0,248492,0xe7abd9a9be1cef58
005082,10,0,0,0,248492,0xe7abd9a9be1cef58
005082,11,0,0,0,248492,0xe7abd9a9be1cef58
005082,12,0,0,0,248492,0xe7abd9a9be1cef58
005082,13,0,0,0,248492,0xe7abd9a9be1cef58
005082,14,0,0,0,248492,0xe7abd9a9be1cef58
005082,15,0,0,0,248492,0xe7abd9a9be1cef58
005082,16,0,0,0,248492,0xe7abd9a9be1cef58
005082,17,0,0,0,248492,0xe7abd9a9be1cef58
005082,18,0,0,0,248492,0xe7abd9a9be1cef58
005082,19,0,0,0,248492,0xe7abd9a9be1cef58
005082,20,0,0,0,248492,0xe7abd9a9be1cef58
005082,21,0,0,0,248492,0xe7abd9a9be1cef58
005082,22,0,0,0,248492,0xe7abd9a9be1cef58
005082,23,0,0,0,248492,0xe7abd9a9be1cef58
005082,24,0,0,0,248492,0xe7abd9a9be1cef58
005082,25,0,0,0,248492,0xe7abd9a9be1cef58
005082,26,0,0,0,248492,0xe7abd9a9be1cef58
005082,27,0,0,0,248492,0xe7abd9a9be1cef58
005082,28,0,0,0,248492,0xe7abd9a9be1cef58
005082,29,0,0,0,248492,0xe7abd9a9be1cef58
005082,30,0,0,0,248492,0xe7abd9a9be1cef58
005082,31,0,0,0,248492,0xe7abd9a9be1cef58
005082,0,0,0,0,248494,0x361b324ca5ea69f0
005082,1,0,0,0,248494,0x361b324ca5ea69f0
005082,2,0,0,0,248494,0x361b324ca5ea69f0
005082,3,0,0,0,248494,0x361b324ca5ea69f0
005082,4,0,0,0,248494,0x361b324ca5ea69f0
005082,5,0,0,0,248494,0x361b324ca5ea69f0
005082,6,0,0,0,248494,0x361b324ca5ea69f0
005082,7,0,0,0,248494,0x361b324ca5ea69f0
005082,8,0,0,0,248494,0x361b324ca5ea69f0
005082,9,0,0,0,248494,0x361b324ca5ea69f0
005082,10,0,0,0,248494,0x361b324ca5ea69f0
005082,11,0,0,0,248494,0x361b324ca5ea69f0
005082,12,0,0,0,248494,0x361b324ca5ea69f0
005082,13,0,0,0,248494,0x361b324ca5ea69f0
005082,14,0,0,0,248494,0x361b324ca5ea69f0
005082,15,0,0,0,248494,0x361b324ca5ea69f0
005082,16,0,0,0,248494,0x361b324ca5ea69f0
005082,17,0,0,0,248494,0x361b324ca5ea69f0
005082,18,0,0,0,248494,0x361b324ca5ea69f0
005082,19,0,0,0,248494,0x361b324ca5ea69f0
005082,20,0,0,0,248494,0x361b324ca5ea69f0
005082,21,0,0,0,248494,0x361b324ca5ea69f0
005082,22,0,0,0,248494,0x361b324ca5ea69f0
005082,23,0,0,0,248494,0x361b324ca5ea69f0
005082,24,0,0,0,248494,0x361b324ca5ea69f0
005082,25,0,0,0,248494,0x361b324ca5ea69f0
005082,26,0,0,0,248494,0x361b324ca5ea69f0
005082,27,0,0,0,248494,0x361b324ca5ea69f0
005082,28,0,0,0,248494,0x361b324ca5ea69f0
005082,29,0,0,0,248494,0x361b324ca5ea69f0
005082,30,0,0,0,248494,0x361b324ca5ea69f0
005082,31,0,0,0,248494,0x361b324ca5ea69f0
005081,0,82,83,87,241895,0x68397d93bb6f627d
005081,0,81,82,83,241894,0x68397d93bb6f627d
005081,1,83,82,81,241894,0x68397d93bb6f627d
005081,2,78,82,80,241894,0x68397d93bb6f627d
005081,3,83,82,86,241894,0x68397d93bb6f627d
005081,4,81,82,83,241894,0x68397d93bb6f627d
005081,5,83,82,81,241894,0x68397d93bb6f627d
005081,6,78,82,80,241894,0x68397d93bb6f627d
005081,7,83,82,86,241894,0x68397d93bb6f627d
005081,1,79,83,82,241895,0x68397d93bb6f627d
005081,2,80,83,81,241895,0x68397d93bb6f627d
005081,3,80,83,82,241895,0x68397d93bb6f627d
005081,4,82,83,87,241895,0x68397d93bb6f627d
005081,5,79,83,82,241895,0x68397d93bb6f627d
005081,6,80,83,81,241895,0x68397d93bb6f627d
005081,7,80,83,82,241895,0x68397d93bb6f627d
005081,0,80,81,82,241893,0x68397d93bb6f627d
005081,1,82,81,80,241893,0x68397d93bb6f627d
005081,2,83,81,85,241893,0x68397d93bb6f627d
005081,3,77,81,80,241893,0x68397d93bb6f627d
005081,4,80,81,82,241893,0x68397d93bb6f627d
005081,5,82,81,80,241893,0x68397d93bb6f627d
005081,6,83,81,85,241893,0x68397d93bb6f627d
005081,7,77,81,80,241893,0x68397d93bb6f627d
005081,0,76,80,81,241892,0x68397d93bb6f627d
005081,1,81,80,84,241892,0x68397d93bb6f627d
005081,2,82,80,83,241892,0x68397d93bb6f627d
005081,3,81,80,83,241892,0x68397d93bb6f627d
005081,4,76,80,81,241892,0x68397d93bb6f627d
005081,5,81,80,84,241892,0x68397d93bb6f627d
005081,6,82,80,83,241892,0x68397d93bb6f627d
005081,7,81,80,83,241892,0x68397d93bb6f627d
005081,0,0,0,0,241892,0x6506f2350082e483
005081,1,0,0,0,241892,0x6506f2350082e483
005081,2,0,0,0,241892,0x6506f2350082e483
005081,3,0,0,0,241892,0x6506f2350082e483
005081,4,0,0,0,241892,0x6506f2350082e483
005081,5,0,0,0,241892,0x6506f2350082e483
005081,6,0,0,0,241892,0x6506f2350082e483
005081,7,0,0,0,241892,0x6506f2350082e483
005081,8,0,0,0,241892,0x6506f2350082e483
005081,9,0,0,0,241892,0x6506f2350082e483
005081,10,0,0,0,241892,0x6506f2350082e483
005081,11,0,0,0,241892,0x6506f2350082e483
005081,12,0,0,0,241892,0x6506f2350082e483
005081,13,0,0,0,241892,0x6506f2350082e483
005081,14,0,0,0,241892,0x6506f2350082e483
005081,15,0,0,0,241892,0x6506f2350082e483
005081,16,0,0,0,241892,0x6506f2350082e483
005081,17,0,0,0,241892,0x6506f2350082e483
005081,18,0,0,0,241892,0x6506f2350082e483
005081,19,0,0,0,241892,0x6506f2350082e483
005081,20,0,0,0,241892,0x6506f2350082e483
005081,21,0,0,0,241892,0x6506f2350082e483
005081,22,0,0,0,241892,0x6506f2350082e483
005081,23,0,0,0,241892,0x6506f2350082e483
005081,24,0,0,0,241892,0x6506f2350082e483
005081,25,0,0,0,241892,0x6506f2350082e483
005081,26,0,0,0,241892,0x6506f2350082e483
005081,27,0,0,0,241892,0x6506f2350082e483
005081,28,0,0,0,241892,0x6506f2350082e483
005081,29,0,0,0,241892,0x6506f2350082e483
005081,30,0,0,0,241892,0x6506f2350082e483
005081,31,0,0,0,241892,0x6506f2350082e483
005081,0,0,0,0,241894,0xfce12549633fd222
005081,1,0,0,0,241894,0xfce12549633fd222
005081,2,0,0,0,241894,0xfce12549633fd222
005081,3,0,0,0,241894,0xfce12549633fd222
005081,4,0,0,0,241894,0xfce12549633fd222
005081,5,0,0,0,241894,0xfce12549633fd222
005081,6,0,0,0,241894,0xfce12549633fd222
005081,7,0,0,0,241894,0xfce12549633fd222
005081,8,0,0,0,241894,0xfce12549633fd222
005081,9,0,0,0,241894,0xfce12549633fd222
005081,10,0,0,0,241894,0xfce12549633fd222
005081,11,0,0,0,241894,0xfce12549633fd222
005081,12,0,0,0,241894,0xfce12549633fd222
005081,13,0,0,0,241894,0xfce12549633fd222
005081,14,0,0,0,241894,0xfce12549633fd222
005081,15,0,0,0,241894,0xfce12549633fd222
005081,16,0,0,0,241894,0xfce12549633fd222
005081,17,0,0,0,241894,0xfce12549633fd222
005081,18,0,0,0,241894,0xfce12549633fd222
005081,19,0,0,0,241894,0xfce12549633fd222
005081,20,0,0,0,241894,0xfce12549633fd222
005081,21,0,0,0,241894,0xfce12549633fd222
005081,22,0,0,0,241894,0xfce12549633fd222
005081,23,0,0,0,241894,0xfce12549633fd222
005081,24,0,0,0,241894,0xfce12549633fd222
005081,25,0,0,0,241894,0xfce12549633fd222
005081,26,0,0,0,241894,0xfce12549633fd222
005081,27,0,0,0,241894,0xfce12549633fd222
005081,28,0,0,0,241894,0xfce12549633fd222
005081,29,0,0,0,241894,0xfce12549633fd222
005081,30,0,0,0,241894,0xfce12549633fd222
005081,31,0,0,0,241894,0xfce12549633fd222
005081,0,0,0,0,241895,0x2d8b096bc91869b5
005081,1,0,0,0,241895,0x2d8b096bc91869b5
005081,2,0,0,0,241895,0x2d8b096bc91869b5
005081,3,0,0,0,241895,0x2d8b096bc91869b5
005081,4,0,0,0,241895,0x2d8b096bc91869b5
005081,5,0,0,0,241895,0x2d8b096bc91869b5
005081,6,0,0,0,241895,0x2d8b096bc91869b5
005081,7,0,0,0,241895,0x2d8b096bc91869b5
005081,8,0,0,0,241895,0x2d8b096bc91869b5
005081,9,0,0,0,241895,0x2d8b096bc91869b5
005081,10,0,0,0,241895,0x2d8b096bc91869b5
005081,11,0,0,0,241895,0x2d8b096bc91869b5
005081,12,0,0,0,241895,0x2d8b096bc91869b5
005081,13,0,0,0,241895,0x2d8b096bc91869b5
005081,14,0,0,0,241895,0x2d8b096bc91869b5
005081,15,0,0,0,241895,0x2d8b096bc91869b5
005081,16,0,0,0,241895,0x2d8b096bc91869b5
005081,17,0,0,0,241895,0x2d8b096bc91869b5
005081,18,0,0,0,241895,0x2d8b096bc91869b5
005081,19,0,0,0,241895,0x2d8b096bc91869b5
005081,20,0,0,0,241895,0x2d8b096bc91869b5
005081,21,0,0,0,241895,0x2d8b096bc91869b5
005081,22,0,0,0,241895,0x2d8b096bc91869b5
005081,23,0,0,0,241895,0x2d8b096bc91869b5
005081,24,0,0,0,241895,0x2d8b096bc91869b5
005081,25,0,0,0,241895,0x2d8b096bc91869b5
005081,26,0,0,0,241895,0x2d8b096bc91869b5
005081,27,0,0,0,241895,0x2d8b096bc91869b5
005081,28,0,0,0,241895,0x2d8b096bc91869b5
005081,29,0,0,0,241895,0x2d8b096bc91869b5
005081,30,0,0,0,241895,0x2d8b096bc91869b5
005081,31,0,0,0,241895,0x2d8b096bc91869b5
005081,0,0,0,0,241893,0xe448649db6e84ce8
005081,1,0,0,0,241893,0xe448649db6e84ce8
005081,2,0,0,0,241893,0xe448649db6e84ce8
005081,3,0,0,0,241893,0xe448649db6e84ce8
005081,4,0,0,0,241893,0xe448649db6e84ce8
005081,5,0,0,0,241893,0xe448649db6e84ce8
005081,6,0,0,0,241893,0xe448649db6e84ce8
005081,7,0,0,0,241893,0xe448649db6e84ce8
005081,8,0,0,0,241893,0xe448649db6e84ce8
005081,9,0,0,0,241893,0xe448649db6e84ce8
005081,10,0,0,0,241893,0xe448649db6e84ce8
005081,11,0,0,0,241893,0xe448649db6e84ce8
005081,12,0,0,0,241893,0xe448649db6e84ce8
005081,13,0,0,0,241893,0xe448649db6e84ce8
005081,14,0,0,0,241893,0xe448649db6e84ce8
005081,15,0,0,0,241893,0xe448649db6e84ce8
005081,16,0,0,0,241893,0xe448649db6e84ce8
005081,17,0,0,0,241893,0xe448649db6e84ce8
005081,18,0,0,0,241893,0xe448649db6e84ce8
005081,19,0,0,0,241893,0xe448649db6e84ce8
005081,20,0,0,0,241893,0xe448649db6e84ce8
005081,21,0,0,0,241893,0xe448649db6e84ce8
005081,22,0,0,0,241893,0xe448649db6e84ce8
005081,23,0,0,0,241893,0xe448649db6e84ce8
005081,24,0,0,0,241893,0xe448649db6e84ce8
005081,25,0,0,0,241893,0xe448649db6e84ce8
005081,26,0,0,0,241893,0xe448649db6e84ce8
005081,27,0,0,0,241893,0xe448649db6e84ce8
005081,28,0,0,0,241893,0xe448649db6e84ce8
005081,29,0,0,0,241893,0xe448649db6e84ce8
005081,30,0,0,0,241893,0xe448649db6e84ce8
005081,31,0,0,0,241893,0xe448649db6e84ce8
005081,0,81,82,83,241894,0xe7d12636594460c0
005081,0,82,83,87,241895,0xe7d12636594460c0
005081,1,83,82,81,241894,0xe7d12636594460c0
005081,2,78,82,80,241894,0xe7d12636594460c0
005081,3,83,82,86,241894,0xe7d12636594460c0
005081,4,81,82,83,241894,0xe7d12636594460c0
005081,5,83,82,81,241894,0xe7d12636594460c0
005081,6,78,82,80,241894,0xe7d12636594460c0
005081,7,83,82,86,241894,0xe7d12636594460c0
005081,1,79,83,82,241895,0xe7d12636594460c0
005081,2,80,83,81,241895,0xe7d12636594460c0
005081,3,80,83,82,241895,0xe7d12636594460c0
005081,4,82,83,87,241895,0xe7d12636594460c0
005081,5,79,83,82,241895,0xe7d12636594460c0
005081,6,80,83,81,241895,0xe7d12636594460c0
005081,7,80,83,82,241895,0xe7d12636594460c0
005081,0,80,81,82,241893,0xe7d12636594460c0
005081,1,82,81,80,241893,0xe7d12636594460c0
005081,2,83,81,85,241893,0xe7d12636594460c0
005081,3,77,81,80,241893,0xe7d12636594460c0
005081,4,80,81,82,241893,0xe7d12636594460c0
005081,5,82,81,80,241893,0xe7d12636594460c0
005081,6,83,81,85,241893,0xe7d12636594460c0
005081,7,77,81,80,241893,0xe7d12636594460c0
005081,0,76,80,81,241892,0xe7d12636594460c0
005081,1,81,80,84,241892,0xe7d12636594460c0
005081,2,82,80,83,241892,0xe7d12636594460c0
005081,3,81,80,83,241892,0xe7d12636594460c0
005081,4,76,80,81,241892,0xe7d12636594460c0
005081,5,81,80,84,241892,0xe7d12636594460c0
005081,6,82,80,83,241892,0xe7d12636594460c0
005081,7,81,80,83,241892,0xe7d12636594460c0
005081,0,0,0,0,241895,0x10602b85fa6a18c
005081,1,0,0,0,241895,0x10602b85fa6a18c
005081,2,0,0,0,241895,0x10602b85fa6a18c
005081,3,0,0,0,241895,0x10602b85fa6a18c
005081,4,0,0,0,241895,0x10602b85fa6a18c
005081,5,0,0,0,241895,0x10602b85fa6a18c
005081,6,0,0,0,241895,0x10602b85fa6a18c
005081,7,0,0,0,241895,0x10602b85fa6a18c
005081,8,0,0,0,241895,0x10602b85fa6a18c
005081,9,0,0,0,241895,0x10602b85fa6a18c
005081,10,0,0,0,241895,0x10602b85fa6a18c
005081,11,0,0,0,241895,0x10602b85fa6a18c
005081,12,0,0,0,241895,0x10602b85fa6a18c
005081,13,0,0,0,241895,0x10602b85fa6a18c
005081,14,0,0,0,241895,0x10602b85fa6a18c
005081,15,0,0,0,241895,0x10602b85fa6a18c
005081,16,0,0,0,241895,0x10602b85fa6a18c
005081,17,0,0,0,241895,0x10602b85fa6a18c
005081,18,0,0,0,241895,0x10602b85fa6a18c
005081,19,0,0,0,241895,0x10602b85fa6a18c
005081,20,0,0,0,241895,0x10602b85fa6a18c
005081,21,0,0,0,241895,0x10602b85fa6a18c
005081,22,0,0,0,241895,0x10602b85fa6a18c
005081,23,0,0,0,241895,0x10602b85fa6a18c
005081,24,0,0,0,241895,0x10602b85fa6a18c
005081,25,0,0,0,241895,0x10602b85fa6a18c
005081,26,0,0,0,241895,0x10602b85fa6a18c
005081,27,0,0,0,241895,0x10602b85fa6a18c
005081,28,0,0,0,241895,0x10602b85fa6a18c
005081,29,0,0,0,241895,0x10602b85fa6a18c
005081,30,0,0,0,241895,0x10602b85fa6a18c
005081,31,0,0,0,241895,0x10602b85fa6a18c
005081,0,0,0,0,241892,0x32d0a3ce4bd035c8
005081,1,0,0,0,241892,0x32d0a3ce4bd035c8
005081,2,0,0,0,241892,0x32d0a3ce4bd035c8
005081,3,0,0,0,241892,0x32d0a3ce4bd035c8
005081,4,0,0,0,241892,0x32d0a3ce4bd035c8
005081,5,0,0,0,241892,0x32d0a3ce4bd035c8
005081,6,0,0,0,241892,0x32d0a3ce4bd035c8
005081,7,0,0,0,241892,0x32d0a3ce4bd035c8
005081,8,0,0,0,241892,0x32d0a3ce4bd035c8
005081,9,0,0,0,241892,0x32d0a3ce4bd035c8
005081,10,0,0,0,241892,0x32d0a3ce4bd035c8
005081,11,0,0,0,241892,0x32d0a3ce4bd035c8
005081,12,0,0,0,241892,0x32d0a3ce4bd035c8
005081,13,0,0,0,241892,0x32d0a3ce4bd035c8
005081,14,0,0,0,241892,0x32d0a3ce4bd035c8
005081,15,0,0,0,241892,0x32d0a3ce4bd035c8
005081,16,0,0,0,241892,0x32d0a3ce4bd035c8
005081,17,0,0,0,241892,0x32d0a3ce4bd035c8
005081,18,0,0,0,241892,0x32d0a3ce4bd035c8
005081,19,0,0,0,241892,0x32d0a3ce4bd035c8
005081,20,0,0,0,241892,0x32d0a3ce4bd035c8
005081,21,0,0,0,241892,0x32d0a3ce4bd035c8
005081,22,0,0,0,241892,0x32d0a3ce4bd035c8
005081,23,0,0,0,241892,0x32d0a3ce4bd035c8
005081,24,0,0,0,241892,0x32d0a3ce4bd035c8
005081,25,0,0,0,241892,0x32d0a3ce4bd035c8
005081,26,0,0,0,241892,0x32d0a3ce4bd035c8
005081,27,0,0,0,241892,0x32d0a3ce4bd035c8
005081,28,0,0,0,241892,0x32d0a3ce4bd035c8
005081,29,0,0,0,241892,0x32d0a3ce4bd035c8
005081,30,0,0,0,241892,0x32d0a3ce4bd035c8
005081,31,0,0,0,241892,0x32d0a3ce4bd035c8
005081,0,0,0,0,241894,0x885d8889e274b738
005081,1,0,0,0,241894,0x885d8889e274b738
005081,2,0,0,0,241894,0x885d8889e274b738
005081,3,0,0,0,241894,0x885d8889e274b738
005081,4,0,0,0,241894,0x885d8889e274b738
005081,5,0,0,0,241894,0x885d8889e274b738
005081,6,0,0,0,241894,0x885d8889e274b738
005081,7,0,0,0,241894,0x885d8889e274b738
005081,8,0,0,0,241894,0x885d8889e274b738
005081,9,0,0,0,241894,0x885d8889e274b738
005081,10,0,0,0,241894,0x885d8889e274b738
005081,11,0,0,0,241894,0x885d8889e274b738
005081,12,0,0,0,241894,0x885d8889e274b738
005081,13,0,0,0,241894,0x885d8889e274b738
005081,14,0,0,0,241894,0x885d8889e274b738
005081,15,0,0,0,241894,0x885d8889e274b738
005081,16,0,0,0,241894,0x885d8889e274b738
005081,17,0,0,0,241894,0x885d8889e274b738
005081,18,0,0,0,241894,0x885d8889e274b738
005081,19,0,0,0,241894,0x885d8889e274b738
005081,20,0,0,0,241894,0x885d8889e274b738
005081,21,0,0,0,241894,0x885d8889e274b738
005081,22,0,0,0,241894,0x885d8889e274b738
005081,23,0,0,0,241894,0x885d8889e274b738
005081,24,0,0,0,241894,0x885d8889e274b738
005081,25,0,0,0,241894,0x885d8889e274b738
005081,26,0,0,0,241894,0x885d8889e274b738
005081,27,0,0,0,241894,0x885d8889e274b738
005081,28,0,0,0,241894,0x885d8889e274b738
005081,29,0,0,0,241894,0x885d8889e274b738
005081,30,0,0,0,241894,0x885d8889e274b738
005081,31,0,0,0,241894,0x885d8889e274b738
005081,0,0,0,0,241893,0xe4d65f6b598f2f0
005081,1,0,0,0,241893,0xe4d65f6b598f2f0
005081,2,0,0,0,241893,0xe4d65f6b598f2f0
005081,3,0,0,0,241893,0xe4d65f6b598f2f0
005081,4,0,0,0,241893,0xe4d65f6b598f2f0
005081,5,0,0,0,241893,0xe4d65f6b598f2f0
005081,6,0,0,0,241893,0xe4d65f6b598f2f0
005081,7,0,0,0,241893,0xe4d65f6b598f2f0
005081,8,0,0,0,241893,0xe4d65f6b598f2f0
005081,9,0,0,0,241893,0xe4d65f6b598f2f0
005081,10,0,0,0,241893,0xe4d65f6b598f2f0
005081,11,0,0,0,241893,0xe4d65f6b598f2f0
005081,12,0,0,0,241893,0xe4d65f6b598f2f0
005081,13,0,0,0,241893,0xe4d65f6b598f2f0
005081,14,0,0,0,241893,0xe4d65f6b598f2f0
005081,15,0,0,0,241893,0xe4d65f6b598f2f0
005081,16,0,0,0,241893,0xe4d65f6b598f2f0
005081,17,0,0,0,241893,0xe4d65f6b598f2f0
005081,18,0,0,0,241893,0xe4d65f6b598f2f0
005081,19,0,0,0,241893,0xe4d65f6b598f2f0
005081,20,0,0,0,241893,0xe4d65f6b598f2f0
005081,21,0,0,0,241893,0xe4d65f6b598f2f0
005081,22,0,0,0,241893,0xe4d65f6b598f2f0
005081,23,0,0,0,241893,0xe4d65f6b598f2f0
005081,24,0,0,0,241893,0xe4d65f6b598f2f0
005081,25,0,0,0,241893,0xe4d65f6b598f2f0
005081,26,0,0,0,241893,0xe4d65f6b598f2f0
005081,27,0,0,0,241893,0xe4d65f6b598f2f0
005081,28,0,0,0,241893,0xe4d65f6b598f2f0
005081,29,0,0,0,241893,0xe4d65f6b598f2f0
005081,30,0,0,0,241893,0xe4d65f6b598f2f0
005081,31,0,0,0,241893,0xe4d65f6b598f2f0
005075,0,66,67,71,243500,0x68397d93bb6f627d
005075,1,63,67,66,243500,0x68397d93bb6f627d
005075,2,64,67,65,243500,0x68397d93bb6f627d
005075,3,64,67,66,243500,0x68397d93bb6f627d
005075,4,66,67,71,243500,0x68397d93bb6f627d
005075,5,63,67,66,243500,0x68397d93bb6f627d
005075,6,64,67,65,243500,0x68397d93bb6f627d
005075,7,64,67,66,243500,0x68397d93bb6f627d
005075,0,64,65,66,243498,0x68397d93bb6f627d
005075,1,66,65,64,243498,0x68397d93bb6f627d
005075,2,67,65,69,243498,0x68397d93bb6f627d
005075,3,61,65,64,243498,0x68397d93bb6f627d
005075,4,64,65,66,243498,0x68397d93bb6f627d
005075,5,66,65,64,243498,0x68397d93bb6f627d
005075,6,67,65,69,243498,0x68397d93bb6f627d
005075,7,61,65,64,243498,0x68397d93bb6f627d
005075,0,65,66,67,243499,0x68397d93bb6f627d
005075,1,67,66,65,243499,0x68397d93bb6f627d
005075,2,62,66,64,243499,0x68397d93bb6f627d
005075,3,67,66,70,243499,0x68397d93bb6f627d
005075,4,65,66,67,243499,0x68397d93bb6f627d
005075,5,67,66,65,243499,0x68397d93bb6f627d
005075,6,62,66,64,243499,0x68397d93bb6f627d
005075,7,67,66,70,243499,0x68397d93bb6f627d
005075,0,60,64,65,243497,0x68397d93bb6f627d
005075,1,65,64,68,243497,0x68397d93bb6f627d
005075,2,66,64,67,243497,0x68397d93bb6f627d
005075,3,65,64,67,243497,0x68397d93bb6f627d
005075,4,60,64,65,243497,0x68397d93bb6f627d
005075,5,65,64,68,243497,0x68397d93bb6f627d
005075,6,66,64,67,243497,0x68397d93bb6f627d
005075,7,65,64,67,243497,0x68397d93bb6f627d
005075,0,0,0,0,243498,0x190c0fe02d32c659
005075,1,0,0,0,243498,0x190c0fe02d32c659
005075,2,0,0,0,243498,0x190c0fe02d32c659
005075,3,0,0,0,243498,0x190c0fe02d32c659
005075,4,0,0,0,243498,0x190c0fe02d32c659
005075,5,0,0,0,243498,0x190c0fe02d32c659
005075,6,0,0,0,243498,0x190c0fe02d32c659
005075,7,0,0,0,243498,0x190c0fe02d32c659
005075,8,0,0,0,243498,0x190c0fe02d32c659
005075,9,0,0,0,243498,0x190c0fe02d32c659
005075,10,0,0,0,243498,0x190c0fe02d32c659
005075,11,0,0,0,243498,0x190c0fe02d32c659
005075,12,0,0,0,243498,0x190c0fe02d32c659
005075,13,0,0,0,243498,0x190c0fe02d32c659
005075,14,0,0,0,243498,0x190c0fe02d32c659
005075,15,0,0,0,243498,0x190c0fe02d32c659
005075,16,0,0,0,243498,0x190c0fe02d32c659
005075,17,0,0,0,243498,0x190c0fe02d32c659
005075,18,0,0,0,243498,0x190c0fe02d32c659
005075,19,0,0,0,243498,0x190c0fe02d32c659
005075,20,0,0,0,243498,0x190c0fe02d32c659
005075,21,0,0,0,243498,0x190c0fe02d32c659
005075,22,0,0,0,243498,0x190c0fe02d32c659
005075,23,0,0,0,243498,0x190c0fe02d32c659
005075,24,0,0,0,243498,0x190c0fe02d32c659
005075,25,0,0,0,243498,0x190c0fe02d32c659
005075,26,0,0,0,243498,0x190c0fe02d32c659
005075,27,0,0,0,243498,0x190c0fe02d32c659
005075,28,0,0,0,243498,0x190c0fe02d32c659
005075,29,0,0,0,243498,0x190c0fe02d32c659
005075,30,0,0,0,243498,0x190c0fe02d32c659
005075,31,0,0,0,243498,0x190c0fe02d32c659
005075,0,0,0,0,243497,0x185a0977044e642b
005075,1,0,0,0,243497,0x185a0977044e642b
005075,2,0,0,0,243497,0x185a0977044e642b
005075,3,0,0,0,243497,0x185a0977044e642b
005075,4,0,0,0,243497,0x185a0977044e642b
005075,5,0,0,0,243497,0x185a0977044e642b
005075,6,0,0,0,243497,0x185a0977044e642b
005075,7,0,0,0,243497,0x185a0977044e642b
005075,8,0,0,0,243497,0x185a0977044e642b
005075,9,0,0,0,243497,0x185a0977044e642b
005075,10,0,0,0,243497,0x185a0977044e642b
005075,11,0,0,0,243497,0x185a0977044e642b
005075,12,0,0,0,243497,0x185a0977044e642b
005075,13,0,0,0,243497,0x185a0977044e642b
005075,14,0,0,0,243497,0x185a0977044e642b
005075,15,0,0,0,243497,0x185a0977044e642b
005075,16,0,0,0,243497,0x185a0977044e642b
005075,17,0,0,0,243497,0x185a0977044e642b
005075,18,0,0,0,243497,0x185a0977044e642b
005075,19,0,0,0,243497,0x185a0977044e642b
005075,20,0,0,0,243497,0x185a0977044e642b
005075,21,0,0,0,243497,0x185a0977044e642b
005075,22,0,0,0,243497,0x185a0977044e642b
005075,23,0,0,0,243497,0x185a0977044e642b
005075,24,0,0,0,243497,0x185a0977044e642b
005075,25,0,0,0,243497,0x185a0977044e642b
005075,26,0,0,0,243497,0x185a0977044e642b
005075,27,0,0,0,243497,0x185a0977044e642b
005075,28,0,0,0,243497,0x185a0977044e642b
005075,29,0,0,0,243497,0x185a0977044e642b
005075,30,0,0,0,243497,0x185a0977044e642b
005075,31,0,0,0,243497,0x185a0977044e642b
005075,0,0,0,0,243500,0x894fab4bb8166c63
005075,1,0,0,0,243500,0x894fab4bb8166c63
005075,2,0,0,0,243500,0x894fab4bb8166c63
005075,3,0,0,0,243500,0x894fab4bb8166c63
005075,4,0,0,0,243500,0x894fab4bb8166c63
005075,5,0,0,0,243500,0x894fab4bb8166c63
005075,6,0,0,0,243500,0x894fab4bb8166c63
005075,7,0,0,0,243500,0x894fab4bb8166c63
005075,8,0,0,0,243500,0x894fab4bb8166c63
005075,9,0,0,0,243500,0x894fab4bb8166c63
005075,10,0,0,0,243500,0x894fab4bb8166c63
005075,11,0,0,0,243500,0x894fab4bb8166c63
005075,12,0,0,0,243500,0x894fab4bb8166c63
005075,13,0,0,0,243500,0x894fab4bb8166c63
005075,14,0,0,0,243500,0x894fab4bb8166c63
005075,15,0,0,0,243500,0x894fab4bb8166c63
005075,16,0,0,0,243500,0x894fab4bb8166c63
005075,17,0,0,0,243500,0x894fab4bb8166c63
005075,18,0,0,0,243500,0x894fab4bb8166c63
005075,19,0,0,0,243500,0x894fab4bb8166c63
005075,20,0,0,0,243500,0x894fab4bb8166c63
005075,21,0,0,0,243500,0x894fab4bb8166c63
005075,22,0,0,0,243500,0x894fab4bb8166c63
005075,23,0,0,0,243500,0x894fab4bb8166c63
005075,24,0,0,0,243500,0x894fab4bb8166c63
005075,25,0,0,0,243500,0x894fab4bb8166c63
005075,26,0,0,0,243500,0x894fab4bb8166c63
005075,27,0,0,0,243500,0x894fab4bb8166c63
005075,28,0,0,0,243500,0x894fab4bb8166c63
005075,29,0,0,0,243500,0x894fab4bb8166c63
005075,30,0,0,0,243500,0x894fab4bb8166c63
005075,31,0,0,0,243500,0x894fab4bb8166c63
005075,0,0,0,0,243499,0x77f46749d7198034
005075,1,0,0,0,243499,0x77f46749d7198034
005075,2,0,0,0,243499,0x77f46749d7198034
005075,3,0,0,0,243499,0x77f46749d7198034
005075,4,0,0,0,243499,0x77f46749d7198034
005075,5,0,0,0,243499,0x77f46749d7198034
005075,6,0,0,0,243499,0x77f46749d7198034
005075,7,0,0,0,243499,0x77f46749d7198034
005075,8,0,0,0,243499,0x77f46749d7198034
005075,9,0,0,0,243499,0x77f46749d7198034
005075,10,0,0,0,243499,0x77f46749d7198034
005075,11,0,0,0,243499,0x77f46749d7198034
005075,12,0,0,0,243499,0x77f46749d7198034
005075,13,0,0,0,243499,0x77f46749d7198034
005075,14,0,0,0,243499,0x77f46749d7198034
005075,15,0,0,0,243499,0x77f46749d7198034
005075,16,0,0,0,243499,0x77f46749d7198034
005075,17,0,0,0,243499,0x77f46749d7198034
005075,18,0,0,0,243499,0x77f46749d7198034
005075,19,0,0,0,243499,0x77f46749d7198034
005075,20,0,0,0,243499,0x77f46749d7198034
005075,21,0,0,0,243499,0x77f46749d7198034
005075,22,0,0,0,243499,0x77f46749d7198034
005075,23,0,0,0,243499,0x77f46749d7198034
005075,24,0,0,0,243499,0x77f46749d7198034
005075,25,0,0,0,243499,0x77f46749d7198034
005075,26,0,0,0,243499,0x77f46749d7198034
005075,27,0,0,0,243499,0x77f46749d7198034
005075,28,0,0,0,243499,0x77f46749d7198034
005075,29,0,0,0,243499,0x77f46749d7198034
005075,30,0,0,0,243499,0x77f46749d7198034
005075,31,0,0,0,243499,0x77f46749d7198034
005075,0,66,67,71,243500,0xe7d12636594460c0
005075,0,65,66,67,243499,0xe7d12636594460c0
005075,1,63,67,66,243500,0xe7d12636594460c0
005075,1,67,66,65,243499,0xe7d12636594460c0
005075,2,64,67,65,243500,0xe7d12636594460c0
005075,2,62,66,64,243499,0xe7d12636594460c0
005075,3,64,67,66,243500,0xe7d12636594460c0
005075,4,66,67,71,243500,0xe7d12636594460c0
005075,3,67,66,70,243499,0xe7d12636594460c0
005075,4,65,66,67,243499,0xe7d12636594460c0
005075,5,63,67,66,243500,0xe7d12636594460c0
005075,5,67,66,65,243499,0xe7d12636594460c0
005075,6,64,67,65,243500,0xe7d12636594460c0
005075,6,62,66,64,243499,0xe7d12636594460c0
005075,7,64,67,66,243500,0xe7d12636594460c0
005075,7,67,66,70,243499,0xe7d12636594460c0
005075,0,64,65,66,243498,0xe7d12636594460c0
005075,1,66,65,64,243498,0xe7d12636594460c0
005075,0,60,64,65,243497,0xe7d12636594460c0
005075,2,67,65,69,243498,0xe7d12636594460c0
005075,3,61,65,64,243498,0xe7d12636594460c0
005075,4,64,65,66,243498,0xe7d12636594460c0
005075,5,66,65,64,243498,0xe7d12636594460c0
005075,6,67,65,69,243498,0xe7d12636594460c0
005075,7,61,65,64,243498,0xe7d12636594460c0
005075,1,65,64,68,243497,0xe7d12636594460c0
005075,2,66,64,67,243497,0xe7d12636594460c0
005075,3,65,64,67,243497,0xe7d12636594460c0
005075,4,60,64,65,243497,0xe7d12636594460c0
005075,5,65,64,68,243497,0xe7d12636594460c0
005075,6,66,64,67,243497,0xe7d12636594460c0
005075,7,65,64,67,243497,0xe7d12636594460c0
005075,0,0,0,0,243498,0x73cf4f2c68e487a2
005075,1,0,0,0,243498,0x73cf4f2c68e487a2
005075,2,0,0,0,243498,0x73cf4f2c68e487a2
005075,3,0,0,0,243498,0x73cf4f2c68e487a2
005075,4,0,0,0,243498,0x73cf4f2c68e487a2
005075,5,0,0,0,243498,0x73cf4f2c68e487a2
005075,6,0,0,0,243498,0x73cf4f2c68e487a2
005075,7,0,0,0,243498,0x73cf4f2c68e487a2
005075,8,0,0,0,243498,0x73cf4f2c68e487a2
005075,9,0,0,0,243498,0x73cf4f2c68e487a2
005075,10,0,0,0,243498,0x73cf4f2c68e487a2
005075,11,0,0,0,243498,0x73cf4f2c68e487a2
005075,12,0,0,0,243498,0x73cf4f2c68e487a2
005075,13,0,0,0,243498,0x73cf4f2c68e487a2
005075,14,0,0,0,243498,0x73cf4f2c68e487a2
005075,15,0,0,0,243498,0x73cf4f2c68e487a2
005075,16,0,0,0,243498,0x73cf4f2c68e487a2
005075,17,0,0,0,243498,0x73cf4f2c68e487a2
005075,18,0,0,0,243498,0x73cf4f2c68e487a2
005075,19,0,0,0,243498,0x73cf4f2c68e487a2
005075,20,0,0,0,243498,0x73cf4f2c68e487a2
005075,21,0,0,0,243498,0x73cf4f2c68e487a2
005075,22,0,0,0,243498,0x73cf4f2c68e487a2
005075,23,0,0,0,243498,0x73cf4f2c68e487a2
005075,24,0,0,0,243498,0x73cf4f2c68e487a2
005075,25,0,0,0,243498,0x73cf4f2c68e487a2
005075,26,0,0,0,243498,0x73cf4f2c68e487a2
005075,27,0,0,0,243498,0x73cf4f2c68e487a2
005075,28,0,0,0,243498,0x73cf4f2c68e487a2
005075,29,0,0,0,243498,0x73cf4f2c68e487a2
005075,30,0,0,0,243498,0x73cf4f2c68e487a2
005075,31,0,0,0,243498,0x73cf4f2c68e487a2
005075,0,0,0,0,243499,0x79b41914bf031738
005075,1,0,0,0,243499,0x79b41914bf031738
005075,2,0,0,0,243499,0x79b41914bf031738
005075,3,0,0,0,243499,0x79b41914bf031738
005075,4,0,0,0,243499,0x79b41914bf031738
005075,5,0,0,0,243499,0x79b41914bf031738
005075,6,0,0,0,243499,0x79b41914bf031738
005075,7,0,0,0,243499,0x79b41914bf031738
005075,8,0,0,0,243499,0x79b41914bf031738
005075,9,0,0,0,243499,0x79b41914bf031738
005075,10,0,0,0,243499,0x79b41914bf031738
005075,11,0,0,0,243499,0x79b41914bf031738
005075,12,0,0,0,243499,0x79b41914bf031738
005075,13,0,0,0,243499,0x79b41914bf031738
005075,14,0,0,0,243499,0x79b41914bf031738
005075,15,0,0,0,243499,0x79b41914bf031738
005075,16,0,0,0,243499,0x79b41914bf031738
005075,17,0,0,0,243499,0x79b41914bf031738
005075,18,0,0,0,243499,0x79b41914bf031738
005075,19,0,0,0,243499,0x79b41914bf031738
005075,20,0,0,0,243499,0x79b41914bf031738
005075,21,0,0,0,243499,0x79b41914bf031738
005075,22,0,0,0,243499,0x79b41914bf031738
005075,23,0,0,0,243499,0x79b41914bf031738
005075,24,0,0,0,243499,0x79b41914bf031738
005075,25,0,0,0,243499,0x79b41914bf031738
005075,26,0,0,0,243499,0x79b41914bf031738
005075,27,0,0,0,243499,0x79b41914bf031738
005075,28,0,0,0,243499,0x79b41914bf031738
005075,29,0,0,0,243499,0x79b41914bf031738
005075,30,0,0,0,243499,0x79b41914bf031738
005075,31,0,0,0,243499,0x79b41914bf031738
005075,0,0,0,0,243500,0x2946c1037d418187
005075,1,0,0,0,243500,0x2946c1037d418187
005075,2,0,0,0,243500,0x2946c1037d418187
005075,3,0,0,0,243500,0x2946c1037d418187
005075,4,0,0,0,243500,0x2946c1037d418187
005075,5,0,0,0,243500,0x2946c1037d418187
005075,6,0,0,0,243500,0x2946c1037d418187
005075,7,0,0,0,243500,0x2946c1037d418187
005075,8,0,0,0,243500,0x2946c1037d418187
005075,9,0,0,0,243500,0x2946c1037d418187
005075,10,0,0,0,243500,0x2946c1037d418187
005075,11,0,0,0,243500,0x2946c1037d418187
005075,12,0,0,0,243500,0x2946c1037d418187
005075,13,0,0,0,243500,0x2946c1037d418187
005075,14,0,0,0,243500,0x2946c1037d418187
005075,15,0,0,0,243500,0x2946c1037d418187
005075,16,0,0,0,243500,0x2946c1037d418187
005075,17,0,0,0,243500,0x2946c1037d418187
005075,18,0,0,0,243500,0x2946c1037d418187
005075,19,0,0,0,243500,0x2946c1037d418187
005075,20,0,0,0,243500,0x2946c1037d418187
005075,21,0,0,0,243500,0x2946c1037d418187
005075,22,0,0,0,243500,0x2946c1037d418187
005075,23,0,0,0,243500,0x2946c1037d418187
005075,24,0,0,0,243500,0x2946c1037d418187
005075,25,0,0,0,243500,0x2946c1037d418187
005075,26,0,0,0,243500,0x2946c1037d418187
005075,27,0,0,0,243500,0x2946c1037d418187
005075,28,0,0,0,243500,0x2946c1037d418187
005075,29,0,0,0,243500,0x2946c1037d418187
005075,30,0,0,0,243500,0x2946c1037d418187
005075,31,0,0,0,243500,0x2946c1037d418187
005075,0,0,0,0,243497,0xd212596e8b78df92
005075,1,0,0,0,243497,0xd212596e8b78df92
005075,2,0,0,0,243497,0xd212596e8b78df92
005075,3,0,0,0,243497,0xd212596e8b78df92
005075,4,0,0,0,243497,0xd212596e8b78df92
005075,5,0,0,0,243497,0xd212596e8b78df92
005075,6,0,0,0,243497,0xd212596e8b78df92
005075,7,0,0,0,243497,0xd212596e8b78df92
005075,8,0,0,0,243497,0xd212596e8b78df92
005075,9,0,0,0,243497,0xd212596e8b78df92
005075,10,0,0,0,243497,0xd212596e8b78df92
005075,11,0,0,0,243497,0xd212596e8b78df92
005075,12,0,0,0,243497,0xd212596e8b78df92
005075,13,0,0,0,243497,0xd212596e8b78df92
005075,14,0,0,0,243497,0xd212596e8b78df92
005075,15,0,0,0,243497,0xd212596e8b78df92
005075,16,0,0,0,243497,0xd212596e8b78df92
005075,17,0,0,0,243497,0xd212596e8b78df92
005075,18,0,0,0,243497,0xd212596e8b78df92
005075,19,0,0,0,243497,0xd212596e8b78df92
005075,20,0,0,0,243497,0xd212596e8b78df92
005075,21,0,0,0,243497,0xd212596e8b78df92
005075,22,0,0,0,243497,0xd212596e8b78df92
005075,23,0,0,0,243497,0xd212596e8b78df92
005075,24,0,0,0,243497,0xd212596e8b78df92
005075,25,0,0,0,243497,0xd212596e8b78df92
005075,26,0,0,0,243497,0xd212596e8b78df92
005075,27,0,0,0,243497,0xd212596e8b78df92
005075,28,0,0,0,243497,0xd212596e8b78df92
005075,29,0,0,0,243497,0xd212596e8b78df92
005075,30,0,0,0,243497,0xd212596e8b78df92
005075,31,0,0,0,243497,0xd212596e8b78df92
005062,0,18,19,23,211095,0x68397d93bb6f627d
005062,0,17,18,19,211094,0x68397d93bb6f627d
005062,1,15,19,18,211095,0x68397d93bb6f627d
005062,2,16,19,17,211095,0x68397d93bb6f627d
005062,0,12,16,17,211092,0x68397d93bb6f627d
005062,0,16,17,18,211093,0x68397d93bb6f627d
005062,3,16,19,18,211095,0x68397d93bb6f627d
005062,1,19,18,17,211094,0x68397d93bb6f627d
005062,2,14,18,16,211094,0x68397d93bb6f627d
005062,4,18,19,23,211095,0x68397d93bb6f627d
005062,3,19,18,22,211094,0x68397d93bb6f627d
005062,5,15,19,18,211095,0x68397d93bb6f627d
005062,4,17,18,19,211094,0x68397d93bb6f627d
005062,5,19,18,17,211094,0x68397d93bb6f627d
005062,6,16,19,17,211095,0x68397d93bb6f627d
005062,7,16,19,18,211095,0x68397d93bb6f627d
005062,6,14,18,16,211094,0x68397d93bb6f627d
005062,7,19,18,22,211094,0x68397d93bb6f627d
005062,1,17,16,20,211092,0x68397d93bb6f627d
005062,1,18,17,16,211093,0x68397d93bb6f627d
005062,2,19,17,21,211093,0x68397d93bb6f627d
005062,2,18,16,19,211092,0x68397d93bb6f627d
005062,3,13,17,16,211093,0x68397d93bb6f627d
005062,3,17,16,19,211092,0x68397d93bb6f627d
005062,4,16,17,18,211093,0x68397d93bb6f627d
005062,4,12,16,17,211092,0x68397d93bb6f627d
005062,5,18,17,16,211093,0x68397d93bb6f627d
005062,5,17,16,20,211092,0x68397d93bb6f627d
005062,6,19,17,21,211093,0x68397d93bb6f627d
005062,7,13,17,16,211093,0x68397d93bb6f627d
005062,6,18,16,19,211092,0x68397d93bb6f627d
005062,7,17,16,19,211092,0x68397d93bb6f627d
005062,0,0,0,0,211095,0x832b266731a8dc94
005062,1,0,0,0,211095,0x832b266731a8dc94
005062,2,0,0,0,211095,0x832b266731a8dc94
005062,3,0,0,0,211095,0x832b266731a8dc94
005062,4,0,0,0,211095,0x832b266731a8dc94
005062,5,0,0,0,211095,0x832b266731a8dc94
005062,6,0,0,0,211095,0x832b266731a8dc94
005062,7,0,0,0,211095,0x832b266731a8dc94
005062,8,0,0,0,211095,0x832b266731a8dc94
005062,9,0,0,0,211095,0x832b266731a8dc94
005062,10,0,0,0,211095,0x832b266731a8dc94
005062,11,0,0,0,211095,0x832b266731a8dc94
005062,12,0,0,0,211095,0x832b266731a8dc94
005062,13,0,0,0,211095,0x832b266731a8dc94
005062,14,0,0,0,211095,0x832b266731a8dc94
005062,15,0,0,0,211095,0x832b266731a8dc94
005062,16,0,0,0,211095,0x832b266731a8dc94
005062,17,0,0,0,211095,0x832b266731a8dc94
005062,18,0,0,0,211095,0x832b266731a8dc94
005062,19,0,0,0,211095,0x832b266731a8dc94
005062,20,0,0,0,211095,0x832b266731a8dc94
005062,21,0,0,0,211095,0x832b266731a8dc94
005062,22,0,0,0,211095,0x832b266731a8dc94
005062,23,0,0,0,211095,0x832b266731a8dc94
005062,24,0,0,0,211095,0x832b266731a8dc94
005062,25,0,0,0,211095,0x832b266731a8dc94
005062,26,0,0,0,211095,0x832b266731a8dc94
005062,27,0,0,0,211095,0x832b266731a8dc94
005062,28,0,0,0,211095,0x832b266731a8dc94
005062,29,0,0,0,211095,0x832b266731a8dc94
005062,30,0,0,0,211095,0x832b266731a8dc94
005062,31,0,0,0,211095,0x832b266731a8dc94
005062,0,0,0,0,211094,0xc945f3e193310c65
005062,1,0,0,0,211094,0xc945f3e193310c65
005062,2,0,0,0,211094,0xc945f3e193310c65
005062,3,0,0,0,211094,0xc945f3e193310c65
005062,4,0,0,0,211094,0xc945f3e193310c65
005062,5,0,0,0,211094,0xc945f3e193310c65
005062,6,0,0,0,211094,0xc945f3e193310c65
005062,7,0,0,0,211094,0xc945f3e193310c65
005062,8,0,0,0,211094,0xc945f3e193310c65
005062,9,0,0,0,211094,0xc945f3e193310c65
005062,10,0,0,0,211094,0xc945f3e193310c65
005062,11,0,0,0,211094,0xc945f3e193310c65
005062,12,0,0,0,211094,0xc945f3e193310c65
005062,13,0,0,0,211094,0xc945f3e193310c65
005062,14,0,0,0,211094,0xc945f3e193310c65
005062,15,0,0,0,211094,0xc945f3e193310c65
005062,16,0,0,0,211094,0xc945f3e193310c65
005062,17,0,0,0,211094,0xc945f3e193310c65
005062,18,0,0,0,211094,0xc945f3e193310c65
005062,19,0,0,0,211094,0xc945f3e193310c65
005062,20,0,0,0,211094,0xc945f3e193310c65
005062,21,0,0,0,211094,0xc945f3e193310c65
005062,22,0,0,0,211094,0xc945f3e193310c65
005062,23,0,0,0,211094,0xc945f3e193310c65
005062,24,0,0,0,211094,0xc945f3e193310c65
005062,25,0,0,0,211094,0xc945f3e193310c65
005062,26,0,0,0,211094,0xc945f3e193310c65
005062,27,0,0,0,211094,0xc945f3e193310c65
005062,28,0,0,0,211094,0xc945f3e193310c65
005062,29,0,0,0,211094,0xc945f3e193310c65
005062,30,0,0,0,211094,0xc945f3e193310c65
005062,31,0,0,0,211094,0xc945f3e193310c65
005062,0,0,0,0,211092,0x8d2fd63c0e47100f
005062,1,0,0,0,211092,0x8d2fd63c0e47100f
005062,2,0,0,0,211092,0x8d2fd63c0e47100f
005062,3,0,0,0,211092,0x8d2fd63c0e47100f
005062,4,0,0,0,211092,0x8d2fd63c0e47100f
005062,5,0,0,0,211092,0x8d2fd63c0e47100f
005062,6,0,0,0,211092,0x8d2fd63c0e47100f
005062,7,0,0,0,211092,0x8d2fd63c0e47100f
005062,8,0,0,0,211092,0x8d2fd63c0e47100f
005062,9,0,0,0,211092,0x8d2fd63c0e47100f
005062,10,0,0,0,211092,0x8d2fd63c0e47100f
005062,11,0,0,0,211092,0x8d2fd63c0e47100f
005062,12,0,0,0,211092,0x8d2fd63c0e47100f
005062,13,0,0,0,211092,0x8d2fd63c0e47100f
005062,14,0,0,0,211092,0x8d2fd63c0e47100f
005062,15,0,0,0,211092,0x8d2fd63c0e47100f
005062,16,0,0,0,211092,0x8d2fd63c0e47100f
005062,17,0,0,0,211092,0x8d2fd63c0e47100f
005062,18,0,0,0,211092,0x8d2fd63c0e47100f
005062,19,0,0,0,211092,0x8d2fd63c0e47100f
005062,20,0,0,0,211092,0x8d2fd63c0e47100f
005062,21,0,0,0,211092,0x8d2fd63c0e47100f
005062,22,0,0,0,211092,0x8d2fd63c0e47100f
005062,23,0,0,0,211092,0x8d2fd63c0e47100f
005062,24,0,0,0,211092,0x8d2fd63c0e47100f
005062,25,0,0,0,211092,0x8d2fd63c0e47100f
005062,26,0,0,0,211092,0x8d2fd63c0e47100f
005062,27,0,0,0,211092,0x8d2fd63c0e47100f
005062,28,0,0,0,211092,0x8d2fd63c0e47100f
005062,29,0,0,0,211092,0x8d2fd63c0e47100f
005062,30,0,0,0,211092,0x8d2fd63c0e47100f
005062,31,0,0,0,211092,0x8d2fd63c0e47100f
005062,0,0,0,0,211093,0x8d366627f9fcd6ce
005062,1,0,0,0,211093,0x8d366627f9fcd6ce
005062,2,0,0,0,211093,0x8d366627f9fcd6ce
005062,3,0,0,0,211093,0x8d366627f9fcd6ce
005062,4,0,0,0,211093,0x8d366627f9fcd6ce
005062,5,0,0,0,211093,0x8d366627f9fcd6ce
005062,6,0,0,0,211093,0x8d366627f9fcd6ce
005062,7,0,0,0,211093,0x8d366627f9fcd6ce
005062,8,0,0,0,211093,0x8d366627f9fcd6ce
005062,9,0,0,0,211093,0x8d366627f9fcd6ce
005062,10,0,0,0,211093,0x8d366627f9fcd6ce
005062,11,0,0,0,211093,0x8d366627f9fcd6ce
005062,12,0,0,0,211093,0x8d366627f9fcd6ce
005062,13,0,0,0,211093,0x8d366627f9fcd6ce
005062,14,0,0,0,211093,0x8d366627f9fcd6ce
005062,15,0,0,0,211093,0x8d366627f9fcd6ce
005062,16,0,0,0,211093,0x8d366627f9fcd6ce
005062,17,0,0,0,211093,0x8d366627f9fcd6ce
005062,18,0,0,0,211093,0x8d366627f9fcd6ce
005062,19,0,0,0,211093,0x8d366627f9fcd6ce
005062,20,0,0,0,211093,0x8d366627f9fcd6ce
005062,21,0,0,0,211093,0x8d366627f9fcd6ce
005062,22,0,0,0,211093,0x8d366627f9fcd6ce
005062,23,0,0,0,211093,0x8d366627f9fcd6ce
005062,24,0,0,0,211093,0x8d366627f9fcd6ce
005062,25,0,0,0,211093,0x8d366627f9fcd6ce
005062,26,0,0,0,211093,0x8d366627f9fcd6ce
005062,27,0,0,0,211093,0x8d366627f9fcd6ce
005062,28,0,0,0,211093,0x8d366627f9fcd6ce
005062,29,0,0,0,211093,0x8d366627f9fcd6ce
005062,30,0,0,0,211093,0x8d366627f9fcd6ce
005062,31,0,0,0,211093,0x8d366627f9fcd6ce
005062,0,18,19,23,211095,0xe7d12636594460c0
005062,1,15,19,18,211095,0xe7d12636594460c0
005062,2,16,19,17,211095,0xe7d12636594460c0
005062,3,16,19,18,211095,0xe7d12636594460c0
005062,4,18,19,23,211095,0xe7d12636594460c0
005062,5,15,19,18,211095,0xe7d12636594460c0
005062,6,16,19,17,211095,0xe7d12636594460c0
005062,7,16,19,18,211095,0xe7d12636594460c0
005062,0,17,18,19,211094,0xe7d12636594460c0
005062,0,12,16,17,211092,0xe7d12636594460c0
005062,0,16,17,18,211093,0xe7d12636594460c0
005062,1,19,18,17,211094,0xe7d12636594460c0
005062,2,14,18,16,211094,0xe7d12636594460c0
005062,3,19,18,22,211094,0xe7d12636594460c0
005062,4,17,18,19,211094,0xe7d12636594460c0
005062,5,19,18,17,211094,0xe7d12636594460c0
005062,6,14,18,16,211094,0xe7d12636594460c0
005062,7,19,18,22,211094,0xe7d12636594460c0
005062,1,17,16,20,211092,0xe7d12636594460c0
005062,2,18,16,19,211092,0xe7d12636594460c0
005062,3,17,16,19,211092,0xe7d12636594460c0
005062,1,18,17,16,211093,0xe7d12636594460c0
005062,4,12,16,17,211092,0xe7d12636594460c0
005062,2,19,17,21,211093,0xe7d12636594460c0
005062,5,17,16,20,211092,0xe7d12636594460c0
005062,3,13,17,16,211093,0xe7d12636594460c0
005062,6,18,16,19,211092,0xe7d12636594460c0
005062,7,17,16,19,211092,0xe7d12636594460c0
005062,4,16,17,18,211093,0xe7d12636594460c0
005062,5,18,17,16,211093,0xe7d12636594460c0
005062,6,19,17,21,211093,0xe7d12636594460c0
005062,7,13,17,16,211093,0xe7d12636594460c0
005062,0,0,0,0,211094,0x423e2f3fa842be9c
005062,1,0,0,0,211094,0x423e2f3fa842be9c
005062,2,0,0,0,211094,0x423e2f3fa842be9c
005062,3,0,0,0,211094,0x423e2f3fa842be9c
005062,4,0,0,0,211094,0x423e2f3fa842be9c
005062,5,0,0,0,211094,0x423e2f3fa842be9c
005062,6,0,0,0,211094,0x423e2f3fa842be9c
005062,7,0,0,0,211094,0x423e2f3fa842be9c
005062,8,0,0,0,211094,0x423e2f3fa842be9c
005062,9,0,0,0,211094,0x423e2f3fa842be9c
005062,10,0,0,0,211094,0x423e2f3fa842be9c
005062,11,0,0,0,211094,0x423e2f3fa842be9c
005062,12,0,0,0,211094,0x423e2f3fa842be9c
005062,13,0,0,0,211094,0x423e2f3fa842be9c
005062,14,0,0,0,211094,0x423e2f3fa842be9c
005062,15,0,0,0,211094,0x423e2f3fa842be9c
005062,16,0,0,0,211094,0x423e2f3fa842be9c
005062,17,0,0,0,211094,0x423e2f3fa842be9c
005062,18,0,0,0,211094,0x423e2f3fa842be9c
005062,19,0,0,0,211094,0x423e2f3fa842be9c
005062,20,0,0,0,211094,0x423e2f3fa842be9c
005062,21,0,0,0,211094,0x423e2f3fa842be9c
005062,22,0,0,0,211094,0x423e2f3fa842be9c
005062,23,0,0,0,211094,0x423e2f3fa842be9c
005062,24,0,0,0,211094,0x423e2f3fa842be9c
005062,25,0,0,0,211094,0x423e2f3fa842be9c
005062,26,0,0,0,211094,0x423e2f3fa842be9c
005062,27,0,0,0,211094,0x423e2f3fa842be9c
005062,28,0,0,0,211094,0x423e2f3fa842be9c
005062,29,0,0,0,211094,0x423e2f3fa842be9c
005062,30,0,0,0,211094,0x423e2f3fa842be9c
005062,31,0,0,0,211094,0x423e2f3fa842be9c
005062,0,0,0,0,211095,0xe394e13162bd417a
005062,1,0,0,0,211095,0xe394e13162bd417a
005062,2,0,0,0,211095,0xe394e13162bd417a
005062,3,0,0,0,211095,0xe394e13162bd417a
005062,4,0,0,0,211095,0xe394e13162bd417a
005062,5,0,0,0,211095,0xe394e13162bd417a
005062,6,0,0,0,211095,0xe394e13162bd417a
005062,7,0,0,0,211095,0xe394e13162bd417a
005062,8,0,0,0,211095,0xe394e13162bd417a
005062,9,0,0,0,211095,0xe394e13162bd417a
005062,10,0,0,0,211095,0xe394e13162bd417a
005062,11,0,0,0,211095,0xe394e13162bd417a
005062,12,0,0,0,211095,0xe394e13162bd417a
005062,13,0,0,0,211095,0xe394e13162bd417a
005062,14,0,0,0,211095,0xe394e13162bd417a
005062,15,0,0,0,211095,0xe394e13162bd417a
005062,16,0,0,0,211095,0xe394e13162bd417a
005062,17,0,0,0,211095,0xe394e13162bd417a
005062,18,0,0,0,211095,0xe394e13162bd417a
005062,19,0,0,0,211095,0xe394e13162bd417a
005062,20,0,0,0,211095,0xe394e13162bd417a
005062,21,0,0,0,211095,0xe394e13162bd417a
005062,22,0,0,0,211095,0xe394e13162bd417a
005062,23,0,0,0,211095,0xe394e13162bd417a
005062,24,0,0,0,211095,0xe394e13162bd417a
005062,25,0,0,0,211095,0xe394e13162bd417a
005062,26,0,0,0,211095,0xe394e13162bd417a
005062,27,0,0,0,211095,0xe394e13162bd417a
005062,28,0,0,0,211095,0xe394e13162bd417a
005062,29,0,0,0,211095,0xe394e13162bd417a
005062,30,0,0,0,211095,0xe394e13162bd417a
005062,31,0,0,0,211095,0xe394e13162bd417a
005062,0,0,0,0,211092,0x6ea34b18a3e6bb00
005062,1,0,0,0,211092,0x6ea34b18a3e6bb00
005062,2,0,0,0,211092,0x6ea34b18a3e6bb00
005062,3,0,0,0,211092,0x6ea34b18a3e6bb00
005062,4,0,0,0,211092,0x6ea34b18a3e6bb00
005062,5,0,0,0,211092,0x6ea34b18a3e6bb00
005062,6,0,0,0,211092,0x6ea34b18a3e6bb00
005062,7,0,0,0,211092,0x6ea34b18a3e6bb00
005062,8,0,0,0,211092,0x6ea34b18a3e6bb00
005062,9,0,0,0,211092,0x6ea34b18a3e6bb00
005062,10,0,0,0,211092,0x6ea34b18a3e6bb00
005062,11,0,0,0,211092,0x6ea34b18a3e6bb00
005062,12,0,0,0,211092,0x6ea34b18a3e6bb00
005062,13,0,0,0,211092,0x6ea34b18a3e6bb00
005062,14,0,0,0,211092,0x6ea34b18a3e6bb00
005062,15,0,0,0,211092,0x6ea34b18a3e6bb00
005062,16,0,0,0,211092,0x6ea34b18a3e6bb00
005062,17,0,0,0,211092,0x6ea34b18a3e6bb00
005062,18,0,0,0,211092,0x6ea34b18a3e6bb00
005062,19,0,0,0,211092,0x6ea34b18a3e6bb00
005062,20,0,0,0,211092,0x6ea34b18a3e6bb00
005062,21,0,0,0,211092,0x6ea34b18a3e6bb00
005062,22,0,0,0,211092,0x6ea34b18a3e6bb00
005062,23,0,0,0,211092,0x6ea34b18a3e6bb00
005062,24,0,0,0,211092,0x6ea34b18a3e6bb00
005062,25,0,0,0,211092,0x6ea34b18a3e6bb00
005062,26,0,0,0,211092,0x6ea34b18a3e6bb00
005062,27,0,0,0,211092,0x6ea34b18a3e6bb00
005062,28,0,0,0,211092,0x6ea34b18a3e6bb00
005062,29,0,0,0,211092,0x6ea34b18a3e6bb00
005062,30,0,0,0,211092,0x6ea34b18a3e6bb00
005062,31,0,0,0,211092,0x6ea34b18a3e6bb00
005062,0,0,0,0,211093,0xb09a48678d3bf990
005062,1,0,0,0,211093,0xb09a48678d3bf990
005062,2,0,0,0,211093,0xb09a48678d3bf990
005062,3,0,0,0,211093,0xb09a48678d3bf990
005062,4,0,0,0,211093,0xb09a48678d3bf990
005062,5,0,0,0,211093,0xb09a48678d3bf990
005062,6,0,0,0,211093,0xb09a48678d3bf990
005062,7,0,0,0,211093,0xb09a48678d3bf990
005062,8,0,0,0,211093,0xb09a48678d3bf990
005062,9,0,0,0,211093,0xb09a48678d3bf990
005062,10,0,0,0,211093,0xb09a48678d3bf990
005062,11,0,0,0,211093,0xb09a48678d3bf990
005062,12,0,0,0,211093,0xb09a48678d3bf990
005062,13,0,0,0,211093,0xb09a48678d3bf990
005062,14,0,0,0,211093,0xb09a48678d3bf990
005062,15,0,0,0,211093,0xb09a48678d3bf990
005062,16,0,0,0,211093,0xb09a48678d3bf990
005062,17,0,0,0,211093,0xb09a48678d3bf990
005062,18,0,0,0,211093,0xb09a48678d3bf990
005062,19,0,0,0,211093,0xb09a48678d3bf990
005062,20,0,0,0,211093,0xb09a48678d3bf990
005062,21,0,0,0,211093,0xb09a48678d3bf990
005062,22,0,0,0,211093,0xb09a48678d3bf990
005062,23,0,0,0,211093,0xb09a48678d3bf990
005062,24,0,0,0,211093,0xb09a48678d3bf990
005062,25,0,0,0,211093,0xb09a48678d3bf990
005062,26,0,0,0,211093,0xb09a48678d3bf990
005062,27,0,0,0,211093,0xb09a48678d3bf990
005062,28,0,0,0,211093,0xb09a48678d3bf990
005062,29,0,0,0,211093,0xb09a48678d3bf990
005062,30,0,0,0,211093,0xb09a48678d3bf990
005062,31,0,0,0,211093,0xb09a48678d3bf990
005096,0,114,115,119,171213,0x68397d93bb6f627d
005096,1,111,115,114,171213,0x68397d93bb6f627d
005096,2,112,115,113,171213,0x68397d93bb6f627d
005096,3,112,115,114,171213,0x68397d93bb6f627d
005096,4,114,115,119,171213,0x68397d93bb6f627d
005096,5,111,115,114,171213,0x68397d93bb6f627d
005096,0,113,114,115,171212,0x68397d93bb6f627d
005096,6,112,115,113,171213,0x68397d93bb6f627d
005096,7,112,115,114,171213,0x68397d93bb6f627d
005096,1,115,114,113,171212,0x68397d93bb6f627d
005096,2,110,114,112,171212,0x68397d93bb6f627d
005096,3,115,114,118,171212,0x68397d93bb6f627d
005096,4,113,114,115,171212,0x68397d93bb6f627d
005096,5,115,114,113,171212,0x68397d93bb6f627d
005096,6,110,114,112,171212,0x68397d93bb6f627d
005096,7,115,114,118,171212,0x68397d93bb6f627d
005096,0,112,113,114,171211,0x68397d93bb6f627d
005096,0,108,112,113,171210,0x68397d93bb6f627d
005096,1,113,112,116,171210,0x68397d93bb6f627d
005096,1,114,113,112,171211,0x68397d93bb6f627d
005096,2,114,112,115,171210,0x68397d93bb6f627d
005096,2,115,113,117,171211,0x68397d93bb6f627d
005096,3,113,112,115,171210,0x68397d93bb6f627d
005096,3,109,113,112,171211,0x68397d93bb6f627d
005096,4,108,112,113,171210,0x68397d93bb6f627d
005096,4,112,113,114,171211,0x68397d93bb6f627d
005096,5,113,112,116,171210,0x68397d93bb6f627d
005096,5,114,113,112,171211,0x68397d93bb6f627d
005096,6,114,112,115,171210,0x68397d93bb6f627d
005096,7,113,112,115,171210,0x68397d93bb6f627d
005096,6,115,113,117,171211,0x68397d93bb6f627d
005096,7,109,113,112,171211,0x68397d93bb6f627d
005096,0,0,0,0,171212,0xb01078c9275f9856
005096,1,0,0,0,171212,0xb01078c9275f9856
005096,2,0,0,0,171212,0xb01078c9275f9856
005096,3,0,0,0,171212,0xb01078c9275f9856
005096,4,0,0,0,171212,0xb01078c9275f9856
005096,5,0,0,0,171212,0xb01078c9275f9856
005096,6,0,0,0,171212,0xb01078c9275f9856
005096,7,0,0,0,171212,0xb01078c9275f9856
005096,8,0,0,0,171212,0xb01078c9275f9856
005096,9,0,0,0,171212,0xb01078c9275f9856
005096,10,0,0,0,171212,0xb01078c9275f9856
005096,11,0,0,0,171212,0xb01078c9275f9856
005096,12,0,0,0,171212,0xb01078c9275f9856
005096,13,0,0,0,171212,0xb01078c9275f9856
005096,14,0,0,0,171212,0xb01078c9275f9856
005096,15,0,0,0,171212,0xb01078c9275f9856
005096,16,0,0,0,171212,0xb01078c9275f9856
005096,17,0,0,0,171212,0xb01078c9275f9856
005096,18,0,0,0,171212,0xb01078c9275f9856
005096,19,0,0,0,171212,0xb01078c9275f9856
005096,20,0,0,0,171212,0xb01078c9275f9856
005096,21,0,0,0,171212,0xb01078c9275f9856
005096,22,0,0,0,171212,0xb01078c9275f9856
005096,23,0,0,0,171212,0xb01078c9275f9856
005096,24,0,0,0,171212,0xb01078c9275f9856
005096,25,0,0,0,171212,0xb01078c9275f9856
005096,26,0,0,0,171212,0xb01078c9275f9856
005096,27,0,0,0,171212,0xb01078c9275f9856
005096,28,0,0,0,171212,0xb01078c9275f9856
005096,29,0,0,0,171212,0xb01078c9275f9856
005096,30,0,0,0,171212,0xb01078c9275f9856
005096,31,0,0,0,171212,0xb01078c9275f9856
005096,0,0,0,0,171213,0xe3f0c0fbb0509c27
005096,1,0,0,0,171213,0xe3f0c0fbb0509c27
005096,2,0,0,0,171213,0xe3f0c0fbb0509c27
005096,3,0,0,0,171213,0xe3f0c0fbb0509c27
005096,4,0,0,0,171213,0xe3f0c0fbb0509c27
005096,5,0,0,0,171213,0xe3f0c0fbb0509c27
005096,6,0,0,0,171213,0xe3f0c0fbb0509c27
005096,7,0,0,0,171213,0xe3f0c0fbb0509c27
005096,8,0,0,0,171213,0xe3f0c0fbb0509c27
005096,9,0,0,0,171213,0xe3f0c0fbb0509c27
005096,10,0,0,0,171213,0xe3f0c0fbb0509c27
005096,11,0,0,0,171213,0xe3f0c0fbb0509c27
005096,12,0,0,0,171213,0xe3f0c0fbb0509c27
005096,13,0,0,0,171213,0xe3f0c0fbb0509c27
005096,14,0,0,0,171213,0xe3f0c0fbb0509c27
005096,15,0,0,0,171213,0xe3f0c0fbb0509c27
005096,16,0,0,0,171213,0xe3f0c0fbb0509c27
005096,17,0,0,0,171213,0xe3f0c0fbb0509c27
005096,18,0,0,0,171213,0xe3f0c0fbb0509c27
005096,19,0,0,0,171213,0xe3f0c0fbb0509c27
005096,20,0,0,0,171213,0xe3f0c0fbb0509c27
005096,21,0,0,0,171213,0xe3f0c0fbb0509c27
005096,22,0,0,0,171213,0xe3f0c0fbb0509c27
005096,23,0,0,0,171213,0xe3f0c0fbb0509c27
005096,24,0,0,0,171213,0xe3f0c0fbb0509c27
005096,25,0,0,0,171213,0xe3f0c0fbb0509c27
005096,26,0,0,0,171213,0xe3f0c0fbb0509c27
005096,27,0,0,0,171213,0xe3f0c0fbb0509c27
005096,28,0,0,0,171213,0xe3f0c0fbb0509c27
005096,29,0,0,0,171213,0xe3f0c0fbb0509c27
005096,30,0,0,0,171213,0xe3f0c0fbb0509c27
005096,31,0,0,0,171213,0xe3f0c0fbb0509c27
005096,0,0,0,0,171210,0x89cea460de3d895
005096,1,0,0,0,171210,0x89cea460de3d895
005096,2,0,0,0,171210,0x89cea460de3d895
005096,3,0,0,0,171210,0x89cea460de3d895
005096,4,0,0,0,171210,0x89cea460de3d895
005096,5,0,0,0,171210,0x89cea460de3d895
005096,6,0,0,0,171210,0x89cea460de3d895
005096,7,0,0,0,171210,0x89cea460de3d895
005096,8,0,0,0,171210,0x89cea460de3d895
005096,9,0,0,0,171210,0x89cea460de3d895
005096,10,0,0,0,171210,0x89cea460de3d895
005096,11,0,0,0,171210,0x89cea460de3d895
005096,12,0,0,0,171210,0x89cea460de3d895
005096,13,0,0,0,171210,0x89cea460de3d895
005096,14,0,0,0,171210,0x89cea460de3d895
005096,15,0,0,0,171210,0x89cea460de3d895
005096,16,0,0,0,171210,0x89cea460de3d895
005096,17,0,0,0,171210,0x89cea460de3d895
005096,18,0,0,0,171210,0x89cea460de3d895
005096,19,0,0,0,171210,0x89cea460de3d895
005096,20,0,0,0,171210,0x89cea460de3d895
005096,21,0,0,0,171210,0x89cea460de3d895
005096,22,0,0,0,171210,0x89cea460de3d895
005096,23,0,0,0,171210,0x89cea460de3d895
005096,24,0,0,0,171210,0x89cea460de3d895
005096,25,0,0,0,171210,0x89cea460de3d895
005096,26,0,0,0,171210,0x89cea460de3d895
005096,27,0,0,0,171210,0x89cea460de3d895
005096,28,0,0,0,171210,0x89cea460de3d895
005096,29,0,0,0,171210,0x89cea460de3d895
005096,30,0,0,0,171210,0x89cea460de3d895
005096,31,0,0,0,171210,0x89cea460de3d895
005096,0,0,0,0,171211,0x45893c12bb624cf0
005096,1,0,0,0,171211,0x45893c12bb624cf0
005096,2,0,0,0,171211,0x45893c12bb624cf0
005096,3,0,0,0,171211,0x45893c12bb624cf0
005096,4,0,0,0,171211,0x45893c12bb624cf0
005096,5,0,0,0,171211,0x45893c12bb624cf0
005096,6,0,0,0,171211,0x45893c12bb624cf0
005096,7,0,0,0,171211,0x45893c12bb624cf0
005096,8,0,0,0,171211,0x45893c12bb624cf0
005096,9,0,0,0,171211,0x45893c12bb624cf0
005096,10,0,0,0,171211,0x45893c12bb624cf0
005096,11,0,0,0,171211,0x45893c12bb624cf0
005096,12,0,0,0,171211,0x45893c12bb624cf0
005096,13,0,0,0,171211,0x45893c12bb624cf0
005096,14,0,0,0,171211,0x45893c12bb624cf0
005096,15,0,0,0,171211,0x45893c12bb624cf0
005096,16,0,0,0,171211,0x45893c12bb624cf0
005096,17,0,0,0,171211,0x45893c12bb624cf0
005096,18,0,0,0,171211,0x45893c12bb624cf0
005096,19,0,0,0,171211,0x45893c12bb624cf0
005096,20,0,0,0,171211,0x45893c12bb624cf0
005096,21,0,0,0,171211,0x45893c12bb624cf0
005096,22,0,0,0,171211,0x45893c12bb624cf0
005096,23,0,0,0,171211,0x45893c12bb624cf0
005096,24,0,0,0,171211,0x45893c12bb624cf0
005096,25,0,0,0,171211,0x45893c12bb624cf0
005096,26,0,0,0,171211,0x45893c12bb624cf0
005096,27,0,0,0,171211,0x45893c12bb624cf0
005096,28,0,0,0,171211,0x45893c12bb624cf0
005096,29,0,0,0,171211,0x45893c12bb624cf0
005096,30,0,0,0,171211,0x45893c12bb624cf0
005096,31,0,0,0,171211,0x45893c12bb624cf0
005096,0,108,112,113,171210,0xe7d12636594460c0
005096,1,113,112,116,171210,0xe7d12636594460c0
005096,2,114,112,115,171210,0xe7d12636594460c0
005096,3,113,112,115,171210,0xe7d12636594460c0
005096,4,108,112,113,171210,0xe7d12636594460c0
005096,5,113,112,116,171210,0xe7d12636594460c0
005096,6,114,112,115,171210,0xe7d12636594460c0
005096,7,113,112,115,171210,0xe7d12636594460c0
005096,0,112,113,114,171211,0xe7d12636594460c0
005096,1,114,113,112,171211,0xe7d12636594460c0
005096,2,115,113,117,171211,0xe7d12636594460c0
005096,3,109,113,112,171211,0xe7d12636594460c0
005096,4,112,113,114,171211,0xe7d12636594460c0
005096,5,114,113,112,171211,0xe7d12636594460c0
005096,6,115,113,117,171211,0xe7d12636594460c0
005096,7,109,113,112,171211,0xe7d12636594460c0
005096,0,113,114,115,171212,0xe7d12636594460c0
005096,1,115,114,113,171212,0xe7d12636594460c0
005096,2,110,114,112,171212,0xe7d12636594460c0
005096,3,115,114,118,171212,0xe7d12636594460c0
005096,4,113,114,115,171212,0xe7d12636594460c0
005096,5,115,114,113,171212,0xe7d12636594460c0
005096,6,110,114,112,171212,0xe7d12636594460c0
005096,7,115,114,118,171212,0xe7d12636594460c0
005096,0,114,115,119,171213,0xe7d12636594460c0
005096,1,111,115,114,171213,0xe7d12636594460c0
005096,2,112,115,113,171213,0xe7d12636594460c0
005096,3,112,115,114,171213,0xe7d12636594460c0
005096,4,114,115,119,171213,0xe7d12636594460c0
005096,5,111,115,114,171213,0xe7d12636594460c0
005096,6,112,115,113,171213,0xe7d12636594460c0
005096,7,112,115,114,171213,0xe7d12636594460c0
005096,0,0,0,0,171212,0x5242c6f15f5c1e0f
005096,1,0,0,0,171212,0x5242c6f15f5c1e0f
005096,2,0,0,0,171212,0x5242c6f15f5c1e0f
005096,3,0,0,0,171212,0x5242c6f15f5c1e0f
005096,4,0,0,0,171212,0x5242c6f15f5c1e0f
005096,5,0,0,0,171212,0x5242c6f15f5c1e0f
005096,6,0,0,0,171212,0x5242c6f15f5c1e0f
005096,7,0,0,0,171212,0x5242c6f15f5c1e0f
005096,8,0,0,0,171212,0x5242c6f15f5c1e0f
005096,9,0,0,0,171212,0x5242c6f15f5c1e0f
005096,10,0,0,0,171212,0x5242c6f15f5c1e0f
005096,11,0,0,0,171212,0x5242c6f15f5c1e0f
005096,12,0,0,0,171212,0x5242c6f15f5c1e0f
005096,13,0,0,0,171212,0x5242c6f15f5c1e0f
005096,14,0,0,0,171212,0x5242c6f15f5c1e0f
005096,15,0,0,0,171212,0x5242c6f15f5c1e0f
005096,16,0,0,0,171212,0x5242c6f15f5c1e0f
005096,17,0,0,0,171212,0x5242c6f15f5c1e0f
005096,18,0,0,0,171212,0x5242c6f15f5c1e0f
005096,19,0,0,0,171212,0x5242c6f15f5c1e0f
005096,20,0,0,0,171212,0x5242c6f15f5c1e0f
005096,21,0,0,0,171212,0x5242c6f15f5c1e0f
005096,22,0,0,0,171212,0x5242c6f15f5c1e0f
005096,23,0,0,0,171212,0x5242c6f15f5c1e0f
005096,24,0,0,0,171212,0x5242c6f15f5c1e0f
005096,25,0,0,0,171212,0x5242c6f15f5c1e0f
005096,26,0,0,0,171212,0x5242c6f15f5c1e0f
005096,27,0,0,0,171212,0x5242c6f15f5c1e0f
005096,28,0,0,0,171212,0x5242c6f15f5c1e0f
005096,29,0,0,0,171212,0x5242c6f15f5c1e0f
005096,30,0,0,0,171212,0x5242c6f15f5c1e0f
005096,31,0,0,0,171212,0x5242c6f15f5c1e0f
005096,0,0,0,0,171211,0x2c2dff1d22511abb
005096,1,0,0,0,171211,0x2c2dff1d22511abb
005096,2,0,0,0,171211,0x2c2dff1d22511abb
005096,3,0,0,0,171211,0x2c2dff1d22511abb
005096,4,0,0,0,171211,0x2c2dff1d22511abb
005096,5,0,0,0,171211,0x2c2dff1d22511abb
005096,6,0,0,0,171211,0x2c2dff1d22511abb
005096,7,0,0,0,171211,0x2c2dff1d22511abb
005096,8,0,0,0,171211,0x2c2dff1d22511abb
005096,9,0,0,0,171211,0x2c2dff1d22511abb
005096,10,0,0,0,171211,0x2c2dff1d22511abb
005096,11,0,0,0,171211,0x2c2dff1d22511abb
005096,12,0,0,0,171211,0x2c2dff1d22511abb
005096,13,0,0,0,171211,0x2c2dff1d22511abb
005096,14,0,0,0,171211,0x2c2dff1d22511abb
005096,15,0,0,0,171211,0x2c2dff1d22511abb
005096,16,0,0,0,171211,0x2c2dff1d22511abb
005096,17,0,0,0,171211,0x2c2dff1d22511abb
005096,18,0,0,0,171211,0x2c2dff1d22511abb
005096,19,0,0,0,171211,0x2c2dff1d22511abb
005096,20,0,0,0,171211,0x2c2dff1d22511abb
005096,21,0,0,0,171211,0x2c2dff1d22511abb
005096,22,0,0,0,171211,0x2c2dff1d22511abb
005096,23,0,0,0,171211,0x2c2dff1d22511abb
005096,24,0,0,0,171211,0x2c2dff1d22511abb
005096,25,0,0,0,171211,0x2c2dff1d22511abb
005096,26,0,0,0,171211,0x2c2dff1d22511abb
005096,27,0,0,0,171211,0x2c2dff1d22511abb
005096,28,0,0,0,171211,0x2c2dff1d22511abb
005096,29,0,0,0,171211,0x2c2dff1d22511abb
005096,30,0,0,0,171211,0x2c2dff1d22511abb
005096,31,0,0,0,171211,0x2c2dff1d22511abb
005096,0,0,0,0,171213,0x66ffbe89cee3a6b4
005096,1,0,0,0,171213,0x66ffbe89cee3a6b4
005096,2,0,0,0,171213,0x66ffbe89cee3a6b4
005096,3,0,0,0,171213,0x66ffbe89cee3a6b4
005096,4,0,0,0,171213,0x66ffbe89cee3a6b4
005096,5,0,0,0,171213,0x66ffbe89cee3a6b4
005096,6,0,0,0,171213,0x66ffbe89cee3a6b4
005096,7,0,0,0,171213,0x66ffbe89cee3a6b4
005096,8,0,0,0,171213,0x66ffbe89cee3a6b4
005096,9,0,0,0,171213,0x66ffbe89cee3a6b4
005096,10,0,0,0,171213,0x66ffbe89cee3a6b4
005096,11,0,0,0,171213,0x66ffbe89cee3a6b4
005096,12,0,0,0,171213,0x66ffbe89cee3a6b4
005096,13,0,0,0,171213,0x66ffbe89cee3a6b4
005096,14,0,0,0,171213,0x66ffbe89cee3a6b4
005096,15,0,0,0,171213,0x66ffbe89cee3a6b4
005096,16,0,0,0,171213,0x66ffbe89cee3a6b4
005096,17,0,0,0,171213,0x66ffbe89cee3a6b4
005096,18,0,0,0,171213,0x66ffbe89cee3a6b4
005096,19,0,0,0,171213,0x66ffbe89cee3a6b4
005096,20,0,0,0,171213,0x66ffbe89cee3a6b4
005096,21,0,0,0,171213,0x66ffbe89cee3a6b4
005096,22,0,0,0,171213,0x66ffbe89cee3a6b4
005096,23,0,0,0,171213,0x66ffbe89cee3a6b4
005096,24,0,0,0,171213,0x66ffbe89cee3a6b4
005096,25,0,0,0,171213,0x66ffbe89cee3a6b4
005096,26,0,0,0,171213,0x66ffbe89cee3a6b4
005096,27,0,0,0,171213,0x66ffbe89cee3a6b4
005096,28,0,0,0,171213,0x66ffbe89cee3a6b4
005096,29,0,0,0,171213,0x66ffbe89cee3a6b4
005096,30,0,0,0,171213,0x66ffbe89cee3a6b4
005096,31,0,0,0,171213,0x66ffbe89cee3a6b4
005096,0,0,0,0,171210,0xe83a2bd9984fd861
005096,1,0,0,0,171210,0xe83a2bd9984fd861
005096,2,0,0,0,171210,0xe83a2bd9984fd861
005096,3,0,0,0,171210,0xe83a2bd9984fd861
005096,4,0,0,0,171210,0xe83a2bd9984fd861
005096,5,0,0,0,171210,0xe83a2bd9984fd861
005096,6,0,0,0,171210,0xe83a2bd9984fd861
005096,7,0,0,0,171210,0xe83a2bd9984fd861
005096,8,0,0,0,171210,0xe83a2bd9984fd861
005096,9,0,0,0,171210,0xe83a2bd9984fd861
005096,10,0,0,0,171210,0xe83a2bd9984fd861
005096,11,0,0,0,171210,0xe83a2bd9984fd861
005096,12,0,0,0,171210,0xe83a2bd9984fd861
005096,13,0,0,0,171210,0xe83a2bd9984fd861
005096,14,0,0,0,171210,0xe83a2bd9984fd861
005096,15,0,0,0,171210,0xe83a2bd9984fd861
005096,16,0,0,0,171210,0xe83a2bd9984fd861
005096,17,0,0,0,171210,0xe83a2bd9984fd861
005096,18,0,0,0,171210,0xe83a2bd9984fd861
005096,19,0,0,0,171210,0xe83a2bd9984fd861
005096,20,0,0,0,171210,0xe83a2bd9984fd861
005096,21,0,0,0,171210,0xe83a2bd9984fd861
005096,22,0,0,0,171210,0xe83a2bd9984fd861
005096,23,0,0,0,171210,0xe83a2bd9984fd861
005096,24,0,0,0,171210,0xe83a2bd9984fd861
005096,25,0,0,0,171210,0xe83a2bd9984fd861
005096,26,0,0,0,171210,0xe83a2bd9984fd861
005096,27,0,0,0,171210,0xe83a2bd9984fd861
005096,28,0,0,0,171210,0xe83a2bd9984fd861
005096,29,0,0,0,171210,0xe83a2bd9984fd861
005096,30,0,0,0,171210,0xe83a2bd9984fd861
005096,31,0,0,0,171210,0xe83a2bd9984fd861
005078,0,67,71,70,289669,0x68397d93bb6f627d
005078,1,70,71,75,289669,0x68397d93bb6f627d
005078,2,68,71,70,289669,0x68397d93bb6f627d
005078,3,68,71,69,289669,0x68397d93bb6f627d
005078,4,67,71,70,289669,0x68397d93bb6f627d
005078,5,70,71,75,289669,0x68397d93bb6f627d
005078,6,68,71,70,289669,0x68397d93bb6f627d
005078,7,68,71,69,289669,0x68397d93bb6f627d
005078,0,71,70,69,289667,0x68397d93bb6f627d
005078,0,70,69,68,289666,0x68397d93bb6f627d
005078,1,69,70,71,289667,0x68397d93bb6f627d
005078,2,71,70,74,289667,0x68397d93bb6f627d
005078,3,66,70,68,289667,0x68397d93bb6f627d
005078,4,71,70,69,289667,0x68397d93bb6f627d
005078,5,69,70,71,289667,0x68397d93bb6f627d
005078,1,68,69,70,289666,0x68397d93bb6f627d
005078,6,71,70,74,289667,0x68397d93bb6f627d
005078,2,65,69,68,289666,0x68397d93bb6f627d
005078,7,66,70,68,289667,0x68397d93bb6f627d
005078,3,71,69,73,289666,0x68397d93bb6f627d
005078,4,70,69,68,289666,0x68397d93bb6f627d
005078,5,68,69,70,289666,0x68397d93bb6f627d
005078,6,65,69,68,289666,0x68397d93bb6f627d
005078,7,71,69,73,289666,0x68397d93bb6f627d
005078,0,69,68,72,289665,0x68397d93bb6f627d
005078,1,64,68,69,289665,0x68397d93bb6f627d
005078,2,69,68,71,289665,0x68397d93bb6f627d
005078,3,70,68,71,289665,0x68397d93bb6f627d
005078,4,69,68,72,289665,0x68397d93bb6f627d
005078,5,64,68,69,289665,0x68397d93bb6f627d
005078,6,69,68,71,289665,0x68397d93bb6f627d
005078,7,70,68,71,289665,0x68397d93bb6f627d
005078,0,0,0,0,289665,0xd2626f6310c8235a
005078,1,0,0,0,289665,0xd2626f6310c8235a
005078,2,0,0,0,289665,0xd2626f6310c8235a
005078,3,0,0,0,289665,0xd2626f6310c8235a
005078,4,0,0,0,289665,0xd2626f6310c8235a
005078,5,0,0,0,289665,0xd2626f6310c8235a
005078,6,0,0,0,289665,0xd2626f6310c8235a
005078,7,0,0,0,289665,0xd2626f6310c8235a
005078,8,0,0,0,289665,0xd2626f6310c8235a
005078,9,0,0,0,289665,0xd2626f6310c8235a
005078,10,0,0,0,289665,0xd2626f6310c8235a
005078,11,0,0,0,289665,0xd2626f6310c8235a
005078,12,0,0,0,289665,0xd2626f6310c8235a
005078,13,0,0,0,289665,0xd2626f6310c8235a
005078,14,0,0,0,289665,0xd2626f6310c8235a
005078,15,0,0,0,289665,0xd2626f6310c8235a
005078,16,0,0,0,289665,0xd2626f6310c8235a
005078,17,0,0,0,289665,0xd2626f6310c8235a
005078,18,0,0,0,289665,0xd2626f6310c8235a
005078,19,0,0,0,289665,0xd2626f6310c8235a
005078,20,0,0,0,289665,0xd2626f6310c8235a
005078,21,0,0,0,289665,0xd2626f6310c8235a
005078,22,0,0,0,289665,0xd2626f6310c8235a
005078,23,0,0,0,289665,0xd2626f6310c8235a
005078,24,0,0,0,289665,0xd2626f6310c8235a
005078,25,0,0,0,289665,0xd2626f6310c8235a
005078,26,0,0,0,289665,0xd2626f6310c8235a
005078,27,0,0,0,289665,0xd2626f6310c8235a
005078,28,0,0,0,289665,0xd2626f6310c8235a
005078,29,0,0,0,289665,0xd2626f6310c8235a
005078,30,0,0,0,289665,0xd2626f6310c8235a
005078,31,0,0,0,289665,0xd2626f6310c8235a
005078,0,0,0,0,289667,0x315c85679d6d00c2
005078,1,0,0,0,289667,0x315c85679d6d00c2
005078,2,0,0,0,289667,0x315c85679d6d00c2
005078,3,0,0,0,289667,0x315c85679d6d00c2
005078,4,0,0,0,289667,0x315c85679d6d00c2
005078,5,0,0,0,289667,0x315c85679d6d00c2
005078,6,0,0,0,289667,0x315c85679d6d00c2
005078,7,0,0,0,289667,0x315c85679d6d00c2
005078,8,0,0,0,289667,0x315c85679d6d00c2
005078,9,0,0,0,289667,0x315c85679d6d00c2
005078,10,0,0,0,289667,0x315c85679d6d00c2
005078,11,0,0,0,289667,0x315c85679d6d00c2
005078,12,0,0,0,289667,0x315c85679d6d00c2
005078,13,0,0,0,289667,0x315c85679d6d00c2
005078,14,0,0,0,289667,0x315c85679d6d00c2
005078,15,0,0,0,289667,0x315c85679d6d00c2
005078,16,0,0,0,289667,0x315c85679d6d00c2
005078,17,0,0,0,289667,0x315c85679d6d00c2
005078,18,0,0,0,289667,0x315c85679d6d00c2
005078,19,0,0,0,289667,0x315c85679d6d00c2
005078,20,0,0,0,289667,0x315c85679d6d00c2
005078,21,0,0,0,289667,0x315c85679d6d00c2
005078,22,0,0,0,289667,0x315c85679d6d00c2
005078,23,0,0,0,289667,0x315c85679d6d00c2
005078,24,0,0,0,289667,0x315c85679d6d00c2
005078,25,0,0,0,289667,0x315c85679d6d00c2
005078,26,0,0,0,289667,0x315c85679d6d00c2
005078,27,0,0,0,289667,0x315c85679d6d00c2
005078,28,0,0,0,289667,0x315c85679d6d00c2
005078,29,0,0,0,289667,0x315c85679d6d00c2
005078,30,0,0,0,289667,0x315c85679d6d00c2
005078,31,0,0,0,289667,0x315c85679d6d00c2
005078,0,0,0,0,289666,0x13d3482e8f4da1e3
005078,1,0,0,0,289666,0x13d3482e8f4da1e3
005078,2,0,0,0,289666,0x13d3482e8f4da1e3
005078,3,0,0,0,289666,0x13d3482e8f4da1e3
005078,4,0,0,0,289666,0x13d3482e8f4da1e3
005078,5,0,0,0,289666,0x13d3482e8f4da1e3
005078,6,0,0,0,289666,0x13d3482e8f4da1e3
005078,7,0,0,0,289666,0x13d3482e8f4da1e3
005078,8,0,0,0,289666,0x13d3482e8f4da1e3
005078,9,0,0,0,289666,0x13d3482e8f4da1e3
005078,10,0,0,0,289666,0x13d3482e8f4da1e3
005078,11,0,0,0,289666,0x13d3482e8f4da1e3
005078,12,0,0,0,289666,0x13d3482e8f4da1e3
005078,13,0,0,0,289666,0x13d3482e8f4da1e3
005078,14,0,0,0,289666,0x13d3482e8f4da1e3
005078,15,0,0,0,289666,0x13d3482e8f4da1e3
005078,16,0,0,0,289666,0x13d3482e8f4da1e3
005078,17,0,0,0,289666,0x13d3482e8f4da1e3
005078,18,0,0,0,289666,0x13d3482e8f4da1e3
005078,19,0,0,0,289666,0x13d3482e8f4da1e3
005078,20,0,0,0,289666,0x13d3482e8f4da1e3
005078,21,0,0,0,289666,0x13d3482e8f4da1e3
005078,22,0,0,0,289666,0x13d3482e8f4da1e3
005078,23,0,0,0,289666,0x13d3482e8f4da1e3
005078,24,0,0,0,289666,0x13d3482e8f4da1e3
005078,25,0,0,0,289666,0x13d3482e8f4da1e3
005078,26,0,0,0,289666,0x13d3482e8f4da1e3
005078,27,0,0,0,289666,0x13d3482e8f4da1e3
005078,28,0,0,0,289666,0x13d3482e8f4da1e3
005078,29,0,0,0,289666,0x13d3482e8f4da1e3
005078,30,0,0,0,289666,0x13d3482e8f4da1e3
005078,31,0,0,0,289666,0x13d3482e8f4da1e3
005078,0,0,0,0,289669,0xebb5b3abb5b6cc49
005078,1,0,0,0,289669,0xebb5b3abb5b6cc49
005078,2,0,0,0,289669,0xebb5b3abb5b6cc49
005078,3,0,0,0,289669,0xebb5b3abb5b6cc49
005078,4,0,0,0,289669,0xebb5b3abb5b6cc49
005078,5,0,0,0,289669,0xebb5b3abb5b6cc49
005078,6,0,0,0,289669,0xebb5b3abb5b6cc49
005078,7,0,0,0,289669,0xebb5b3abb5b6cc49
005078,8,0,0,0,289669,0xebb5b3abb5b6cc49
005078,9,0,0,0,289669,0xebb5b3abb5b6cc49
005078,10,0,0,0,289669,0xebb5b3abb5b6cc49
005078,11,0,0,0,289669,0xebb5b3abb5b6cc49
005078,12,0,0,0,289669,0xebb5b3abb5b6cc49
005078,13,0,0,0,289669,0xebb5b3abb5b6cc49
005078,14,0,0,0,289669,0xebb5b3abb5b6cc49
005078,15,0,0,0,289669,0xebb5b3abb5b6cc49
005078,16,0,0,0,289669,0xebb5b3abb5b6cc49
005078,17,0,0,0,289669,0xebb5b3abb5b6cc49
005078,18,0,0,0,289669,0xebb5b3abb5b6cc49
005078,19,0,0,0,289669,0xebb5b3abb5b6cc49
005078,20,0,0,0,289669,0xebb5b3abb5b6cc49
005078,21,0,0,0,289669,0xebb5b3abb5b6cc49
005078,22,0,0,0,289669,0xebb5b3abb5b6cc49
005078,23,0,0,0,289669,0xebb5b3abb5b6cc49
005078,24,0,0,0,289669,0xebb5b3abb5b6cc49
005078,25,0,0,0,289669,0xebb5b3abb5b6cc49
005078,26,0,0,0,289669,0xebb5b3abb5b6cc49
005078,27,0,0,0,289669,0xebb5b3abb5b6cc49
005078,28,0,0,0,289669,0xebb5b3abb5b6cc49
005078,29,0,0,0,289669,0xebb5b3abb5b6cc49
005078,30,0,0,0,289669,0xebb5b3abb5b6cc49
005078,31,0,0,0,289669,0xebb5b3abb5b6cc49
005078,0,67,71,70,289669,0xe7d12636594460c0
005078,0,71,70,69,289667,0xe7d12636594460c0
005078,1,70,71,75,289669,0xe7d12636594460c0
005078,2,68,71,70,289669,0xe7d12636594460c0
005078,1,69,70,71,289667,0xe7d12636594460c0
005078,3,68,71,69,289669,0xe7d12636594460c0
005078,2,71,70,74,289667,0xe7d12636594460c0
005078,4,67,71,70,289669,0xe7d12636594460c0
005078,3,66,70,68,289667,0xe7d12636594460c0
005078,5,70,71,75,289669,0xe7d12636594460c0
005078,4,71,70,69,289667,0xe7d12636594460c0
005078,6,68,71,70,289669,0xe7d12636594460c0
005078,5,69,70,71,289667,0xe7d12636594460c0
005078,6,71,70,74,289667,0xe7d12636594460c0
005078,7,68,71,69,289669,0xe7d12636594460c0
005078,7,66,70,68,289667,0xe7d12636594460c0
005078,0,70,69,68,289666,0xe7d12636594460c0
005078,0,69,68,72,289665,0xe7d12636594460c0
005078,1,68,69,70,289666,0xe7d12636594460c0
005078,2,65,69,68,289666,0xe7d12636594460c0
005078,1,64,68,69,289665,0xe7d12636594460c0
005078,3,71,69,73,289666,0xe7d12636594460c0
005078,2,69,68,71,289665,0xe7d12636594460c0
005078,4,70,69,68,289666,0xe7d12636594460c0
005078,3,70,68,71,289665,0xe7d12636594460c0
005078,5,68,69,70,289666,0xe7d12636594460c0
005078,4,69,68,72,289665,0xe7d12636594460c0
005078,6,65,69,68,289666,0xe7d12636594460c0
005078,5,64,68,69,289665,0xe7d12636594460c0
005078,7,71,69,73,289666,0xe7d12636594460c0
005078,6,69,68,71,289665,0xe7d12636594460c0
005078,7,70,68,71,289665,0xe7d12636594460c0
005078,0,0,0,0,289666,0x1a9018506201ed95
005078,1,0,0,0,289666,0x1a9018506201ed95
005078,2,0,0,0,289666,0x1a9018506201ed95
005078,3,0,0,0,289666,0x1a9018506201ed95
005078,4,0,0,0,289666,0x1a9018506201ed95
005078,5,0,0,0,289666,0x1a9018506201ed95
005078,6,0,0,0,289666,0x1a9018506201ed95
005078,7,0,0,0,289666,0x1a9018506201ed95
005078,8,0,0,0,289666,0x1a9018506201ed95
005078,9,0,0,0,289666,0x1a9018506201ed95
005078,10,0,0,0,289666,0x1a9018506201ed95
005078,11,0,0,0,289666,0x1a9018506201ed95
005078,12,0,0,0,289666,0x1a9018506201ed95
005078,13,0,0,0,289666,0x1a9018506201ed95
005078,14,0,0,0,289666,0x1a9018506201ed95
005078,15,0,0,0,289666,0x1a9018506201ed95
005078,16,0,0,0,289666,0x1a9018506201ed95
005078,17,0,0,0,289666,0x1a9018506201ed95
005078,18,0,0,0,289666,0x1a9018506201ed95
005078,19,0,0,0,289666,0x1a9018506201ed95
005078,20,0,0,0,289666,0x1a9018506201ed95
005078,21,0,0,0,289666,0x1a9018506201ed95
005078,22,0,0,0,289666,0x1a9018506201ed95
005078,23,0,0,0,289666,0x1a9018506201ed95
005078,24,0,0,0,289666,0x1a9018506201ed95
005078,25,0,0,0,289666,0x1a9018506201ed95
005078,26,0,0,0,289666,0x1a9018506201ed95
005078,27,0,0,0,289666,0x1a9018506201ed95
005078,28,0,0,0,289666,0x1a9018506201ed95
005078,29,0,0,0,289666,0x1a9018506201ed95
005078,30,0,0,0,289666,0x1a9018506201ed95
005078,31,0,0,0,289666,0x1a9018506201ed95
005078,0,0,0,0,289665,0xebb753bcae43857b
005078,1,0,0,0,289665,0xebb753bcae43857b
005078,2,0,0,0,289665,0xebb753bcae43857b
005078,3,0,0,0,289665,0xebb753bcae43857b
005078,4,0,0,0,289665,0xebb753bcae43857b
005078,5,0,0,0,289665,0xebb753bcae43857b
005078,6,0,0,0,289665,0xebb753bcae43857b
005078,7,0,0,0,289665,0xebb753bcae43857b
005078,8,0,0,0,289665,0xebb753bcae43857b
005078,9,0,0,0,289665,0xebb753bcae43857b
005078,10,0,0,0,289665,0xebb753bcae43857b
005078,11,0,0,0,289665,0xebb753bcae43857b
005078,12,0,0,0,289665,0xebb753bcae43857b
005078,13,0,0,0,289665,0xebb753bcae43857b
005078,14,0,0,0,289665,0xebb753bcae43857b
005078,15,0,0,0,289665,0xebb753bcae43857b
005078,16,0,0,0,289665,0xebb753bcae43857b
005078,17,0,0,0,289665,0xebb753bcae43857b
005078,18,0,0,0,289665,0xebb753bcae43857b
005078,19,0,0,0,289665,0xebb753bcae43857b
005078,20,0,0,0,289665,0xebb753bcae43857b
005078,21,0,0,0,289665,0xebb753bcae43857b
005078,22,0,0,0,289665,0xebb753bcae43857b
005078,23,0,0,0,289665,0xebb753bcae43857b
005078,24,0,0,0,289665,0xebb753bcae43857b
005078,25,0,0,0,289665,0xebb753bcae43857b
005078,26,0,0,0,289665,0xebb753bcae43857b
005078,27,0,0,0,289665,0xebb753bcae43857b
005078,28,0,0,0,289665,0xebb753bcae43857b
005078,29,0,0,0,289665,0xebb753bcae43857b
005078,30,0,0,0,289665,0xebb753bcae43857b
005078,31,0,0,0,289665,0xebb753bcae43857b
005078,0,0,0,0,289667,0x9fdb85f1d34d2d48
005078,1,0,0,0,289667,0x9fdb85f1d34d2d48
005078,2,0,0,0,289667,0x9fdb85f1d34d2d48
005078,3,0,0,0,289667,0x9fdb85f1d34d2d48
005078,4,0,0,0,289667,0x9fdb85f1d34d2d48
005078,5,0,0,0,289667,0x9fdb85f1d34d2d48
005078,6,0,0,0,289667,0x9fdb85f1d34d2d48
005078,7,0,0,0,289667,0x9fdb85f1d34d2d48
005078,8,0,0,0,289667,0x9fdb85f1d34d2d48
005078,9,0,0,0,289667,0x9fdb85f1d34d2d48
005078,10,0,0,0,289667,0x9fdb85f1d34d2d48
005078,11,0,0,0,289667,0x9fdb85f1d34d2d48
005078,12,0,0,0,289667,0x9fdb85f1d34d2d48
005078,13,0,0,0,289667,0x9fdb85f1d34d2d48
005078,14,0,0,0,289667,0x9fdb85f1d34d2d48
005078,15,0,0,0,289667,0x9fdb85f1d34d2d48
005078,16,0,0,0,289667,0x9fdb85f1d34d2d48
005078,17,0,0,0,289667,0x9fdb85f1d34d2d48
005078,18,0,0,0,289667,0x9fdb85f1d34d2d48
005078,19,0,0,0,289667,0x9fdb85f1d34d2d48
005078,20,0,0,0,289667,0x9fdb85f1d34d2d48
005078,21,0,0,0,289667,0x9fdb85f1d34d2d48
005078,22,0,0,0,289667,0x9fdb85f1d34d2d48
005078,23,0,0,0,289667,0x9fdb85f1d34d2d48
005078,24,0,0,0,289667,0x9fdb85f1d34d2d48
005078,25,0,0,0,289667,0x9fdb85f1d34d2d48
005078,26,0,0,0,289667,0x9fdb85f1d34d2d48
005078,27,0,0,0,289667,0x9fdb85f1d34d2d48
005078,28,0,0,0,289667,0x9fdb85f1d34d2d48
005078,29,0,0,0,289667,0x9fdb85f1d34d2d48
005078,30,0,0,0,289667,0x9fdb85f1d34d2d48
005078,31,0,0,0,289667,0x9fdb85f1d34d2d48
005078,0,0,0,0,289669,0xc1fee17f7604549d
005078,1,0,0,0,289669,0xc1fee17f7604549d
005078,2,0,0,0,289669,0xc1fee17f7604549d
005078,3,0,0,0,289669,0xc1fee17f7604549d
005078,4,0,0,0,289669,0xc1fee17f7604549d
005078,5,0,0,0,289669,0xc1fee17f7604549d
005078,6,0,0,0,289669,0xc1fee17f7604549d
005078,7,0,0,0,289669,0xc1fee17f7604549d
005078,8,0,0,0,289669,0xc1fee17f7604549d
005078,9,0,0,0,289669,0xc1fee17f7604549d
005078,10,0,0,0,289669,0xc1fee17f7604549d
005078,11,0,0,0,289669,0xc1fee17f7604549d
005078,12,0,0,0,289669,0xc1fee17f7604549d
005078,13,0,0,0,289669,0xc1fee17f7604549d
005078,14,0,0,0,289669,0xc1fee17f7604549d
005078,15,0,0,0,289669,0xc1fee17f7604549d
005078,16,0,0,0,289669,0xc1fee17f7604549d
005078,17,0,0,0,289669,0xc1fee17f7604549d
005078,18,0,0,0,289669,0xc1fee17f7604549d
005078,19,0,0,0,289669,0xc1fee17f7604549d
005078,20,0,0,0,289669,0xc1fee17f7604549d
005078,21,0,0,0,289669,0xc1fee17f7604549d
005078,22,0,0,0,289669,0xc1fee17f7604549d
005078,23,0,0,0,289669,0xc1fee17f7604549d
005078,24,0,0,0,289669,0xc1fee17f7604549d
005078,25,0,0,0,289669,0xc1fee17f7604549d
005078,26,0,0,0,289669,0xc1fee17f7604549d
005078,27,0,0,0,289669,0xc1fee17f7604549d
005078,28,0,0,0,289669,0xc1fee17f7604549d
005078,29,0,0,0,289669,0xc1fee17f7604549d
005078,30,0,0,0,289669,0xc1fee17f7604549d
005078,31,0,0,0,289669,0xc1fee17f7604549d
005099,0,127,126,125,182168,0x68397d93bb6f627d
005099,0,123,127,126,182169,0x68397d93bb6f627d
005099,1,125,126,127,182168,0x68397d93bb6f627d
005099,2,127,126,2,182168,0x68397d93bb6f627d
005099,0,126,125,124,182167,0x68397d93bb6f627d
005099,0,125,124,0,182166,0x68397d93bb6f627d
005099,3,122,126,124,182168,0x68397d93bb6f627d
005099,4,127,126,125,182168,0x68397d93bb6f627d
005099,5,125,126,127,182168,0x68397d93bb6f627d
005099,6,127,126,2,182168,0x68397d93bb6f627d
005099,7,122,126,124,182168,0x68397d93bb6f627d
005099,1,126,127,3,182169,0x68397d93bb6f627d
005099,2,124,127,126,182169,0x68397d93bb6f627d
005099,3,124,127,125,182169,0x68397d93bb6f627d
005099,4,123,127,126,182169,0x68397d93bb6f627d
005099,1,124,125,126,182167,0x68397d93bb6f627d
005099,1,120,124,125,182166,0x68397d93bb6f627d
005099,5,126,127,3,182169,0x68397d93bb6f627d
005099,2,121,125,124,182167,0x68397d93bb6f627d
005099,2,125,124,127,182166,0x68397d93bb6f627d
005099,6,124,127,126,182169,0x68397d93bb6f627d
005099,3,127,125,1,182167,0x68397d93bb6f627d
005099,3,126,124,127,182166,0x68397d93bb6f627d
005099,7,124,127,125,182169,0x68397d93bb6f627d
005099,4,126,125,124,182167,0x68397d93bb6f627d
005099,4,125,124,0,182166,0x68397d93bb6f627d
005099,5,120,124,125,182166,0x68397d93bb6f627d
005099,6,125,124,127,182166,0x68397d93bb6f627d
005099,5,124,125,126,182167,0x68397d93bb6f627d
005099,7,126,124,127,182166,0x68397d93bb6f627d
005099,6,121,125,124,182167,0x68397d93bb6f627d
005099,7,127,125,1,182167,0x68397d93bb6f627d
005099,0,0,0,0,182168,0x3a5592e0a1902a79
005099,1,0,0,0,182168,0x3a5592e0a1902a79
005099,2,0,0,0,182168,0x3a5592e0a1902a79
005099,3,0,0,0,182168,0x3a5592e0a1902a79
005099,4,0,0,0,182168,0x3a5592e0a1902a79
005099,5,0,0,0,182168,0x3a5592e0a1902a79
005099,6,0,0,0,182168,0x3a5592e0a1902a79
005099,7,0,0,0,182168,0x3a5592e0a1902a79
005099,8,0,0,0,182168,0x3a5592e0a1902a79
005099,9,0,0,0,182168,0x3a5592e0a1902a79
005099,10,0,0,0,182168,0x3a5592e0a1902a79
005099,11,0,0,0,182168,0x3a5592e0a1902a79
005099,12,0,0,0,182168,0x3a5592e0a1902a79
005099,13,0,0,0,182168,0x3a5592e0a1902a79
005099,14,0,0,0,182168,0x3a5592e0a1902a79
005099,15,0,0,0,182168,0x3a5592e0a1902a79
005099,16,0,0,0,182168,0x3a5592e0a1902a79
005099,17,0,0,0,182168,0x3a5592e0a1902a79
005099,18,0,0,0,182168,0x3a5592e0a1902a79
005099,19,0,0,0,182168,0x3a5592e0a1902a79
005099,20,0,0,0,182168,0x3a5592e0a1902a79
005099,21,0,0,0,182168,0x3a5592e0a1902a79
005099,22,0,0,0,182168,0x3a5592e0a1902a79
005099,23,0,0,0,182168,0x3a5592e0a1902a79
005099,24,0,0,0,182168,0x3a5592e0a1902a79
005099,25,0,0,0,182168,0x3a5592e0a1902a79
005099,26,0,0,0,182168,0x3a5592e0a1902a79
005099,27,0,0,0,182168,0x3a5592e0a1902a79
005099,28,0,0,0,182168,0x3a5592e0a1902a79
005099,29,0,0,0,182168,0x3a5592e0a1902a79
005099,30,0,0,0,182168,0x3a5592e0a1902a79
005099,31,0,0,0,182168,0x3a5592e0a1902a79
005099,0,0,0,0,182166,0x2d0abf3fe348ff10
005099,1,0,0,0,182166,0x2d0abf3fe348ff10
005099,2,0,0,0,182166,0x2d0abf3fe348ff10
005099,3,0,0,0,182166,0x2d0abf3fe348ff10
005099,4,0,0,0,182166,0x2d0abf3fe348ff10
005099,5,0,0,0,182166,0x2d0abf3fe348ff10
005099,6,0,0,0,182166,0x2d0abf3fe348ff10
005099,7,0,0,0,182166,0x2d0abf3fe348ff10
005099,8,0,0,0,182166,0x2d0abf3fe348ff10
005099,9,0,0,0,182166,0x2d0abf3fe348ff10
005099,10,0,0,0,182166,0x2d0abf3fe348ff10
005099,11,0,0,0,182166,0x2d0abf3fe348ff10
005099,12,0,0,0,182166,0x2d0abf3fe348ff10
005099,13,0,0,0,182166,0x2d0abf3fe348ff10
005099,14,0,0,0,182166,0x2d0abf3fe348ff10
005099,15,0,0,0,182166,0x2d0abf3fe348ff10
005099,16,0,0,0,182166,0x2d0abf3fe348ff10
005099,17,0,0,0,182166,0x2d0abf3fe348ff10
005099,18,0,0,0,182166,0x2d0abf3fe348ff10
005099,19,0,0,0,182166,0x2d0abf3fe348ff10
005099,20,0,0,0,182166,0x2d0abf3fe348ff10
005099,21,0,0,0,182166,0x2d0abf3fe348ff10
005099,22,0,0,0,182166,0x2d0abf3fe348ff10
005099,23,0,0,0,182166,0x2d0abf3fe348ff10
005099,24,0,0,0,182166,0x2d0abf3fe348ff10
005099,25,0,0,0,182166,0x2d0abf3fe348ff10
005099,26,0,0,0,182166,0x2d0abf3fe348ff10
005099,27,0,0,0,182166,0x2d0abf3fe348ff10
005099,28,0,0,0,182166,0x2d0abf3fe348ff10
005099,29,0,0,0,182166,0x2d0abf3fe348ff10
005099,30,0,0,0,182166,0x2d0abf3fe348ff10
005099,31,0,0,0,182166,0x2d0abf3fe348ff10
005099,0,0,0,0,182167,0xde4f42ba595d793e
005099,1,0,0,0,182167,0xde4f42ba595d793e
005099,2,0,0,0,182167,0xde4f42ba595d793e
005099,3,0,0,0,182167,0xde4f42ba595d793e
005099,4,0,0,0,182167,0xde4f42ba595d793e
005099,5,0,0,0,182167,0xde4f42ba595d793e
005099,6,0,0,0,182167,0xde4f42ba595d793e
005099,7,0,0,0,182167,0xde4f42ba595d793e
005099,8,0,0,0,182167,0xde4f42ba595d793e
005099,9,0,0,0,182167,0xde4f42ba595d793e
005099,10,0,0,0,182167,0xde4f42ba595d793e
005099,11,0,0,0,182167,0xde4f42ba595d793e
005099,12,0,0,0,182167,0xde4f42ba595d793e
005099,13,0,0,0,182167,0xde4f42ba595d793e
005099,14,0,0,0,182167,0xde4f42ba595d793e
005099,15,0,0,0,182167,0xde4f42ba595d793e
005099,16,0,0,0,182167,0xde4f42ba595d793e
005099,17,0,0,0,182167,0xde4f42ba595d793e
005099,18,0,0,0,182167,0xde4f42ba595d793e
005099,19,0,0,0,182167,0xde4f42ba595d793e
005099,20,0,0,0,182167,0xde4f42ba595d793e
005099,21,0,0,0,182167,0xde4f42ba595d793e
005099,22,0,0,0,182167,0xde4f42ba595d793e
005099,23,0,0,0,182167,0xde4f42ba595d793e
005099,24,0,0,0,182167,0xde4f42ba595d793e
005099,25,0,0,0,182167,0xde4f42ba595d793e
005099,26,0,0,0,182167,0xde4f42ba595d793e
005099,27,0,0,0,182167,0xde4f42ba595d793e
005099,28,0,0,0,182167,0xde4f42ba595d793e
005099,29,0,0,0,182167,0xde4f42ba595d793e
005099,30,0,0,0,182167,0xde4f42ba595d793e
005099,31,0,0,0,182167,0xde4f42ba595d793e
005099,0,0,0,0,182169,0x2e5757c3ea1ed99b
005099,1,0,0,0,182169,0x2e5757c3ea1ed99b
005099,2,0,0,0,182169,0x2e5757c3ea1ed99b
005099,3,0,0,0,182169,0x2e5757c3ea1ed99b
005099,4,0,0,0,182169,0x2e5757c3ea1ed99b
005099,5,0,0,0,182169,0x2e5757c3ea1ed99b
005099,6,0,0,0,182169,0x2e5757c3ea1ed99b
005099,7,0,0,0,182169,0x2e5757c3ea1ed99b
005099,8,0,0,0,182169,0x2e5757c3ea1ed99b
005099,9,0,0,0,182169,0x2e5757c3ea1ed99b
005099,10,0,0,0,182169,0x2e5757c3ea1ed99b
005099,11,0,0,0,182169,0x2e5757c3ea1ed99b
005099,12,0,0,0,182169,0x2e5757c3ea1ed99b
005099,13,0,0,0,182169,0x2e5757c3ea1ed99b
005099,14,0,0,0,182169,0x2e5757c3ea1ed99b
005099,15,0,0,0,182169,0x2e5757c3ea1ed99b
005099,16,0,0,0,182169,0x2e5757c3ea1ed99b
005099,17,0,0,0,182169,0x2e5757c3ea1ed99b
005099,18,0,0,0,182169,0x2e5757c3ea1ed99b
005099,19,0,0,0,182169,0x2e5757c3ea1ed99b
005099,20,0,0,0,182169,0x2e5757c3ea1ed99b
005099,21,0,0,0,182169,0x2e5757c3ea1ed99b
005099,22,0,0,0,182169,0x2e5757c3ea1ed99b
005099,23,0,0,0,182169,0x2e5757c3ea1ed99b
005099,24,0,0,0,182169,0x2e5757c3ea1ed99b
005099,25,0,0,0,182169,0x2e5757c3ea1ed99b
005099,26,0,0,0,182169,0x2e5757c3ea1ed99b
005099,27,0,0,0,182169,0x2e5757c3ea1ed99b
005099,28,0,0,0,182169,0x2e5757c3ea1ed99b
005099,29,0,0,0,182169,0x2e5757c3ea1ed99b
005099,30,0,0,0,182169,0x2e5757c3ea1ed99b
005099,31,0,0,0,182169,0x2e5757c3ea1ed99b
005099,0,127,126,125,182168,0xe7d12636594460c0
005099,1,125,126,127,182168,0xe7d12636594460c0
005099,2,127,126,2,182168,0xe7d12636594460c0
005099,3,122,126,124,182168,0xe7d12636594460c0
005099,4,127,126,125,182168,0xe7d12636594460c0
005099,5,125,126,127,182168,0xe7d12636594460c0
005099,6,127,126,2,182168,0xe7d12636594460c0
005099,7,122,126,124,182168,0xe7d12636594460c0
005099,0,126,125,124,182167,0xe7d12636594460c0
005099,0,123,127,126,182169,0xe7d12636594460c0
005099,0,125,124,0,182166,0xe7d12636594460c0
005099,1,124,125,126,182167,0xe7d12636594460c0
005099,2,121,125,124,182167,0xe7d12636594460c0
005099,1,126,127,3,182169,0xe7d12636594460c0
005099,3,127,125,1,182167,0xe7d12636594460c0
005099,2,124,127,126,182169,0xe7d12636594460c0
005099,1,120,124,125,182166,0xe7d12636594460c0
005099,4,126,125,124,182167,0xe7d12636594460c0
005099,3,124,127,125,182169,0xe7d12636594460c0
005099,2,125,124,127,182166,0xe7d12636594460c0
005099,5,124,125,126,182167,0xe7d12636594460c0
005099,4,123,127,126,182169,0xe7d12636594460c0
005099,3,126,124,127,182166,0xe7d12636594460c0
005099,6,121,125,124,182167,0xe7d12636594460c0
005099,5,126,127,3,182169,0xe7d12636594460c0
005099,6,124,127,126,182169,0xe7d12636594460c0
005099,4,125,124,0,182166,0xe7d12636594460c0
005099,7,127,125,1,182167,0xe7d12636594460c0
005099,7,124,127,125,182169,0xe7d12636594460c0
005099,5,120,124,125,182166,0xe7d12636594460c0
005099,6,125,124,127,182166,0xe7d12636594460c0
005099,7,126,124,127,182166,0xe7d12636594460c0
005099,0,0,0,0,182167,0x74645ab5affa8140
005099,1,0,0,0,182167,0x74645ab5affa8140
005099,2,0,0,0,182167,0x74645ab5affa8140
005099,3,0,0,0,182167,0x74645ab5affa8140
005099,4,0,0,0,182167,0x74645ab5affa8140
005099,5,0,0,0,182167,0x74645ab5affa8140
005099,6,0,0,0,182167,0x74645ab5affa8140
005099,7,0,0,0,182167,0x74645ab5affa8140
005099,8,0,0,0,182167,0x74645ab5affa8140
005099,9,0,0,0,182167,0x74645ab5affa8140
005099,10,0,0,0,182167,0x74645ab5affa8140
005099,11,0,0,0,182167,0x74645ab5affa8140
005099,12,0,0,0,182167,0x74645ab5affa8140
005099,13,0,0,0,182167,0x74645ab5affa8140
005099,14,0,0,0,182167,0x74645ab5affa8140
005099,15,0,0,0,182167,0x74645ab5affa8140
005099,16,0,0,0,182167,0x74645ab5affa8140
005099,17,0,0,0,182167,0x74645ab5affa8140
005099,18,0,0,0,182167,0x74645ab5affa8140
005099,19,0,0,0,182167,0x74645ab5affa8140
005099,20,0,0,0,182167,0x74645ab5affa8140
005099,21,0,0,0,182167,0x74645ab5affa8140
005099,22,0,0,0,182167,0x74645ab5affa8140
005099,23,0,0,0,182167,0x74645ab5affa8140
005099,24,0,0,0,182167,0x74645ab5affa8140
005099,25,0,0,0,182167,0x74645ab5affa8140
005099,26,0,0,0,182167,0x74645ab5affa8140
005099,27,0,0,0,182167,0x74645ab5affa8140
005099,28,0,0,0,182167,0x74645ab5affa8140
005099,29,0,0,0,182167,0x74645ab5affa8140
005099,30,0,0,0,182167,0x74645ab5affa8140
005099,31,0,0,0,182167,0x74645ab5affa8140
005099,0,0,0,0,182168,0x3c3392aba3e73712
005099,1,0,0,0,182168,0x3c3392aba3e73712
005099,2,0,0,0,182168,0x3c3392aba3e73712
005099,3,0,0,0,182168,0x3c3392aba3e73712
005099,4,0,0,0,182168,0x3c3392aba3e73712
005099,5,0,0,0,182168,0x3c3392aba3e73712
005099,6,0,0,0,182168,0x3c3392aba3e73712
005099,7,0,0,0,182168,0x3c3392aba3e73712
005099,8,0,0,0,182168,0x3c3392aba3e73712
005099,9,0,0,0,182168,0x3c3392aba3e73712
005099,10,0,0,0,182168,0x3c3392aba3e73712
005099,11,0,0,0,182168,0x3c3392aba3e73712
005099,12,0,0,0,182168,0x3c3392aba3e73712
005099,13,0,0,0,182168,0x3c3392aba3e73712
005099,14,0,0,0,182168,0x3c3392aba3e73712
005099,15,0,0,0,182168,0x3c3392aba3e73712
005099,16,0,0,0,182168,0x3c3392aba3e73712
005099,17,0,0,0,182168,0x3c3392aba3e73712
005099,18,0,0,0,182168,0x3c3392aba3e73712
005099,19,0,0,0,182168,0x3c3392aba3e73712
005099,20,0,0,0,182168,0x3c3392aba3e73712
005099,21,0,0,0,182168,0x3c3392aba3e73712
005099,22,0,0,0,182168,0x3c3392aba3e73712
005099,23,0,0,0,182168,0x3c3392aba3e73712
005099,24,0,0,0,182168,0x3c3392aba3e73712
005099,25,0,0,0,182168,0x3c3392aba3e73712
005099,26,0,0,0,182168,0x3c3392aba3e73712
005099,27,0,0,0,182168,0x3c3392aba3e73712
005099,28,0,0,0,182168,0x3c3392aba3e73712
005099,29,0,0,0,182168,0x3c3392aba3e73712
005099,30,0,0,0,182168,0x3c3392aba3e73712
005099,31,0,0,0,182168,0x3c3392aba3e73712
005099,0,0,0,0,182169,0xfee2bb8e9c1ec3f5
005099,1,0,0,0,182169,0xfee2bb8e9c1ec3f5
005099,2,0,0,0,182169,0xfee2bb8e9c1ec3f5
005099,3,0,0,0,182169,0xfee2bb8e9c1ec3f5
005099,4,0,0,0,182169,0xfee2bb8e9c1ec3f5
005099,5,0,0,0,182169,0xfee2bb8e9c1ec3f5
005099,6,0,0,0,182169,0xfee2bb8e9c1ec3f5
005099,7,0,0,0,182169,0xfee2bb8e9c1ec3f5
005099,8,0,0,0,182169,0xfee2bb8e9c1ec3f5
005099,9,0,0,0,182169,0xfee2bb8e9c1ec3f5
005099,10,0,0,0,182169,0xfee2bb8e9c1ec3f5
005099,11,0,0,0,182169,0xfee2bb8e9c1ec3f5
005099,12,0,0,0,182169,0xfee2bb8e9c1ec3f5
005099,13,0,0,0,182169,0xfee2bb8e9c1ec3f5
005099,14,0,0,0,182169,0xfee2bb8e9c1ec3f5
005099,15,0,0,0,182169,0xfee2bb8e9c1ec3f5
005099,16,0,0,0,182169,0xfee2bb8e9c1ec3f5
005099,17,0,0,0,182169,0xfee2bb8e9c1ec3f5
005099,18,0,0,0,182169,0xfee2bb8e9c1ec3f5
005099,19,0,0,0,182169,0xfee2bb8e9c1ec3f5
005099,20,0,0,0,182169,0xfee2bb8e9c1ec3f5
005099,21,0,0,0,182169,0xfee2bb8e9c1ec3f5
005099,22,0,0,0,182169,0xfee2bb8e9c1ec3f5
005099,23,0,0,0,182169,0xfee2bb8e9c1ec3f5
005099,24,0,0,0,182169,0xfee2bb8e9c1ec3f5
005099,25,0,0,0,182169,0xfee2bb8e9c1ec3f5
005099,26,0,0,0,182169,0xfee2bb8e9c1ec3f5
005099,27,0,0,0,182169,0xfee2bb8e9c1ec3f5
005099,28,0,0,0,182169,0xfee2bb8e9c1ec3f5
005099,29,0,0,0,182169,0xfee2bb8e9c1ec3f5
005099,30,0,0,0,182169,0xfee2bb8e9c1ec3f5
005099,31,0,0,0,182169,0xfee2bb8e9c1ec3f5
005099,0,0,0,0,182166,0x6d51d207d26a79de
005099,1,0,0,0,182166,0x6d51d207d26a79de
005099,2,0,0,0,182166,0x6d51d207d26a79de
005099,3,0,0,0,182166,0x6d51d207d26a79de
005099,4,0,0,0,182166,0x6d51d207d26a79de
005099,5,0,0,0,182166,0x6d51d207d26a79de
005099,6,0,0,0,182166,0x6d51d207d26a79de
005099,7,0,0,0,182166,0x6d51d207d26a79de
005099,8,0,0,0,182166,0x6d51d207d26a79de
005099,9,0,0,0,182166,0x6d51d207d26a79de
005099,10,0,0,0,182166,0x6d51d207d26a79de
005099,11,0,0,0,182166,0x6d51d207d26a79de
005099,12,0,0,0,182166,0x6d51d207d26a79de
005099,13,0,0,0,182166,0x6d51d207d26a79de
005099,14,0,0,0,182166,0x6d51d207d26a79de
005099,15,0,0,0,182166,0x6d51d207d26a79de
005099,16,0,0,0,182166,0x6d51d207d26a79de
005099,17,0,0,0,182166,0x6d51d207d26a79de
005099,18,0,0,0,182166,0x6d51d207d26a79de
005099,19,0,0,0,182166,0x6d51d207d26a79de
005099,20,0,0,0,182166,0x6d51d207d26a79de
005099,21,0,0,0,182166,0x6d51d207d26a79de
005099,22,0,0,0,182166,0x6d51d207d26a79de
005099,23,0,0,0,182166,0x6d51d207d26a79de
005099,24,0,0,0,182166,0x6d51d207d26a79de
005099,25,0,0,0,182166,0x6d51d207d26a79de
005099,26,0,0,0,182166,0x6d51d207d26a79de
005099,27,0,0,0,182166,0x6d51d207d26a79de
005099,28,0,0,0,182166,0x6d51d207d26a79de
005099,29,0,0,0,182166,0x6d51d207d26a79de
005099,30,0,0,0,182166,0x6d51d207d26a79de
005099,31,0,0,0,182166,0x6d51d207d26a79de
005079,0,74,75,79,269260,0x68397d93bb6f627d
005079,1,71,75,74,269260,0x68397d93bb6f627d
005079,2,72,75,73,269260,0x68397d93bb6f627d
005079,3,72,75,74,269260,0x68397d93bb6f627d
005079,4,74,75,79,269260,0x68397d93bb6f627d
005079,5,71,75,74,269260,0x68397d93bb6f627d
005079,6,72,75,73,269260,0x68397d93bb6f627d
005079,7,72,75,74,269260,0x68397d93bb6f627d
005079,0,73,74,75,269259,0x68397d93bb6f627d
005079,1,75,74,73,269259,0x68397d93bb6f627d
005079,2,70,74,72,269259,0x68397d93bb6f627d
005079,3,75,74,78,269259,0x68397d93bb6f627d
005079,4,73,74,75,269259,0x68397d93bb6f627d
005079,5,75,74,73,269259,0x68397d93bb6f627d
005079,6,70,74,72,269259,0x68397d93bb6f627d
005079,7,75,74,78,269259,0x68397d93bb6f627d
005079,0,72,73,74,269258,0x68397d93bb6f627d
005079,1,74,73,72,269258,0x68397d93bb6f627d
005079,2,75,73,77,269258,0x68397d93bb6f627d
005079,3,69,73,72,269258,0x68397d93bb6f627d
005079,0,68,72,73,269257,0x68397d93bb6f627d
005079,4,72,73,74,269258,0x68397d93bb6f627d
005079,5,74,73,72,269258,0x68397d93bb6f627d
005079,6,75,73,77,269258,0x68397d93bb6f627d
005079,7,69,73,72,269258,0x68397d93bb6f627d
005079,1,73,72,76,269257,0x68397d93bb6f627d
005079,2,74,72,75,269257,0x68397d93bb6f627d
005079,3,73,72,75,269257,0x68397d93bb6f627d
005079,4,68,72,73,269257,0x68397d93bb6f627d
005079,5,73,72,76,269257,0x68397d93bb6f627d
005079,6,74,72,75,269257,0x68397d93bb6f627d
005079,7,73,72,75,269257,0x68397d93bb6f627d
005079,0,0,0,0,269259,0xad613bfb54a14391
005079,1,0,0,0,269259,0xad613bfb54a14391
005079,2,0,0,0,269259,0xad613bfb54a14391
005079,3,0,0,0,269259,0xad613bfb54a14391
005079,4,0,0,0,269259,0xad613bfb54a14391
005079,5,0,0,0,269259,0xad613bfb54a14391
005079,6,0,0,0,269259,0xad613bfb54a14391
005079,7,0,0,0,269259,0xad613bfb54a14391
005079,8,0,0,0,269259,0xad613bfb54a14391
005079,9,0,0,0,269259,0xad613bfb54a14391
005079,10,0,0,0,269259,0xad613bfb54a14391
005079,11,0,0,0,269259,0xad613bfb54a14391
005079,12,0,0,0,269259,0xad613bfb54a14391
005079,13,0,0,0,269259,0xad613bfb54a14391
005079,14,0,0,0,269259,0xad613bfb54a14391
005079,15,0,0,0,269259,0xad613bfb54a14391
005079,16,0,0,0,269259,0xad613bfb54a14391
005079,17,0,0,0,269259,0xad613bfb54a14391
005079,18,0,0,0,269259,0xad613bfb54a14391
005079,19,0,0,0,269259,0xad613bfb54a14391
005079,20,0,0,0,269259,0xad613bfb54a14391
005079,21,0,0,0,269259,0xad613bfb54a14391
005079,22,0,0,0,269259,0xad613bfb54a14391
005079,23,0,0,0,269259,0xad613bfb54a14391
005079,24,0,0,0,269259,0xad613bfb54a14391
005079,25,0,0,0,269259,0xad613bfb54a14391
005079,26,0,0,0,269259,0xad613bfb54a14391
005079,27,0,0,0,269259,0xad613bfb54a14391
005079,28,0,0,0,269259,0xad613bfb54a14391
005079,29,0,0,0,269259,0xad613bfb54a14391
005079,30,0,0,0,269259,0xad613bfb54a14391
005079,31,0,0,0,269259,0xad613bfb54a14391
005079,0,0,0,0,269257,0x62a02e00651fe313
005079,1,0,0,0,269257,0x62a02e00651fe313
005079,2,0,0,0,269257,0x62a02e00651fe313
005079,3,0,0,0,269257,0x62a02e00651fe313
005079,4,0,0,0,269257,0x62a02e00651fe313
005079,5,0,0,0,269257,0x62a02e00651fe313
005079,6,0,0,0,269257,0x62a02e00651fe313
005079,7,0,0,0,269257,0x62a02e00651fe313
005079,8,0,0,0,269257,0x62a02e00651fe313
005079,9,0,0,0,269257,0x62a02e00651fe313
005079,10,0,0,0,269257,0x62a02e00651fe313
005079,11,0,0,0,269257,0x62a02e00651fe313
005079,12,0,0,0,269257,0x62a02e00651fe313
005079,13,0,0,0,269257,0x62a02e00651fe313
005079,14,0,0,0,269257,0x62a02e00651fe313
005079,15,0,0,0,269257,0x62a02e00651fe313
005079,16,0,0,0,269257,0x62a02e00651fe313
005079,17,0,0,0,269257,0x62a02e00651fe313
005079,18,0,0,0,269257,0x62a02e00651fe313
005079,19,0,0,0,269257,0x62a02e00651fe313
005079,20,0,0,0,269257,0x62a02e00651fe313
005079,21,0,0,0,269257,0x62a02e00651fe313
005079,22,0,0,0,269257,0x62a02e00651fe313
005079,23,0,0,0,269257,0x62a02e00651fe313
005079,24,0,0,0,269257,0x62a02e00651fe313
005079,25,0,0,0,269257,0x62a02e00651fe313
005079,26,0,0,0,269257,0x62a02e00651fe313
005079,27,0,0,0,269257,0x62a02e00651fe313
005079,28,0,0,0,269257,0x62a02e00651fe313
005079,29,0,0,0,269257,0x62a02e00651fe313
005079,30,0,0,0,269257,0x62a02e00651fe313
005079,31,0,0,0,269257,0x62a02e00651fe313
005079,0,0,0,0,269258,0x386daa57fba49671
005079,1,0,0,0,269258,0x386daa57fba49671
005079,2,0,0,0,269258,0x386daa57fba49671
005079,3,0,0,0,269258,0x386daa57fba49671
005079,4,0,0,0,269258,0x386daa57fba49671
005079,5,0,0,0,269258,0x386daa57fba49671
005079,6,0,0,0,269258,0x386daa57fba49671
005079,7,0,0,0,269258,0x386daa57fba49671
005079,8,0,0,0,269258,0x386daa57fba49671
005079,9,0,0,0,269258,0x386daa57fba49671
005079,10,0,0,0,269258,0x386daa57fba49671
005079,11,0,0,0,269258,0x386daa57fba49671
005079,12,0,0,0,269258,0x386daa57fba49671
005079,13,0,0,0,269258,0x386daa57fba49671
005079,14,0,0,0,269258,0x386daa57fba49671
005079,15,0,0,0,269258,0x386daa57fba49671
005079,16,0,0,0,269258,0x386daa57fba49671
005079,17,0,0,0,269258,0x386daa57fba49671
005079,18,0,0,0,269258,0x386daa57fba49671
005079,19,0,0,0,269258,0x386daa57fba49671
005079,20,0,0,0,269258,0x386daa57fba49671
005079,21,0,0,0,269258,0x386daa57fba49671
005079,22,0,0,0,269258,0x386daa57fba49671
005079,23,0,0,0,269258,0x386daa57fba49671
005079,24,0,0,0,269258,0x386daa57fba49671
005079,25,0,0,0,269258,0x386daa57fba49671
005079,26,0,0,0,269258,0x386daa57fba49671
005079,27,0,0,0,269258,0x386daa57fba49671
005079,28,0,0,0,269258,0x386daa57fba49671
005079,29,0,0,0,269258,0x386daa57fba49671
005079,30,0,0,0,269258,0x386daa57fba49671
005079,31,0,0,0,269258,0x386daa57fba49671
005079,0,0,0,0,269260,0x4deae41ea2f83c94
005079,1,0,0,0,269260,0x4deae41ea2f83c94
005079,2,0,0,0,269260,0x4deae41ea2f83c94
005079,3,0,0,0,269260,0x4deae41ea2f83c94
005079,4,0,0,0,269260,0x4deae41ea2f83c94
005079,5,0,0,0,269260,0x4deae41ea2f83c94
005079,6,0,0,0,269260,0x4deae41ea2f83c94
005079,7,0,0,0,269260,0x4deae41ea2f83c94
005079,8,0,0,0,269260,0x4deae41ea2f83c94
005079,9,0,0,0,269260,0x4deae41ea2f83c94
005079,10,0,0,0,269260,0x4deae41ea2f83c94
005079,11,0,0,0,269260,0x4deae41ea2f83c94
005079,12,0,0,0,269260,0x4deae41ea2f83c94
005079,13,0,0,0,269260,0x4deae41ea2f83c94
005079,14,0,0,0,269260,0x4deae41ea2f83c94
005079,15,0,0,0,269260,0x4deae41ea2f83c94
005079,16,0,0,0,269260,0x4deae41ea2f83c94
005079,17,0,0,0,269260,0x4deae41ea2f83c94
005079,18,0,0,0,269260,0x4deae41ea2f83c94
005079,19,0,0,0,269260,0x4deae41ea2f83c94
005079,20,0,0,0,269260,0x4deae41ea2f83c94
005079,21,0,0,0,269260,0x4deae41ea2f83c94
005079,22,0,0,0,269260,0x4deae41ea2f83c94
005079,23,0,0,0,269260,0x4deae41ea2f83c94
005079,24,0,0,0,269260,0x4deae41ea2f83c94
005079,25,0,0,0,269260,0x4deae41ea2f83c94
005079,26,0,0,0,269260,0x4deae41ea2f83c94
005079,27,0,0,0,269260,0x4deae41ea2f83c94
005079,28,0,0,0,269260,0x4deae41ea2f83c94
005079,29,0,0,0,269260,0x4deae41ea2f83c94
005079,30,0,0,0,269260,0x4deae41ea2f83c94
005079,31,0,0,0,269260,0x4deae41ea2f83c94
005079,0,73,74,75,269259,0xe7d12636594460c0
005079,0,74,75,79,269260,0xe7d12636594460c0
005079,1,75,74,73,269259,0xe7d12636594460c0
005079,2,70,74,72,269259,0xe7d12636594460c0
005079,3,75,74,78,269259,0xe7d12636594460c0
005079,4,73,74,75,269259,0xe7d12636594460c0
005079,1,71,75,74,269260,0xe7d12636594460c0
005079,5,75,74,73,269259,0xe7d12636594460c0
005079,2,72,75,73,269260,0xe7d12636594460c0
005079,6,70,74,72,269259,0xe7d12636594460c0
005079,3,72,75,74,269260,0xe7d12636594460c0
005079,7,75,74,78,269259,0xe7d12636594460c0
005079,4,74,75,79,269260,0xe7d12636594460c0
005079,5,71,75,74,269260,0xe7d12636594460c0
005079,6,72,75,73,269260,0xe7d12636594460c0
005079,7,72,75,74,269260,0xe7d12636594460c0
005079,0,72,73,74,269258,0xe7d12636594460c0
005079,1,74,73,72,269258,0xe7d12636594460c0
005079,2,75,73,77,269258,0xe7d12636594460c0
005079,3,69,73,72,269258,0xe7d12636594460c0
005079,0,68,72,73,269257,0xe7d12636594460c0
005079,4,72,73,74,269258,0xe7d12636594460c0
005079,5,74,73,72,269258,0xe7d12636594460c0
005079,6,75,73,77,269258,0xe7d12636594460c0
005079,7,69,73,72,269258,0xe7d12636594460c0
005079,1,73,72,76,269257,0xe7d12636594460c0
005079,2,74,72,75,269257,0xe7d12636594460c0
005079,3,73,72,75,269257,0xe7d12636594460c0
005079,4,68,72,73,269257,0xe7d12636594460c0
005079,5,73,72,76,269257,0xe7d12636594460c0
005079,6,74,72,75,269257,0xe7d12636594460c0
005079,7,73,72,75,269257,0xe7d12636594460c0
005079,0,0,0,0,269258,0xf45954c2330b5670
005079,1,0,0,0,269258,0xf45954c2330b5670
005079,2,0,0,0,269258,0xf45954c2330b5670
005079,3,0,0,0,269258,0xf45954c2330b5670
005079,4,0,0,0,269258,0xf45954c2330b5670
005079,5,0,0,0,269258,0xf45954c2330b5670
005079,6,0,0,0,269258,0xf45954c2330b5670
005079,7,0,0,0,269258,0xf45954c2330b5670
005079,8,0,0,0,269258,0xf45954c2330b5670
005079,9,0,0,0,269258,0xf45954c2330b5670
005079,10,0,0,0,269258,0xf45954c2330b5670
005079,11,0,0,0,269258,0xf45954c2330b5670
005079,12,0,0,0,269258,0xf45954c2330b5670
005079,13,0,0,0,269258,0xf45954c2330b5670
005079,14,0,0,0,269258,0xf45954c2330b5670
005079,15,0,0,0,269258,0xf45954c2330b5670
005079,16,0,0,0,269258,0xf45954c2330b5670
005079,17,0,0,0,269258,0xf45954c2330b5670
005079,18,0,0,0,269258,0xf45954c2330b5670
005079,19,0,0,0,269258,0xf45954c2330b5670
005079,20,0,0,0,269258,0xf45954c2330b5670
005079,21,0,0,0,269258,0xf45954c2330b5670
005079,22,0,0,0,269258,0xf45954c2330b5670
005079,23,0,0,0,269258,0xf45954c2330b5670
005079,24,0,0,0,269258,0xf45954c2330b5670
005079,25,0,0,0,269258,0xf45954c2330b5670
005079,26,0,0,0,269258,0xf45954c2330b5670
005079,27,0,0,0,269258,0xf45954c2330b5670
005079,28,0,0,0,269258,0xf45954c2330b5670
005079,29,0,0,0,269258,0xf45954c2330b5670
005079,30,0,0,0,269258,0xf45954c2330b5670
005079,31,0,0,0,269258,0xf45954c2330b5670
005079,0,0,0,0,269257,0x894a4299b59f55f3
005079,1,0,0,0,269257,0x894a4299b59f55f3
005079,2,0,0,0,269257,0x894a4299b59f55f3
005079,3,0,0,0,269257,0x894a4299b59f55f3
005079,4,0,0,0,269257,0x894a4299b59f55f3
005079,5,0,0,0,269257,0x894a4299b59f55f3
005079,6,0,0,0,269257,0x894a4299b59f55f3
005079,7,0,0,0,269257,0x894a4299b59f55f3
005079,8,0,0,0,269257,0x894a4299b59f55f3
005079,9,0,0,0,269257,0x894a4299b59f55f3
005079,10,0,0,0,269257,0x894a4299b59f55f3
005079,11,0,0,0,269257,0x894a4299b59f55f3
005079,12,0,0,0,269257,0x894a4299b59f55f3
005079,13,0,0,0,269257,0x894a4299b59f55f3
005079,14,0,0,0,269257,0x894a4299b59f55f3
005079,15,0,0,0,269257,0x894a4299b59f55f3
005079,16,0,0,0,269257,0x894a4299b59f55f3
005079,17,0,0,0,269257,0x894a4299b59f55f3
005079,18,0,0,0,269257,0x894a4299b59f55f3
005079,19,0,0,0,269257,0x894a4299b59f55f3
005079,20,0,0,0,269257,0x894a4299b59f55f3
005079,21,0,0,0,269257,0x894a4299b59f55f3
005079,22,0,0,0,269257,0x894a4299b59f55f3
005079,23,0,0,0,269257,0x894a4299b59f55f3
005079,24,0,0,0,269257,0x894a4299b59f55f3
005079,25,0,0,0,269257,0x894a4299b59f55f3
005079,26,0,0,0,269257,0x894a4299b59f55f3
005079,27,0,0,0,269257,0x894a4299b59f55f3
005079,28,0,0,0,269257,0x894a4299b59f55f3
005079,29,0,0,0,269257,0x894a4299b59f55f3
005079,30,0,0,0,269257,0x894a4299b59f55f3
005079,31,0,0,0,269257,0x894a4299b59f55f3
005079,0,0,0,0,269259,0x4eb7beff306c40b4
005079,1,0,0,0,269259,0x4eb7beff306c40b4
005079,2,0,0,0,269259,0x4eb7beff306c40b4
005079,3,0,0,0,269259,0x4eb7beff306c40b4
005079,4,0,0,0,269259,0x4eb7beff306c40b4
005079,5,0,0,0,269259,0x4eb7beff306c40b4
005079,6,0,0,0,269259,0x4eb7beff306c40b4
005079,7,0,0,0,269259,0x4eb7beff306c40b4
005079,8,0,0,0,269259,0x4eb7beff306c40b4
005079,9,0,0,0,269259,0x4eb7beff306c40b4
005079,10,0,0,0,269259,0x4eb7beff306c40b4
005079,11,0,0,0,269259,0x4eb7beff306c40b4
005079,12,0,0,0,269259,0x4eb7beff306c40b4
005079,13,0,0,0,269259,0x4eb7beff306c40b4
005079,14,0,0,0,269259,0x4eb7beff306c40b4
005079,15,0,0,0,269259,0x4eb7beff306c40b4
005079,16,0,0,0,269259,0x4eb7beff306c40b4
005079,17,0,0,0,269259,0x4eb7beff306c40b4
005079,18,0,0,0,269259,0x4eb7beff306c40b4
005079,19,0,0,0,269259,0x4eb7beff306c40b4
005079,20,0,0,0,269259,0x4eb7beff306c40b4
005079,21,0,0,0,269259,0x4eb7beff306c40b4
005079,22,0,0,0,269259,0x4eb7beff306c40b4
005079,23,0,0,0,269259,0x4eb7beff306c40b4
005079,24,0,0,0,269259,0x4eb7beff306c40b4
005079,25,0,0,0,269259,0x4eb7beff306c40b4
005079,26,0,0,0,269259,0x4eb7beff306c40b4
005079,27,0,0,0,269259,0x4eb7beff306c40b4
005079,28,0,0,0,269259,0x4eb7beff306c40b4
005079,29,0,0,0,269259,0x4eb7beff306c40b4
005079,30,0,0,0,269259,0x4eb7beff306c40b4
005079,31,0,0,0,269259,0x4eb7beff306c40b4
005079,0,0,0,0,269260,0x11aa18937bf89615
005079,1,0,0,0,269260,0x11aa18937bf89615
005079,2,0,0,0,269260,0x11aa18937bf89615
005079,3,0,0,0,269260,0x11aa18937bf89615
005079,4,0,0,0,269260,0x11aa18937bf89615
005079,5,0,0,0,269260,0x11aa18937bf89615
005079,6,0,0,0,269260,0x11aa18937bf89615
005079,7,0,0,0,269260,0x11aa18937bf89615
005079,8,0,0,0,269260,0x11aa18937bf89615
005079,9,0,0,0,269260,0x11aa18937bf89615
005079,10,0,0,0,269260,0x11aa18937bf89615
005079,11,0,0,0,269260,0x11aa18937bf89615
005079,12,0,0,0,269260,0x11aa18937bf89615
005079,13,0,0,0,269260,0x11aa18937bf89615
005079,14,0,0,0,269260,0x11aa18937bf89615
005079,15,0,0,0,269260,0x11aa18937bf89615
005079,16,0,0,0,269260,0x11aa18937bf89615
005079,17,0,0,0,269260,0x11aa18937bf89615
005079,18,0,0,0,269260,0x11aa18937bf89615
005079,19,0,0,0,269260,0x11aa18937bf89615
005079,20,0,0,0,269260,0x11aa18937bf89615
005079,21,0,0,0,269260,0x11aa18937bf89615
005079,22,0,0,0,269260,0x11aa18937bf89615
005079,23,0,0,0,269260,0x11aa18937bf89615
005079,24,0,0,0,269260,0x11aa18937bf89615
005079,25,0,0,0,269260,0x11aa18937bf89615
005079,26,0,0,0,269260,0x11aa18937bf89615
005079,27,0,0,0,269260,0x11aa18937bf89615
005079,28,0,0,0,269260,0x11aa18937bf89615
005079,29,0,0,0,269260,0x11aa18937bf89615
005079,30,0,0,0,269260,0x11aa18937bf89615
005079,31,0,0,0,269260,0x11aa18937bf89615
005045,0,2,3,7,22656,0x68397d93bb6f627d
005045,0,1,2,3,22655,0x68397d93bb6f627d
005045,0,0,1,2,22654,0x68397d93bb6f627d
005045,1,3,2,1,22655,0x68397d93bb6f627d
005045,2,126,2,0,22655,0x68397d93bb6f627d
005045,3,3,2,6,22655,0x68397d93bb6f627d
005045,1,127,3,2,22656,0x68397d93bb6f627d
005045,4,1,2,3,22655,0x68397d93bb6f627d
005045,5,3,2,1,22655,0x68397d93bb6f627d
005045,2,0,3,1,22656,0x68397d93bb6f627d
005045,6,126,2,0,22655,0x68397d93bb6f627d
005045,7,3,2,6,22655,0x68397d93bb6f627d
005045,3,0,3,2,22656,0x68397d93bb6f627d
005045,4,2,3,7,22656,0x68397d93bb6f627d
005045,5,127,3,2,22656,0x68397d93bb6f627d
005045,6,0,3,1,22656,0x68397d93bb6f627d
005045,7,0,3,2,22656,0x68397d93bb6f627d
005045,0,124,0,1,22653,0x68397d93bb6f627d
005045,1,2,1,0,22654,0x68397d93bb6f627d
005045,2,3,1,5,22654,0x68397d93bb6f627d
005045,3,125,1,0,22654,0x68397d93bb6f627d
005045,4,0,1,2,22654,0x68397d93bb6f627d
005045,5,2,1,0,22654,0x68397d93bb6f627d
005045,6,3,1,5,22654,0x68397d93bb6f627d
005045,7,125,1,0,22654,0x68397d93bb6f627d
005045,1,1,0,4,22653,0x68397d93bb6f627d
005045,2,2,0,3,22653,0x68397d93bb6f627d
005045,3,1,0,3,22653,0x68397d93bb6f627d
005045,4,124,0,1,22653,0x68397d93bb6f627d
005045,5,1,0,4,22653,0x68397d93bb6f627d
005045,6,2,0,3,22653,0x68397d93bb6f627d
005045,7,1,0,3,22653,0x68397d93bb6f627d
005045,0,0,0,0,22655,0x2252a0bcaf9b9123
005045,1,0,0,0,22655,0x2252a0bcaf9b9123
005045,2,0,0,0,22655,0x2252a0bcaf9b9123
005045,3,0,0,0,22655,0x2252a0bcaf9b9123
005045,4,0,0,0,22655,0x2252a0bcaf9b9123
005045,5,0,0,0,22655,0x2252a0bcaf9b9123
005045,6,0,0,0,22655,0x2252a0bcaf9b9123
005045,7,0,0,0,22655,0x2252a0bcaf9b9123
005045,8,0,0,0,22655,0x2252a0bcaf9b9123
005045,9,0,0,0,22655,0x2252a0bcaf9b9123
005045,10,0,0,0,22655,0x2252a0bcaf9b9123
005045,11,0,0,0,22655,0x2252a0bcaf9b9123
005045,12,0,0,0,22655,0x2252a0bcaf9b9123
005045,13,0,0,0,22655,0x2252a0bcaf9b9123
005045,14,0,0,0,22655,0x2252a0bcaf9b9123
005045,15,0,0,0,22655,0x2252a0bcaf9b9123
005045,16,0,0,0,22655,0x2252a0bcaf9b9123
005045,17,0,0,0,22655,0x2252a0bcaf9b9123
005045,18,0,0,0,22655,0x2252a0bcaf9b9123
005045,19,0,0,0,22655,0x2252a0bcaf9b9123
005045,20,0,0,0,22655,0x2252a0bcaf9b9123
005045,21,0,0,0,22655,0x2252a0bcaf9b9123
005045,22,0,0,0,22655,0x2252a0bcaf9b9123
005045,23,0,0,0,22655,0x2252a0bcaf9b9123
005045,24,0,0,0,22655,0x2252a0bcaf9b9123
005045,25,0,0,0,22655,0x2252a0bcaf9b9123
005045,26,0,0,0,22655,0x2252a0bcaf9b9123
005045,27,0,0,0,22655,0x2252a0bcaf9b9123
005045,28,0,0,0,22655,0x2252a0bcaf9b9123
005045,29,0,0,0,22655,0x2252a0bcaf9b9123
005045,30,0,0,0,22655,0x2252a0bcaf9b9123
005045,31,0,0,0,22655,0x2252a0bcaf9b9123
005045,0,0,0,0,22656,0xbc540aa348d6ddf
005045,1,0,0,0,22656,0xbc540aa348d6ddf
005045,2,0,0,0,22656,0xbc540aa348d6ddf
005045,3,0,0,0,22656,0xbc540aa348d6ddf
005045,4,0,0,0,22656,0xbc540aa348d6ddf
005045,5,0,0,0,22656,0xbc540aa348d6ddf
005045,6,0,0,0,22656,0xbc540aa348d6ddf
005045,7,0,0,0,22656,0xbc540aa348d6ddf
005045,8,0,0,0,22656,0xbc540aa348d6ddf
005045,9,0,0,0,22656,0xbc540aa348d6ddf
005045,10,0,0,0,22656,0xbc540aa348d6ddf
005045,11,0,0,0,22656,0xbc540aa348d6ddf
005045,12,0,0,0,22656,0xbc540aa348d6ddf
005045,13,0,0,0,22656,0xbc540aa348d6ddf
005045,14,0,0,0,22656,0xbc540aa348d6ddf
005045,15,0,0,0,22656,0xbc540aa348d6ddf
005045,16,0,0,0,22656,0xbc540aa348d6ddf
005045,17,0,0,0,22656,0xbc540aa348d6ddf
005045,18,0,0,0,22656,0xbc540aa348d6ddf
005045,19,0,0,0,22656,0xbc540aa348d6ddf
005045,20,0,0,0,22656,0xbc540aa348d6ddf
005045,21,0,0,0,22656,0xbc540aa348d6ddf
005045,22,0,0,0,22656,0xbc540aa348d6ddf
005045,23,0,0,0,22656,0xbc540aa348d6ddf
005045,24,0,0,0,22656,0xbc540aa348d6ddf
005045,25,0,0,0,22656,0xbc540aa348d6ddf
005045,26,0,0,0,22656,0xbc540aa348d6ddf
005045,27,0,0,0,22656,0xbc540aa348d6ddf
005045,28,0,0,0,22656,0xbc540aa348d6ddf
005045,29,0,0,0,22656,0xbc540aa348d6ddf
005045,30,0,0,0,22656,0xbc540aa348d6ddf
005045,31,0,0,0,22656,0xbc540aa348d6ddf
005045,0,0,0,0,22654,0xa128a4c0e4a117cd
005045,1,0,0,0,22654,0xa128a4c0e4a117cd
005045,2,0,0,0,22654,0xa128a4c0e4a117cd
005045,3,0,0,0,22654,0xa128a4c0e4a117cd
005045,4,0,0,0,22654,0xa128a4c0e4a117cd
005045,5,0,0,0,22654,0xa128a4c0e4a117cd
005045,6,0,0,0,22654,0xa128a4c0e4a117cd
005045,7,0,0,0,22654,0xa128a4c0e4a117cd
005045,8,0,0,0,22654,0xa128a4c0e4a117cd
005045,9,0,0,0,22654,0xa128a4c0e4a117cd
005045,10,0,0,0,22654,0xa128a4c0e4a117cd
005045,11,0,0,0,22654,0xa128a4c0e4a117cd
005045,12,0,0,0,22654,0xa128a4c0e4a117cd
005045,13,0,0,0,22654,0xa128a4c0e4a117cd
005045,14,0,0,0,22654,0xa128a4c0e4a117cd
005045,15,0,0,0,22654,0xa128a4c0e4a117cd
005045,16,0,0,0,22654,0xa128a4c0e4a117cd
005045,17,0,0,0,22654,0xa128a4c0e4a117cd
005045,18,0,0,0,22654,0xa128a4c0e4a117cd
005045,19,0,0,0,22654,0xa128a4c0e4a117cd
005045,20,0,0,0,22654,0xa128a4c0e4a117cd
005045,21,0,0,0,22654,0xa128a4c0e4a117cd
005045,22,0,0,0,22654,0xa128a4c0e4a117cd
005045,23,0,0,0,22654,0xa128a4c0e4a117cd
005045,24,0,0,0,22654,0xa128a4c0e4a117cd
005045,25,0,0,0,22654,0xa128a4c0e4a117cd
005045,26,0,0,0,22654,0xa128a4c0e4a117cd
005045,27,0,0,0,22654,0xa128a4c0e4a117cd
005045,28,0,0,0,22654,0xa128a4c0e4a117cd
005045,29,0,0,0,22654,0xa128a4c0e4a117cd
005045,30,0,0,0,22654,0xa128a4c0e4a117cd
005045,31,0,0,0,22654,0xa128a4c0e4a117cd
005045,0,0,0,0,22653,0x6b3458bfb3d6369d
005045,1,0,0,0,22653,0x6b3458bfb3d6369d
005045,2,0,0,0,22653,0x6b3458bfb3d6369d
005045,3,0,0,0,22653,0x6b3458bfb3d6369d
005045,4,0,0,0,22653,0x6b3458bfb3d6369d
005045,5,0,0,0,22653,0x6b3458bfb3d6369d
005045,6,0,0,0,22653,0x6b3458bfb3d6369d
005045,7,0,0,0,22653,0x6b3458bfb3d6369d
005045,8,0,0,0,22653,0x6b3458bfb3d6369d
005045,9,0,0,0,22653,0x6b3458bfb3d6369d
005045,10,0,0,0,22653,0x6b3458bfb3d6369d
005045,11,0,0,0,22653,0x6b3458bfb3d6369d
005045,12,0,0,0,22653,0x6b3458bfb3d6369d
005045,13,0,0,0,22653,0x6b3458bfb3d6369d
005045,14,0,0,0,22653,0x6b3458bfb3d6369d
005045,15,0,0,0,22653,0x6b3458bfb3d6369d
005045,16,0,0,0,22653,0x6b3458bfb3d6369d
005045,17,0,0,0,22653,0x6b3458bfb3d6369d
005045,18,0,0,0,22653,0x6b3458bfb3d6369d
005045,19,0,0,0,22653,0x6b3458bfb3d6369d
005045,20,0,0,0,22653,0x6b3458bfb3d6369d
005045,21,0,0,0,22653,0x6b3458bfb3d6369d
005045,22,0,0,0,22653,0x6b3458bfb3d6369d
005045,23,0,0,0,22653,0x6b3458bfb3d6369d
005045,24,0,0,0,22653,0x6b3458bfb3d6369d
005045,25,0,0,0,22653,0x6b3458bfb3d6369d
005045,26,0,0,0,22653,0x6b3458bfb3d6369d
005045,27,0,0,0,22653,0x6b3458bfb3d6369d
005045,28,0,0,0,22653,0x6b3458bfb3d6369d
005045,29,0,0,0,22653,0x6b3458bfb3d6369d
005045,30,0,0,0,22653,0x6b3458bfb3d6369d
005045,31,0,0,0,22653,0x6b3458bfb3d6369d
005045,0,2,3,7,22656,0xe7d12636594460c0
005045,0,1,2,3,22655,0xe7d12636594460c0
005045,1,127,3,2,22656,0xe7d12636594460c0
005045,1,3,2,1,22655,0xe7d12636594460c0
005045,2,0,3,1,22656,0xe7d12636594460c0
005045,2,126,2,0,22655,0xe7d12636594460c0
005045,3,0,3,2,22656,0xe7d12636594460c0
005045,3,3,2,6,22655,0xe7d12636594460c0
005045,4,1,2,3,22655,0xe7d12636594460c0
005045,4,2,3,7,22656,0xe7d12636594460c0
005045,5,3,2,1,22655,0xe7d12636594460c0
005045,6,126,2,0,22655,0xe7d12636594460c0
005045,5,127,3,2,22656,0xe7d12636594460c0
005045,7,3,2,6,22655,0xe7d12636594460c0
005045,6,0,3,1,22656,0xe7d12636594460c0
005045,7,0,3,2,22656,0xe7d12636594460c0
005045,0,0,1,2,22654,0xe7d12636594460c0
005045,0,124,0,1,22653,0xe7d12636594460c0
005045,1,2,1,0,22654,0xe7d12636594460c0
005045,2,3,1,5,22654,0xe7d12636594460c0
005045,3,125,1,0,22654,0xe7d12636594460c0
005045,4,0,1,2,22654,0xe7d12636594460c0
005045,1,1,0,4,22653,0xe7d12636594460c0
005045,5,2,1,0,22654,0xe7d12636594460c0
005045,2,2,0,3,22653,0xe7d12636594460c0
005045,6,3,1,5,22654,0xe7d12636594460c0
005045,7,125,1,0,22654,0xe7d12636594460c0
005045,3,1,0,3,22653,0xe7d12636594460c0
005045,4,124,0,1,22653,0xe7d12636594460c0
005045,5,1,0,4,22653,0xe7d12636594460c0
005045,6,2,0,3,22653,0xe7d12636594460c0
005045,7,1,0,3,22653,0xe7d12636594460c0
005045,0,0,0,0,22654,0x5a1b5d2479bb1798
005045,1,0,0,0,22654,0x5a1b5d2479bb1798
005045,2,0,0,0,22654,0x5a1b5d2479bb1798
005045,3,0,0,0,22654,0x5a1b5d2479bb1798
005045,4,0,0,0,22654,0x5a1b5d2479bb1798
005045,5,0,0,0,22654,0x5a1b5d2479bb1798
005045,6,0,0,0,22654,0x5a1b5d2479bb1798
005045,7,0,0,0,22654,0x5a1b5d2479bb1798
005045,8,0,0,0,22654,0x5a1b5d2479bb1798
005045,9,0,0,0,22654,0x5a1b5d2479bb1798
005045,10,0,0,0,22654,0x5a1b5d2479bb1798
005045,11,0,0,0,22654,0x5a1b5d2479bb1798
005045,12,0,0,0,22654,0x5a1b5d2479bb1798
005045,13,0,0,0,22654,0x5a1b5d2479bb1798
005045,14,0,0,0,22654,0x5a1b5d2479bb1798
005045,15,0,0,0,22654,0x5a1b5d2479bb1798
005045,16,0,0,0,22654,0x5a1b5d2479bb1798
005045,17,0,0,0,22654,0x5a1b5d2479bb1798
005045,18,0,0,0,22654,0x5a1b5d2479bb1798
005045,19,0,0,0,22654,0x5a1b5d2479bb1798
005045,20,0,0,0,22654,0x5a1b5d2479bb1798
005045,21,0,0,0,22654,0x5a1b5d2479bb1798
005045,22,0,0,0,22654,0x5a1b5d2479bb1798
005045,23,0,0,0,22654,0x5a1b5d2479bb1798
005045,24,0,0,0,22654,0x5a1b5d2479bb1798
005045,25,0,0,0,22654,0x5a1b5d2479bb1798
005045,26,0,0,0,22654,0x5a1b5d2479bb1798
005045,27,0,0,0,22654,0x5a1b5d2479bb1798
005045,28,0,0,0,22654,0x5a1b5d2479bb1798
005045,29,0,0,0,22654,0x5a1b5d2479bb1798
005045,30,0,0,0,22654,0x5a1b5d2479bb1798
005045,31,0,0,0,22654,0x5a1b5d2479bb1798
005045,0,0,0,0,22655,0x50e0ac7e24a6996c
005045,1,0,0,0,22655,0x50e0ac7e24a6996c
005045,2,0,0,0,22655,0x50e0ac7e24a6996c
005045,3,0,0,0,22655,0x50e0ac7e24a6996c
005045,4,0,0,0,22655,0x50e0ac7e24a6996c
005045,5,0,0,0,22655,0x50e0ac7e24a6996c
005045,6,0,0,0,22655,0x50e0ac7e24a6996c
005045,7,0,0,0,22655,0x50e0ac7e24a6996c
005045,8,0,0,0,22655,0x50e0ac7e24a6996c
005045,9,0,0,0,22655,0x50e0ac7e24a6996c
005045,10,0,0,0,22655,0x50e0ac7e24a6996c
005045,11,0,0,0,22655,0x50e0ac7e24a6996c
005045,12,0,0,0,22655,0x50e0ac7e24a6996c
005045,13,0,0,0,22655,0x50e0ac7e24a6996c
005045,14,0,0,0,22655,0x50e0ac7e24a6996c
005045,15,0,0,0,22655,0x50e0ac7e24a6996c
005045,16,0,0,0,22655,0x50e0ac7e24a6996c
005045,17,0,0,0,22655,0x50e0ac7e24a6996c
005045,18,0,0,0,22655,0x50e0ac7e24a6996c
005045,19,0,0,0,22655,0x50e0ac7e24a6996c
005045,20,0,0,0,22655,0x50e0ac7e24a6996c
005045,21,0,0,0,22655,0x50e0ac7e24a6996c
005045,22,0,0,0,22655,0x50e0ac7e24a6996c
005045,23,0,0,0,22655,0x50e0ac7e24a6996c
005045,24,0,0,0,22655,0x50e0ac7e24a6996c
005045,25,0,0,0,22655,0x50e0ac7e24a6996c
005045,26,0,0,0,22655,0x50e0ac7e24a6996c
005045,27,0,0,0,22655,0x50e0ac7e24a6996c
005045,28,0,0,0,22655,0x50e0ac7e24a6996c
005045,29,0,0,0,22655,0x50e0ac7e24a6996c
005045,30,0,0,0,22655,0x50e0ac7e24a6996c
005045,31,0,0,0,22655,0x50e0ac7e24a6996c
005045,0,0,0,0,22656,0xbdce725278146793
005045,1,0,0,0,22656,0xbdce725278146793
005045,2,0,0,0,22656,0xbdce725278146793
005045,3,0,0,0,22656,0xbdce725278146793
005045,4,0,0,0,22656,0xbdce725278146793
005045,5,0,0,0,22656,0xbdce725278146793
005045,6,0,0,0,22656,0xbdce725278146793
005045,7,0,0,0,22656,0xbdce725278146793
005045,8,0,0,0,22656,0xbdce725278146793
005045,9,0,0,0,22656,0xbdce725278146793
005045,10,0,0,0,22656,0xbdce725278146793
005045,11,0,0,0,22656,0xbdce725278146793
005045,12,0,0,0,22656,0xbdce725278146793
005045,13,0,0,0,22656,0xbdce725278146793
005045,14,0,0,0,22656,0xbdce725278146793
005045,15,0,0,0,22656,0xbdce725278146793
005045,16,0,0,0,22656,0xbdce725278146793
005045,17,0,0,0,22656,0xbdce725278146793
005045,18,0,0,0,22656,0xbdce725278146793
005045,19,0,0,0,22656,0xbdce725278146793
005045,20,0,0,0,22656,0xbdce725278146793
005045,21,0,0,0,22656,0xbdce725278146793
005045,22,0,0,0,22656,0xbdce725278146793
005045,23,0,0,0,22656,0xbdce725278146793
005045,24,0,0,0,22656,0xbdce725278146793
005045,25,0,0,0,22656,0xbdce725278146793
005045,26,0,0,0,22656,0xbdce725278146793
005045,27,0,0,0,22656,0xbdce725278146793
005045,28,0,0,0,22656,0xbdce725278146793
005045,29,0,0,0,22656,0xbdce725278146793
005045,30,0,0,0,22656,0xbdce725278146793
005045,31,0,0,0,22656,0xbdce725278146793
005045,0,0,0,0,22653,0x576476d731c1019d
005045,1,0,0,0,22653,0x576476d731c1019d
005045,2,0,0,0,22653,0x576476d731c1019d
005045,3,0,0,0,22653,0x576476d731c1019d
005045,4,0,0,0,22653,0x576476d731c1019d
005045,5,0,0,0,22653,0x576476d731c1019d
005045,6,0,0,0,22653,0x576476d731c1019d
005045,7,0,0,0,22653,0x576476d731c1019d
005045,8,0,0,0,22653,0x576476d731c1019d
005045,9,0,0,0,22653,0x576476d731c1019d
005045,10,0,0,0,22653,0x576476d731c1019d
005045,11,0,0,0,22653,0x576476d731c1019d
005045,12,0,0,0,22653,0x576476d731c1019d
005045,13,0,0,0,22653,0x576476d731c1019d
005045,14,0,0,0,22653,0x576476d731c1019d
005045,15,0,0,0,22653,0x576476d731c1019d
005045,16,0,0,0,22653,0x576476d731c1019d
005045,17,0,0,0,22653,0x576476d731c1019d
005045,18,0,0,0,22653,0x576476d731c1019d
005045,19,0,0,0,22653,0x576476d731c1019d
005045,20,0,0,0,22653,0x576476d731c1019d
005045,21,0,0,0,22653,0x576476d731c1019d
005045,22,0,0,0,22653,0x576476d731c1019d
005045,23,0,0,0,22653,0x576476d731c1019d
005045,24,0,0,0,22653,0x576476d731c1019d
005045,25,0,0,0,22653,0x576476d731c1019d
005045,26,0,0,0,22653,0x576476d731c1019d
005045,27,0,0,0,22653,0x576476d731c1019d
005045,28,0,0,0,22653,0x576476d731c1019d
005045,29,0,0,0,22653,0x576476d731c1019d
005045,30,0,0,0,22653,0x576476d731c1019d
005045,31,0,0,0,22653,0x576476d731c1019d
005070,0,50,51,55,275209,0x68397d93bb6f627d
005070,1,47,51,50,275209,0x68397d93bb6f627d
005070,2,48,51,49,275209,0x68397d93bb6f627d
005070,3,48,51,50,275209,0x68397d93bb6f627d
005070,4,50,51,55,275209,0x68397d93bb6f627d
005070,5,47,51,50,275209,0x68397d93bb6f627d
005070,6,48,51,49,275209,0x68397d93bb6f627d
005070,7,48,51,50,275209,0x68397d93bb6f627d
005070,0,48,49,50,275207,0x68397d93bb6f627d
005070,0,49,50,51,275208,0x68397d93bb6f627d
005070,1,51,50,49,275208,0x68397d93bb6f627d
005070,2,46,50,48,275208,0x68397d93bb6f627d
005070,3,51,50,54,275208,0x68397d93bb6f627d
005070,4,49,50,51,275208,0x68397d93bb6f627d
005070,5,51,50,49,275208,0x68397d93bb6f627d
005070,6,46,50,48,275208,0x68397d93bb6f627d
005070,7,51,50,54,275208,0x68397d93bb6f627d
005070,1,50,49,48,275207,0x68397d93bb6f627d
005070,2,51,49,53,275207,0x68397d93bb6f627d
005070,3,45,49,48,275207,0x68397d93bb6f627d
005070,4,48,49,50,275207,0x68397d93bb6f627d
005070,5,50,49,48,275207,0x68397d93bb6f627d
005070,6,51,49,53,275207,0x68397d93bb6f627d
005070,7,45,49,48,275207,0x68397d93bb6f627d
005070,0,44,48,49,275206,0x68397d93bb6f627d
005070,1,49,48,52,275206,0x68397d93bb6f627d
005070,2,50,48,51,275206,0x68397d93bb6f627d
005070,3,49,48,51,275206,0x68397d93bb6f627d
005070,4,44,48,49,275206,0x68397d93bb6f627d
005070,5,49,48,52,275206,0x68397d93bb6f627d
005070,6,50,48,51,275206,0x68397d93bb6f627d
005070,7,49,48,51,275206,0x68397d93bb6f627d
005070,0,0,0,0,275208,0x56f9791e2c0b900c
005070,1,0,0,0,275208,0x56f9791e2c0b900c
005070,2,0,0,0,275208,0x56f9791e2c0b900c
005070,3,0,0,0,275208,0x56f9791e2c0b900c
005070,4,0,0,0,275208,0x56f9791e2c0b900c
005070,5,0,0,0,275208,0x56f9791e2c0b900c
005070,6,0,0,0,275208,0x56f9791e2c0b900c
005070,7,0,0,0,275208,0x56f9791e2c0b900c
005070,8,0,0,0,275208,0x56f9791e2c0b900c
005070,9,0,0,0,275208,0x56f9791e2c0b900c
005070,10,0,0,0,275208,0x56f9791e2c0b900c
005070,11,0,0,0,275208,0x56f9791e2c0b900c
005070,12,0,0,0,275208,0x56f9791e2c0b900c
005070,13,0,0,0,275208,0x56f9791e2c0b900c
005070,14,0,0,0,275208,0x56f9791e2c0b900c
005070,15,0,0,0,275208,0x56f9791e2c0b900c
005070,16,0,0,0,275208,0x56f9791e2c0b900c
005070,17,0,0,0,275208,0x56f9791e2c0b900c
005070,18,0,0,0,275208,0x56f9791e2c0b900c
005070,19,0,0,0,275208,0x56f9791e2c0b900c
005070,20,0,0,0,275208,0x56f9791e2c0b900c
005070,21,0,0,0,275208,0x56f9791e2c0b900c
005070,22,0,0,0,275208,0x56f9791e2c0b900c
005070,23,0,0,0,275208,0x56f9791e2c0b900c
005070,24,0,0,0,275208,0x56f9791e2c0b900c
005070,25,0,0,0,275208,0x56f9791e2c0b900c
005070,26,0,0,0,275208,0x56f9791e2c0b900c
005070,27,0,0,0,275208,0x56f9791e2c0b900c
005070,28,0,0,0,275208,0x56f9791e2c0b900c
005070,29,0,0,0,275208,0x56f9791e2c0b900c
005070,30,0,0,0,275208,0x56f9791e2c0b900c
005070,31,0,0,0,275208,0x56f9791e2c0b900c
005070,0,0,0,0,275209,0xc1a05cb7f7192331
005070,1,0,0,0,275209,0xc1a05cb7f7192331
005070,2,0,0,0,275209,0xc1a05cb7f7192331
005070,3,0,0,0,275209,0xc1a05cb7f7192331
005070,4,0,0,0,275209,0xc1a05cb7f7192331
005070,5,0,0,0,275209,0xc1a05cb7f7192331
005070,6,0,0,0,275209,0xc1a05cb7f7192331
005070,7,0,0,0,275209,0xc1a05cb7f7192331
005070,8,0,0,0,275209,0xc1a05cb7f7192331
005070,9,0,0,0,275209,0xc1a05cb7f7192331
005070,10,0,0,0,275209,0xc1a05cb7f7192331
005070,11,0,0,0,275209,0xc1a05cb7f7192331
005070,12,0,0,0,275209,0xc1a05cb7f7192331
005070,13,0,0,0,275209,0xc1a05cb7f7192331
005070,14,0,0,0,275209,0xc1a05cb7f7192331
005070,15,0,0,0,275209,0xc1a05cb7f7192331
005070,16,0,0,0,275209,0xc1a05cb7f7192331
005070,17,0,0,0,275209,0xc1a05cb7f7192331
005070,18,0,0,0,275209,0xc1a05cb7f7192331
005070,19,0,0,0,275209,0xc1a05cb7f7192331
005070,20,0,0,0,275209,0xc1a05cb7f7192331
005070,21,0,0,0,275209,0xc1a05cb7f7192331
005070,22,0,0,0,275209,0xc1a05cb7f7192331
005070,23,0,0,0,275209,0xc1a05cb7f7192331
005070,24,0,0,0,275209,0xc1a05cb7f7192331
005070,25,0,0,0,275209,0xc1a05cb7f7192331
005070,26,0,0,0,275209,0xc1a05cb7f7192331
005070,27,0,0,0,275209,0xc1a05cb7f7192331
005070,28,0,0,0,275209,0xc1a05cb7f7192331
005070,29,0,0,0,275209,0xc1a05cb7f7192331
005070,30,0,0,0,275209,0xc1a05cb7f7192331
005070,31,0,0,0,275209,0xc1a05cb7f7192331
005070,0,0,0,0,275206,0x48eac0b6aacc46f8
005070,1,0,0,0,275206,0x48eac0b6aacc46f8
005070,2,0,0,0,275206,0x48eac0b6aacc46f8
005070,3,0,0,0,275206,0x48eac0b6aacc46f8
005070,4,0,0,0,275206,0x48eac0b6aacc46f8
005070,5,0,0,0,275206,0x48eac0b6aacc46f8
005070,6,0,0,0,275206,0x48eac0b6aacc46f8
005070,7,0,0,0,275206,0x48eac0b6aacc46f8
005070,8,0,0,0,275206,0x48eac0b6aacc46f8
005070,9,0,0,0,275206,0x48eac0b6aacc46f8
005070,10,0,0,0,275206,0x48eac0b6aacc46f8
005070,11,0,0,0,275206,0x48eac0b6aacc46f8
005070,12,0,0,0,275206,0x48eac0b6aacc46f8
005070,13,0,0,0,275206,0x48eac0b6aacc46f8
005070,14,0,0,0,275206,0x48eac0b6aacc46f8
005070,15,0,0,0,275206,0x48eac0b6aacc46f8
005070,16,0,0,0,275206,0x48eac0b6aacc46f8
005070,17,0,0,0,275206,0x48eac0b6aacc46f8
005070,18,0,0,0,275206,0x48eac0b6aacc46f8
005070,19,0,0,0,275206,0x48eac0b6aacc46f8
005070,20,0,0,0,275206,0x48eac0b6aacc46f8
005070,21,0,0,0,275206,0x48eac0b6aacc46f8
005070,22,0,0,0,275206,0x48eac0b6aacc46f8
005070,23,0,0,0,275206,0x48eac0b6aacc46f8
005070,24,0,0,0,275206,0x48eac0b6aacc46f8
005070,25,0,0,0,275206,0x48eac0b6aacc46f8
005070,26,0,0,0,275206,0x48eac0b6aacc46f8
005070,27,0,0,0,275206,0x48eac0b6aacc46f8
005070,28,0,0,0,275206,0x48eac0b6aacc46f8
005070,29,0,0,0,275206,0x48eac0b6aacc46f8
005070,30,0,0,0,275206,0x48eac0b6aacc46f8
005070,31,0,0,0,275206,0x48eac0b6aacc46f8
005070,0,0,0,0,275207,0x6e7be65042e6c6de
005070,1,0,0,0,275207,0x6e7be65042e6c6de
005070,2,0,0,0,275207,0x6e7be65042e6c6de
005070,3,0,0,0,275207,0x6e7be65042e6c6de
005070,4,0,0,0,275207,0x6e7be65042e6c6de
005070,5,0,0,0,275207,0x6e7be65042e6c6de
005070,6,0,0,0,275207,0x6e7be65042e6c6de
005070,7,0,0,0,275207,0x6e7be65042e6c6de
005070,8,0,0,0,275207,0x6e7be65042e6c6de
005070,9,0,0,0,275207,0x6e7be65042e6c6de
005070,10,0,0,0,275207,0x6e7be65042e6c6de
005070,11,0,0,0,275207,0x6e7be65042e6c6de
005070,12,0,0,0,275207,0x6e7be65042e6c6de
005070,13,0,0,0,275207,0x6e7be65042e6c6de
005070,14,0,0,0,275207,0x6e7be65042e6c6de
005070,15,0,0,0,275207,0x6e7be65042e6c6de
005070,16,0,0,0,275207,0x6e7be65042e6c6de
005070,17,0,0,0,275207,0x6e7be65042e6c6de
005070,18,0,0,0,275207,0x6e7be65042e6c6de
005070,19,0,0,0,275207,0x6e7be65042e6c6de
005070,20,0,0,0,275207,0x6e7be65042e6c6de
005070,21,0,0,0,275207,0x6e7be65042e6c6de
005070,22,0,0,0,275207,0x6e7be65042e6c6de
005070,23,0,0,0,275207,0x6e7be65042e6c6de
005070,24,0,0,0,275207,0x6e7be65042e6c6de
005070,25,0,0,0,275207,0x6e7be65042e6c6de
005070,26,0,0,0,275207,0x6e7be65042e6c6de
005070,27,0,0,0,275207,0x6e7be65042e6c6de
005070,28,0,0,0,275207,0x6e7be65042e6c6de
005070,29,0,0,0,275207,0x6e7be65042e6c6de
005070,30,0,0,0,275207,0x6e7be65042e6c6de
005070,31,0,0,0,275207,0x6e7be65042e6c6de
005070,0,50,51,55,275209,0xe7d12636594460c0
005070,1,47,51,50,275209,0xe7d12636594460c0
005070,2,48,51,49,275209,0xe7d12636594460c0
005070,3,48,51,50,275209,0xe7d12636594460c0
005070,4,50,51,55,275209,0xe7d12636594460c0
005070,5,47,51,50,275209,0xe7d12636594460c0
005070,6,48,51,49,275209,0xe7d12636594460c0
005070,7,48,51,50,275209,0xe7d12636594460c0
005070,0,49,50,51,275208,0xe7d12636594460c0
005070,0,48,49,50,275207,0xe7d12636594460c0
005070,1,51,50,49,275208,0xe7d12636594460c0
005070,2,46,50,48,275208,0xe7d12636594460c0
005070,3,51,50,54,275208,0xe7d12636594460c0
005070,4,49,50,51,275208,0xe7d12636594460c0
005070,5,51,50,49,275208,0xe7d12636594460c0
005070,6,46,50,48,275208,0xe7d12636594460c0
005070,7,51,50,54,275208,0xe7d12636594460c0
005070,1,50,49,48,275207,0xe7d12636594460c0
005070,2,51,49,53,275207,0xe7d12636594460c0
005070,3,45,49,48,275207,0xe7d12636594460c0
005070,4,48,49,50,275207,0xe7d12636594460c0
005070,5,50,49,48,275207,0xe7d12636594460c0
005070,6,51,49,53,275207,0xe7d12636594460c0
005070,7,45,49,48,275207,0xe7d12636594460c0
005070,0,44,48,49,275206,0xe7d12636594460c0
005070,1,49,48,52,275206,0xe7d12636594460c0
005070,2,50,48,51,275206,0xe7d12636594460c0
005070,3,49,48,51,275206,0xe7d12636594460c0
005070,4,44,48,49,275206,0xe7d12636594460c0
005070,5,49,48,52,275206,0xe7d12636594460c0
005070,6,50,48,51,275206,0xe7d12636594460c0
005070,7,49,48,51,275206,0xe7d12636594460c0
005070,0,0,0,0,275208,0xad65f5b3cd3437a8
005070,1,0,0,0,275208,0xad65f5b3cd3437a8
005070,2,0,0,0,275208,0xad65f5b3cd3437a8
005070,3,0,0,0,275208,0xad65f5b3cd3437a8
005070,4,0,0,0,275208,0xad65f5b3cd3437a8
005070,5,0,0,0,275208,0xad65f5b3cd3437a8
005070,6,0,0,0,275208,0xad65f5b3cd3437a8
005070,7,0,0,0,275208,0xad65f5b3cd3437a8
005070,8,0,0,0,275208,0xad65f5b3cd3437a8
005070,9,0,0,0,275208,0xad65f5b3cd3437a8
005070,10,0,0,0,275208,0xad65f5b3cd3437a8
005070,11,0,0,0,275208,0xad65f5b3cd3437a8
005070,12,0,0,0,275208,0xad65f5b3cd3437a8
005070,13,0,0,0,275208,0xad65f5b3cd3437a8
005070,14,0,0,0,275208,0xad65f5b3cd3437a8
005070,15,0,0,0,275208,0xad65f5b3cd3437a8
005070,16,0,0,0,275208,0xad65f5b3cd3437a8
005070,17,0,0,0,275208,0xad65f5b3cd3437a8
005070,18,0,0,0,275208,0xad65f5b3cd3437a8
005070,19,0,0,0,275208,0xad65f5b3cd3437a8
005070,20,0,0,0,275208,0xad65f5b3cd3437a8
005070,21,0,0,0,275208,0xad65f5b3cd3437a8
005070,22,0,0,0,275208,0xad65f5b3cd3437a8
005070,23,0,0,0,275208,0xad65f5b3cd3437a8
005070,24,0,0,0,275208,0xad65f5b3cd3437a8
005070,25,0,0,0,275208,0xad65f5b3cd3437a8
005070,26,0,0,0,275208,0xad65f5b3cd3437a8
005070,27,0,0,0,275208,0xad65f5b3cd3437a8
005070,28,0,0,0,275208,0xad65f5b3cd3437a8
005070,29,0,0,0,275208,0xad65f5b3cd3437a8
005070,30,0,0,0,275208,0xad65f5b3cd3437a8
005070,31,0,0,0,275208,0xad65f5b3cd3437a8
005070,0,0,0,0,275207,0xd6fef0e76337e3b1
005070,1,0,0,0,275207,0xd6fef0e76337e3b1
005070,2,0,0,0,275207,0xd6fef0e76337e3b1
005070,3,0,0,0,275207,0xd6fef0e76337e3b1
005070,4,0,0,0,275207,0xd6fef0e76337e3b1
005070,5,0,0,0,275207,0xd6fef0e76337e3b1
005070,6,0,0,0,275207,0xd6fef0e76337e3b1
005070,7,0,0,0,275207,0xd6fef0e76337e3b1
005070,8,0,0,0,275207,0xd6fef0e76337e3b1
005070,9,0,0,0,275207,0xd6fef0e76337e3b1
005070,10,0,0,0,275207,0xd6fef0e76337e3b1
005070,11,0,0,0,275207,0xd6fef0e76337e3b1
005070,12,0,0,0,275207,0xd6fef0e76337e3b1
005070,13,0,0,0,275207,0xd6fef0e76337e3b1
005070,14,0,0,0,275207,0xd6fef0e76337e3b1
005070,15,0,0,0,275207,0xd6fef0e76337e3b1
005070,16,0,0,0,275207,0xd6fef0e76337e3b1
005070,17,0,0,0,275207,0xd6fef0e76337e3b1
005070,18,0,0,0,275207,0xd6fef0e76337e3b1
005070,19,0,0,0,275207,0xd6fef0e76337e3b1
005070,20,0,0,0,275207,0xd6fef0e76337e3b1
005070,21,0,0,0,275207,0xd6fef0e76337e3b1
005070,22,0,0,0,275207,0xd6fef0e76337e3b1
005070,23,0,0,0,275207,0xd6fef0e76337e3b1
005070,24,0,0,0,275207,0xd6fef0e76337e3b1
005070,25,0,0,0,275207,0xd6fef0e76337e3b1
005070,26,0,0,0,275207,0xd6fef0e76337e3b1
005070,27,0,0,0,275207,0xd6fef0e76337e3b1
005070,28,0,0,0,275207,0xd6fef0e76337e3b1
005070,29,0,0,0,275207,0xd6fef0e76337e3b1
005070,30,0,0,0,275207,0xd6fef0e76337e3b1
005070,31,0,0,0,275207,0xd6fef0e76337e3b1
005070,0,0,0,0,275206,0x6c71b3ffaa09efd8
005070,1,0,0,0,275206,0x6c71b3ffaa09efd8
005070,2,0,0,0,275206,0x6c71b3ffaa09efd8
005070,3,0,0,0,275206,0x6c71b3ffaa09efd8
005070,4,0,0,0,275206,0x6c71b3ffaa09efd8
005070,5,0,0,0,275206,0x6c71b3ffaa09efd8
005070,6,0,0,0,275206,0x6c71b3ffaa09efd8
005070,7,0,0,0,275206,0x6c71b3ffaa09efd8
005070,8,0,0,0,275206,0x6c71b3ffaa09efd8
005070,9,0,0,0,275206,0x6c71b3ffaa09efd8
005070,10,0,0,0,275206,0x6c71b3ffaa09efd8
005070,11,0,0,0,275206,0x6c71b3ffaa09efd8
005070,12,0,0,0,275206,0x6c71b3ffaa09efd8
005070,13,0,0,0,275206,0x6c71b3ffaa09efd8
005070,14,0,0,0,275206,0x6c71b3ffaa09efd8
005070,15,0,0,0,275206,0x6c71b3ffaa09efd8
005070,16,0,0,0,275206,0x6c71b3ffaa09efd8
005070,17,0,0,0,275206,0x6c71b3ffaa09efd8
005070,18,0,0,0,275206,0x6c71b3ffaa09efd8
005070,19,0,0,0,275206,0x6c71b3ffaa09efd8
005070,20,0,0,0,275206,0x6c71b3ffaa09efd8
005070,21,0,0,0,275206,0x6c71b3ffaa09efd8
005070,22,0,0,0,275206,0x6c71b3ffaa09efd8
005070,23,0,0,0,275206,0x6c71b3ffaa09efd8
005070,24,0,0,0,275206,0x6c71b3ffaa09efd8
005070,25,0,0,0,275206,0x6c71b3ffaa09efd8
005070,26,0,0,0,275206,0x6c71b3ffaa09efd8
005070,27,0,0,0,275206,0x6c71b3ffaa09efd8
005070,28,0,0,0,275206,0x6c71b3ffaa09efd8
005070,29,0,0,0,275206,0x6c71b3ffaa09efd8
005070,30,0,0,0,275206,0x6c71b3ffaa09efd8
005070,31,0,0,0,275206,0x6c71b3ffaa09efd8
005070,0,0,0,0,275209,0x9a52e9d28371b457
005070,1,0,0,0,275209,0x9a52e9d28371b457
005070,2,0,0,0,275209,0x9a52e9d28371b457
005070,3,0,0,0,275209,0x9a52e9d28371b457
005070,4,0,0,0,275209,0x9a52e9d28371b457
005070,5,0,0,0,275209,0x9a52e9d28371b457
005070,6,0,0,0,275209,0x9a52e9d28371b457
005070,7,0,0,0,275209,0x9a52e9d28371b457
005070,8,0,0,0,275209,0x9a52e9d28371b457
005070,9,0,0,0,275209,0x9a52e9d28371b457
005070,10,0,0,0,275209,0x9a52e9d28371b457
005070,11,0,0,0,275209,0x9a52e9d28371b457
005070,12,0,0,0,275209,0x9a52e9d28371b457
005070,13,0,0,0,275209,0x9a52e9d28371b457
005070,14,0,0,0,275209,0x9a52e9d28371b457
005070,15,0,0,0,275209,0x9a52e9d28371b457
005070,16,0,0,0,275209,0x9a52e9d28371b457
005070,17,0,0,0,275209,0x9a52e9d28371b457
005070,18,0,0,0,275209,0x9a52e9d28371b457
005070,19,0,0,0,275209,0x9a52e9d28371b457
005070,20,0,0,0,275209,0x9a52e9d28371b457
005070,21,0,0,0,275209,0x9a52e9d28371b457
005070,22,0,0,0,275209,0x9a52e9d28371b457
005070,23,0,0,0,275209,0x9a52e9d28371b457
005070,24,0,0,0,275209,0x9a52e9d28371b457
005070,25,0,0,0,275209,0x9a52e9d28371b457
005070,26,0,0,0,275209,0x9a52e9d28371b457
005070,27,0,0,0,275209,0x9a52e9d28371b457
005070,28,0,0,0,275209,0x9a52e9d28371b457
005070,29,0,0,0,275209,0x9a52e9d28371b457
005070,30,0,0,0,275209,0x9a52e9d28371b457
005070,31,0,0,0,275209,0x9a52e9d28371b457
005069,0,43,47,46,225052,0x68397d93bb6f627d
005069,1,46,47,51,225052,0x68397d93bb6f627d
005069,2,44,47,46,225052,0x68397d93bb6f627d
005069,3,44,47,45,225052,0x68397d93bb6f627d
005069,4,43,47,46,225052,0x68397d93bb6f627d
005069,5,46,47,51,225052,0x68397d93bb6f627d
005069,6,44,47,46,225052,0x68397d93bb6f627d
005069,7,44,47,45,225052,0x68397d93bb6f627d
005069,0,47,46,45,225051,0x68397d93bb6f627d
005069,1,45,46,47,225051,0x68397d93bb6f627d
005069,2,47,46,50,225051,0x68397d93bb6f627d
005069,3,42,46,44,225051,0x68397d93bb6f627d
005069,0,46,45,44,225050,0x68397d93bb6f627d
005069,4,47,46,45,225051,0x68397d93bb6f627d
005069,5,45,46,47,225051,0x68397d93bb6f627d
005069,6,47,46,50,225051,0x68397d93bb6f627d
005069,7,42,46,44,225051,0x68397d93bb6f627d
005069,0,45,44,48,225049,0x68397d93bb6f627d
005069,1,44,45,46,225050,0x68397d93bb6f627d
005069,2,41,45,44,225050,0x68397d93bb6f627d
005069,3,47,45,49,225050,0x68397d93bb6f627d
005069,4,46,45,44,225050,0x68397d93bb6f627d
005069,5,44,45,46,225050,0x68397d93bb6f627d
005069,1,40,44,45,225049,0x68397d93bb6f627d
005069,6,41,45,44,225050,0x68397d93bb6f627d
005069,2,45,44,47,225049,0x68397d93bb6f627d
005069,7,47,45,49,225050,0x68397d93bb6f627d
005069,3,46,44,47,225049,0x68397d93bb6f627d
005069,4,45,44,48,225049,0x68397d93bb6f627d
005069,5,40,44,45,225049,0x68397d93bb6f627d
005069,6,45,44,47,225049,0x68397d93bb6f627d
005069,7,46,44,47,225049,0x68397d93bb6f627d
005069,0,0,0,0,225052,0x25dce4c702bc2e48
005069,1,0,0,0,225052,0x25dce4c702bc2e48
005069,2,0,0,0,225052,0x25dce4c702bc2e48
005069,3,0,0,0,225052,0x25dce4c702bc2e48
005069,4,0,0,0,225052,0x25dce4c702bc2e48
005069,5,0,0,0,225052,0x25dce4c702bc2e48
005069,6,0,0,0,225052,0x25dce4c702bc2e48
005069,7,0,0,0,225052,0x25dce4c702bc2e48
005069,8,0,0,0,225052,0x25dce4c702bc2e48
005069,9,0,0,0,225052,0x25dce4c702bc2e48
005069,10,0,0,0,225052,0x25dce4c702bc2e48
005069,11,0,0,0,225052,0x25dce4c702bc2e48
005069,12,0,0,0,225052,0x25dce4c702bc2e48
005069,13,0,0,0,225052,0x25dce4c702bc2e48
005069,14,0,0,0,225052,0x25dce4c702bc2e48
005069,15,0,0,0,225052,0x25dce4c702bc2e48
005069,16,0,0,0,225052,0x25dce4c702bc2e48
005069,17,0,0,0,225052,0x25dce4c702bc2e48
005069,18,0,0,0,225052,0x25dce4c702bc2e48
005069,19,0,0,0,225052,0x25dce4c702bc2e48
005069,20,0,0,0,225052,0x25dce4c702bc2e48
005069,21,0,0,0,225052,0x25dce4c702bc2e48
005069,22,0,0,0,225052,0x25dce4c702bc2e48
005069,23,0,0,0,225052,0x25dce4c702bc2e48
005069,24,0,0,0,225052,0x25dce4c702bc2e48
005069,25,0,0,0,225052,0x25dce4c702bc2e48
005069,26,0,0,0,225052,0x25dce4c702bc2e48
005069,27,0,0,0,225052,0x25dce4c702bc2e48
005069,28,0,0,0,225052,0x25dce4c702bc2e48
005069,29,0,0,0,225052,0x25dce4c702bc2e48
005069,30,0,0,0,225052,0x25dce4c702bc2e48
005069,31,0,0,0,225052,0x25dce4c702bc2e48
005069,0,0,0,0,225051,0x715f7204cfc3688f
005069,1,0,0,0,225051,0x715f7204cfc3688f
005069,2,0,0,0,225051,0x715f7204cfc3688f
005069,3,0,0,0,225051,0x715f7204cfc3688f
005069,4,0,0,0,225051,0x715f7204cfc3688f
005069,5,0,0,0,225051,0x715f7204cfc3688f
005069,6,0,0,0,225051,0x715f7204cfc3688f
005069,7,0,0,0,225051,0x715f7204cfc3688f
005069,8,0,0,0,225051,0x715f7204cfc3688f
005069,9,0,0,0,225051,0x715f7204cfc3688f
005069,10,0,0,0,225051,0x715f7204cfc3688f
005069,11,0,0,0,225051,0x715f7204cfc3688f
005069,12,0,0,0,225051,0x715f7204cfc3688f
005069,13,0,0,0,225051,0x715f7204cfc3688f
005069,14,0,0,0,225051,0x715f7204cfc3688f
005069,15,0,0,0,225051,0x715f7204cfc3688f
005069,16,0,0,0,225051,0x715f7204cfc3688f
005069,17,0,0,0,225051,0x715f7204cfc3688f
005069,18,0,0,0,225051,0x715f7204cfc3688f
005069,19,0,0,0,225051,0x715f7204cfc3688f
005069,20,0,0,0,225051,0x715f7204cfc3688f
005069,21,0,0,0,225051,0x715f7204cfc3688f
005069,22,0,0,0,225051,0x715f7204cfc3688f
005069,23,0,0,0,225051,0x715f7204cfc3688f
005069,24,0,0,0,225051,0x715f7204cfc3688f
005069,25,0,0,0,225051,0x715f7204cfc3688f
005069,26,0,0,0,225051,0x715f7204cfc3688f
005069,27,0,0,0,225051,0x715f7204cfc3688f
005069,28,0,0,0,225051,0x715f7204cfc3688f
005069,29,0,0,0,225051,0x715f7204cfc3688f
005069,30,0,0,0,225051,0x715f7204cfc3688f
005069,31,0,0,0,225051,0x715f7204cfc3688f
005069,0,0,0,0,225049,0x7b4b92e1a2c8e663
005069,1,0,0,0,225049,0x7b4b92e1a2c8e663
005069,2,0,0,0,225049,0x7b4b92e1a2c8e663
005069,3,0,0,0,225049,0x7b4b92e1a2c8e663
005069,4,0,0,0,225049,0x7b4b92e1a2c8e663
005069,5,0,0,0,225049,0x7b4b92e1a2c8e663
005069,6,0,0,0,225049,0x7b4b92e1a2c8e663
005069,7,0,0,0,225049,0x7b4b92e1a2c8e663
005069,8,0,0,0,225049,0x7b4b92e1a2c8e663
005069,9,0,0,0,225049,0x7b4b92e1a2c8e663
005069,10,0,0,0,225049,0x7b4b92e1a2c8e663
005069,11,0,0,0,225049,0x7b4b92e1a2c8e663
005069,12,0,0,0,225049,0x7b4b92e1a2c8e663
005069,13,0,0,0,225049,0x7b4b92e1a2c8e663
005069,14,0,0,0,225049,0x7b4b92e1a2c8e663
005069,15,0,0,0,225049,0x7b4b92e1a2c8e663
005069,16,0,0,0,225049,0x7b4b92e1a2c8e663
005069,17,0,0,0,225049,0x7b4b92e1a2c8e663
005069,18,0,0,0,225049,0x7b4b92e1a2c8e663
005069,19,0,0,0,225049,0x7b4b92e1a2c8e663
005069,20,0,0,0,225049,0x7b4b92e1a2c8e663
005069,21,0,0,0,225049,0x7b4b92e1a2c8e663
005069,22,0,0,0,225049,0x7b4b92e1a2c8e663
005069,23,0,0,0,225049,0x7b4b92e1a2c8e663
005069,24,0,0,0,225049,0x7b4b92e1a2c8e663
005069,25,0,0,0,225049,0x7b4b92e1a2c8e663
005069,26,0,0,0,225049,0x7b4b92e1a2c8e663
005069,27,0,0,0,225049,0x7b4b92e1a2c8e663
005069,28,0,0,0,225049,0x7b4b92e1a2c8e663
005069,29,0,0,0,225049,0x7b4b92e1a2c8e663
005069,30,0,0,0,225049,0x7b4b92e1a2c8e663
005069,31,0,0,0,225049,0x7b4b92e1a2c8e663
005069,0,0,0,0,225050,0xbe2a5e9f1924af3c
005069,1,0,0,0,225050,0xbe2a5e9f1924af3c
005069,2,0,0,0,225050,0xbe2a5e9f1924af3c
005069,3,0,0,0,225050,0xbe2a5e9f1924af3c
005069,4,0,0,0,225050,0xbe2a5e9f1924af3c
005069,5,0,0,0,225050,0xbe2a5e9f1924af3c
005069,6,0,0,0,225050,0xbe2a5e9f1924af3c
005069,7,0,0,0,225050,0xbe2a5e9f1924af3c
005069,8,0,0,0,225050,0xbe2a5e9f1924af3c
005069,9,0,0,0,225050,0xbe2a5e9f1924af3c
005069,10,0,0,0,225050,0xbe2a5e9f1924af3c
005069,11,0,0,0,225050,0xbe2a5e9f1924af3c
005069,12,0,0,0,225050,0xbe2a5e9f1924af3c
005069,13,0,0,0,225050,0xbe2a5e9f1924af3c
005069,14,0,0,0,225050,0xbe2a5e9f1924af3c
005069,15,0,0,0,225050,0xbe2a5e9f1924af3c
005069,16,0,0,0,225050,0xbe2a5e9f1924af3c
005069,17,0,0,0,225050,0xbe2a5e9f1924af3c
005069,18,0,0,0,225050,0xbe2a5e9f1924af3c
005069,19,0,0,0,225050,0xbe2a5e9f1924af3c
005069,20,0,0,0,225050,0xbe2a5e9f1924af3c
005069,21,0,0,0,225050,0xbe2a5e9f1924af3c
005069,22,0,0,0,225050,0xbe2a5e9f1924af3c
005069,23,0,0,0,225050,0xbe2a5e9f1924af3c
005069,24,0,0,0,225050,0xbe2a5e9f1924af3c
005069,25,0,0,0,225050,0xbe2a5e9f1924af3c
005069,26,0,0,0,225050,0xbe2a5e9f1924af3c
005069,27,0,0,0,225050,0xbe2a5e9f1924af3c
005069,28,0,0,0,225050,0xbe2a5e9f1924af3c
005069,29,0,0,0,225050,0xbe2a5e9f1924af3c
005069,30,0,0,0,225050,0xbe2a5e9f1924af3c
005069,31,0,0,0,225050,0xbe2a5e9f1924af3c
005069,0,43,47,46,225052,0xe7d12636594460c0
005069,1,46,47,51,225052,0xe7d12636594460c0
005069,2,44,47,46,225052,0xe7d12636594460c0
005069,3,44,47,45,225052,0xe7d12636594460c0
005069,4,43,47,46,225052,0xe7d12636594460c0
005069,5,46,47,51,225052,0xe7d12636594460c0
005069,6,44,47,46,225052,0xe7d12636594460c0
005069,7,44,47,45,225052,0xe7d12636594460c0
005069,0,47,46,45,225051,0xe7d12636594460c0
005069,1,45,46,47,225051,0xe7d12636594460c0
005069,2,47,46,50,225051,0xe7d12636594460c0
005069,3,42,46,44,225051,0xe7d12636594460c0
005069,4,47,46,45,225051,0xe7d12636594460c0
005069,5,45,46,47,225051,0xe7d12636594460c0
005069,6,47,46,50,225051,0xe7d12636594460c0
005069,7,42,46,44,225051,0xe7d12636594460c0
005069,0,46,45,44,225050,0xe7d12636594460c0
005069,1,44,45,46,225050,0xe7d12636594460c0
005069,2,41,45,44,225050,0xe7d12636594460c0
005069,3,47,45,49,225050,0xe7d12636594460c0
005069,4,46,45,44,225050,0xe7d12636594460c0
005069,5,44,45,46,225050,0xe7d12636594460c0
005069,6,41,45,44,225050,0xe7d12636594460c0
005069,7,47,45,49,225050,0xe7d12636594460c0
005069,0,45,44,48,225049,0xe7d12636594460c0
005069,1,40,44,45,225049,0xe7d12636594460c0
005069,2,45,44,47,225049,0xe7d12636594460c0
005069,3,46,44,47,225049,0xe7d12636594460c0
005069,4,45,44,48,225049,0xe7d12636594460c0
005069,5,40,44,45,225049,0xe7d12636594460c0
005069,6,45,44,47,225049,0xe7d12636594460c0
005069,7,46,44,47,225049,0xe7d12636594460c0
005069,0,0,0,0,225051,0xe9b68a043d6f8954
005069,1,0,0,0,225051,0xe9b68a043d6f8954
005069,2,0,0,0,225051,0xe9b68a043d6f8954
005069,3,0,0,0,225051,0xe9b68a043d6f8954
005069,4,0,0,0,225051,0xe9b68a043d6f8954
005069,5,0,0,0,225051,0xe9b68a043d6f8954
005069,6,0,0,0,225051,0xe9b68a043d6f8954
005069,7,0,0,0,225051,0xe9b68a043d6f8954
005069,8,0,0,0,225051,0xe9b68a043d6f8954
005069,9,0,0,0,225051,0xe9b68a043d6f8954
005069,10,0,0,0,225051,0xe9b68a043d6f8954
005069,11,0,0,0,225051,0xe9b68a043d6f8954
005069,12,0,0,0,225051,0xe9b68a043d6f8954
005069,13,0,0,0,225051,0xe9b68a043d6f8954
005069,14,0,0,0,225051,0xe9b68a043d6f8954
005069,15,0,0,0,225051,0xe9b68a043d6f8954
005069,16,0,0,0,225051,0xe9b68a043d6f8954
005069,17,0,0,0,225051,0xe9b68a043d6f8954
005069,18,0,0,0,225051,0xe9b68a043d6f8954
005069,19,0,0,0,225051,0xe9b68a043d6f8954
005069,20,0,0,0,225051,0xe9b68a043d6f8954
005069,21,0,0,0,225051,0xe9b68a043d6f8954
005069,22,0,0,0,225051,0xe9b68a043d6f8954
005069,23,0,0,0,225051,0xe9b68a043d6f8954
005069,24,0,0,0,225051,0xe9b68a043d6f8954
005069,25,0,0,0,225051,0xe9b68a043d6f8954
005069,26,0,0,0,225051,0xe9b68a043d6f8954
005069,27,0,0,0,225051,0xe9b68a043d6f8954
005069,28,0,0,0,225051,0xe9b68a043d6f8954
005069,29,0,0,0,225051,0xe9b68a043d6f8954
005069,30,0,0,0,225051,0xe9b68a043d6f8954
005069,31,0,0,0,225051,0xe9b68a043d6f8954
005069,0,0,0,0,225052,0x632cdb240c485e88
005069,1,0,0,0,225052,0x632cdb240c485e88
005069,2,0,0,0,225052,0x632cdb240c485e88
005069,3,0,0,0,225052,0x632cdb240c485e88
005069,4,0,0,0,225052,0x632cdb240c485e88
005069,5,0,0,0,225052,0x632cdb240c485e88
005069,6,0,0,0,225052,0x632cdb240c485e88
005069,7,0,0,0,225052,0x632cdb240c485e88
005069,8,0,0,0,225052,0x632cdb240c485e88
005069,9,0,0,0,225052,0x632cdb240c485e88
005069,10,0,0,0,225052,0x632cdb240c485e88
005069,11,0,0,0,225052,0x632cdb240c485e88
005069,12,0,0,0,225052,0x632cdb240c485e88
005069,13,0,0,0,225052,0x632cdb240c485e88
005069,14,0,0,0,225052,0x632cdb240c485e88
005069,15,0,0,0,225052,0x632cdb240c485e88
005069,16,0,0,0,225052,0x632cdb240c485e88
005069,17,0,0,0,225052,0x632cdb240c485e88
005069,18,0,0,0,225052,0x632cdb240c485e88
005069,19,0,0,0,225052,0x632cdb240c485e88
005069,20,0,0,0,225052,0x632cdb240c485e88
005069,21,0,0,0,225052,0x632cdb240c485e88
005069,22,0,0,0,225052,0x632cdb240c485e88
005069,23,0,0,0,225052,0x632cdb240c485e88
005069,24,0,0,0,225052,0x632cdb240c485e88
005069,25,0,0,0,225052,0x632cdb240c485e88
005069,26,0,0,0,225052,0x632cdb240c485e88
005069,27,0,0,0,225052,0x632cdb240c485e88
005069,28,0,0,0,225052,0x632cdb240c485e88
005069,29,0,0,0,225052,0x632cdb240c485e88
005069,30,0,0,0,225052,0x632cdb240c485e88
005069,31,0,0,0,225052,0x632cdb240c485e88
005069,0,0,0,0,225050,0xc5fd48ca9e8694a6
005069,1,0,0,0,225050,0xc5fd48ca9e8694a6
005069,2,0,0,0,225050,0xc5fd48ca9e8694a6
005069,3,0,0,0,225050,0xc5fd48ca9e8694a6
005069,4,0,0,0,225050,0xc5fd48ca9e8694a6
005069,5,0,0,0,225050,0xc5fd48ca9e8694a6
005069,6,0,0,0,225050,0xc5fd48ca9e8694a6
005069,7,0,0,0,225050,0xc5fd48ca9e8694a6
005069,8,0,0,0,225050,0xc5fd48ca9e8694a6
005069,9,0,0,0,225050,0xc5fd48ca9e8694a6
005069,10,0,0,0,225050,0xc5fd48ca9e8694a6
005069,11,0,0,0,225050,0xc5fd48ca9e8694a6
005069,12,0,0,0,225050,0xc5fd48ca9e8694a6
005069,13,0,0,0,225050,0xc5fd48ca9e8694a6
005069,14,0,0,0,225050,0xc5fd48ca9e8694a6
005069,15,0,0,0,225050,0xc5fd48ca9e8694a6
005069,16,0,0,0,225050,0xc5fd48ca9e8694a6
005069,17,0,0,0,225050,0xc5fd48ca9e8694a6
005069,18,0,0,0,225050,0xc5fd48ca9e8694a6
005069,19,0,0,0,225050,0xc5fd48ca9e8694a6
005069,20,0,0,0,225050,0xc5fd48ca9e8694a6
005069,21,0,0,0,225050,0xc5fd48ca9e8694a6
005069,22,0,0,0,225050,0xc5fd48ca9e8694a6
005069,23,0,0,0,225050,0xc5fd48ca9e8694a6
005069,24,0,0,0,225050,0xc5fd48ca9e8694a6
005069,25,0,0,0,225050,0xc5fd48ca9e8694a6
005069,26,0,0,0,225050,0xc5fd48ca9e8694a6
005069,27,0,0,0,225050,0xc5fd48ca9e8694a6
005069,28,0,0,0,225050,0xc5fd48ca9e8694a6
005069,29,0,0,0,225050,0xc5fd48ca9e8694a6
005069,30,0,0,0,225050,0xc5fd48ca9e8694a6
005069,31,0,0,0,225050,0xc5fd48ca9e8694a6
005069,0,0,0,0,225049,0xad61f5316b4daf96
005069,1,0,0,0,225049,0xad61f5316b4daf96
005069,2,0,0,0,225049,0xad61f5316b4daf96
005069,3,0,0,0,225049,0xad61f5316b4daf96
005069,4,0,0,0,225049,0xad61f5316b4daf96
005069,5,0,0,0,225049,0xad61f5316b4daf96
005069,6,0,0,0,225049,0xad61f5316b4daf96
005069,7,0,0,0,225049,0xad61f5316b4daf96
005069,8,0,0,0,225049,0xad61f5316b4daf96
005069,9,0,0,0,225049,0xad61f5316b4daf96
005069,10,0,0,0,225049,0xad61f5316b4daf96
005069,11,0,0,0,225049,0xad61f5316b4daf96
005069,12,0,0,0,225049,0xad61f5316b4daf96
005069,13,0,0,0,225049,0xad61f5316b4daf96
005069,14,0,0,0,225049,0xad61f5316b4daf96
005069,15,0,0,0,225049,0xad61f5316b4daf96
005069,16,0,0,0,225049,0xad61f5316b4daf96
005069,17,0,0,0,225049,0xad61f5316b4daf96
005069,18,0,0,0,225049,0xad61f5316b4daf96
005069,19,0,0,0,225049,0xad61f5316b4daf96
005069,20,0,0,0,225049,0xad61f5316b4daf96
005069,21,0,0,0,225049,0xad61f5316b4daf96
005069,22,0,0,0,225049,0xad61f5316b4daf96
005069,23,0,0,0,225049,0xad61f5316b4daf96
005069,24,0,0,0,225049,0xad61f5316b4daf96
005069,25,0,0,0,225049,0xad61f5316b4daf96
005069,26,0,0,0,225049,0xad61f5316b4daf96
005069,27,0,0,0,225049,0xad61f5316b4daf96
005069,28,0,0,0,225049,0xad61f5316b4daf96
005069,29,0,0,0,225049,0xad61f5316b4daf96
005069,30,0,0,0,225049,0xad61f5316b4daf96
005069,31,0,0,0,225049,0xad61f5316b4daf96
005060,0,10,11,15,269942,0x68397d93bb6f627d
005060,0,9,10,11,269941,0x68397d93bb6f627d
005060,1,7,11,10,269942,0x68397d93bb6f627d
005060,2,8,11,9,269942,0x68397d93bb6f627d
005060,3,8,11,10,269942,0x68397d93bb6f627d
005060,4,10,11,15,269942,0x68397d93bb6f627d
005060,1,11,10,9,269941,0x68397d93bb6f627d
005060,2,6,10,8,269941,0x68397d93bb6f627d
005060,5,7,11,10,269942,0x68397d93bb6f627d
005060,3,11,10,14,269941,0x68397d93bb6f627d
005060,4,9,10,11,269941,0x68397d93bb6f627d
005060,6,8,11,9,269942,0x68397d93bb6f627d
005060,5,11,10,9,269941,0x68397d93bb6f627d
005060,6,6,10,8,269941,0x68397d93bb6f627d
005060,7,8,11,10,269942,0x68397d93bb6f627d
005060,7,11,10,14,269941,0x68397d93bb6f627d
005060,0,8,9,10,269940,0x68397d93bb6f627d
005060,1,10,9,8,269940,0x68397d93bb6f627d
005060,2,11,9,13,269940,0x68397d93bb6f627d
005060,3,5,9,8,269940,0x68397d93bb6f627d
005060,4,8,9,10,269940,0x68397d93bb6f627d
005060,5,10,9,8,269940,0x68397d93bb6f627d
005060,6,11,9,13,269940,0x68397d93bb6f627d
005060,7,5,9,8,269940,0x68397d93bb6f627d
005060,0,4,8,9,269939,0x68397d93bb6f627d
005060,1,9,8,12,269939,0x68397d93bb6f627d
005060,2,10,8,11,269939,0x68397d93bb6f627d
005060,3,9,8,11,269939,0x68397d93bb6f627d
005060,4,4,8,9,269939,0x68397d93bb6f627d
005060,5,9,8,12,269939,0x68397d93bb6f627d
005060,6,10,8,11,269939,0x68397d93bb6f627d
005060,7,9,8,11,269939,0x68397d93bb6f627d
005060,0,0,0,0,269940,0x58ed8eea910ed6e8
005060,1,0,0,0,269940,0x58ed8eea910ed6e8
005060,2,0,0,0,269940,0x58ed8eea910ed6e8
005060,3,0,0,0,269940,0x58ed8eea910ed6e8
005060,4,0,0,0,269940,0x58ed8eea910ed6e8
005060,5,0,0,0,269940,0x58ed8eea910ed6e8
005060,6,0,0,0,269940,0x58ed8eea910ed6e8
005060,7,0,0,0,269940,0x58ed8eea910ed6e8
005060,8,0,0,0,269940,0x58ed8eea910ed6e8
005060,9,0,0,0,269940,0x58ed8eea910ed6e8
005060,10,0,0,0,269940,0x58ed8eea910ed6e8
005060,11,0,0,0,269940,0x58ed8eea910ed6e8
005060,12,0,0,0,269940,0x58ed8eea910ed6e8
005060,13,0,0,0,269940,0x58ed8eea910ed6e8
005060,14,0,0,0,269940,0x58ed8eea910ed6e8
005060,15,0,0,0,269940,0x58ed8eea910ed6e8
005060,16,0,0,0,269940,0x58ed8eea910ed6e8
005060,17,0,0,0,269940,0x58ed8eea910ed6e8
005060,18,0,0,0,269940,0x58ed8eea910ed6e8
005060,19,0,0,0,269940,0x58ed8eea910ed6e8
005060,20,0,0,0,269940,0x58ed8eea910ed6e8
005060,21,0,0,0,269940,0x58ed8eea910ed6e8
005060,22,0,0,0,269940,0x58ed8eea910ed6e8
005060,23,0,0,0,269940,0x58ed8eea910ed6e8
005060,24,0,0,0,269940,0x58ed8eea910ed6e8
005060,25,0,0,0,269940,0x58ed8eea910ed6e8
005060,26,0,0,0,269940,0x58ed8eea910ed6e8
005060,27,0,0,0,269940,0x58ed8eea910ed6e8
005060,28,0,0,0,269940,0x58ed8eea910ed6e8
005060,29,0,0,0,269940,0x58ed8eea910ed6e8
005060,30,0,0,0,269940,0x58ed8eea910ed6e8
005060,31,0,0,0,269940,0x58ed8eea910ed6e8
005060,0,0,0,0,269941,0x620da28e44e943c
005060,1,0,0,0,269941,0x620da28e44e943c
005060,2,0,0,0,269941,0x620da28e44e943c
005060,3,0,0,0,269941,0x620da28e44e943c
005060,4,0,0,0,269941,0x620da28e44e943c
005060,5,0,0,0,269941,0x620da28e44e943c
005060,6,0,0,0,269941,0x620da28e44e943c
005060,7,0,0,0,269941,0x620da28e44e943c
005060,8,0,0,0,269941,0x620da28e44e943c
005060,9,0,0,0,269941,0x620da28e44e943c
005060,10,0,0,0,269941,0x620da28e44e943c
005060,11,0,0,0,269941,0x620da28e44e943c
005060,12,0,0,0,269941,0x620da28e44e943c
005060,13,0,0,0,269941,0x620da28e44e943c
005060,14,0,0,0,269941,0x620da28e44e943c
005060,15,0,0,0,269941,0x620da28e44e943c
005060,16,0,0,0,269941,0x620da28e44e943c
005060,17,0,0,0,269941,0x620da28e44e943c
005060,18,0,0,0,269941,0x620da28e44e943c
005060,19,0,0,0,269941,0x620da28e44e943c
005060,20,0,0,0,269941,0x620da28e44e943c
005060,21,0,0,0,269941,0x620da28e44e943c
005060,22,0,0,0,269941,0x620da28e44e943c
005060,23,0,0,0,269941,0x620da28e44e943c
005060,24,0,0,0,269941,0x620da28e44e943c
005060,25,0,0,0,269941,0x620da28e44e943c
005060,26,0,0,0,269941,0x620da28e44e943c
005060,27,0,0,0,269941,0x620da28e44e943c
005060,28,0,0,0,269941,0x620da28e44e943c
005060,29,0,0,0,269941,0x620da28e44e943c
005060,30,0,0,0,269941,0x620da28e44e943c
005060,31,0,0,0,269941,0x620da28e44e943c
005060,0,0,0,0,269939,0xebda9848ca8d1e9
005060,1,0,0,0,269939,0xebda9848ca8d1e9
005060,2,0,0,0,269939,0xebda9848ca8d1e9
005060,3,0,0,0,269939,0xebda9848ca8d1e9
005060,4,0,0,0,269939,0xebda9848ca8d1e9
005060,5,0,0,0,269939,0xebda9848ca8d1e9
005060,6,0,0,0,269939,0xebda9848ca8d1e9
005060,7,0,0,0,269939,0xebda9848ca8d1e9
005060,8,0,0,0,269939,0xebda9848ca8d1e9
005060,9,0,0,0,269939,0xebda9848ca8d1e9
005060,10,0,0,0,269939,0xebda9848ca8d1e9
005060,11,0,0,0,269939,0xebda9848ca8d1e9
005060,12,0,0,0,269939,0xebda9848ca8d1e9
005060,13,0,0,0,269939,0xebda9848ca8d1e9
005060,14,0,0,0,269939,0xebda9848ca8d1e9
005060,15,0,0,0,269939,0xebda9848ca8d1e9
005060,16,0,0,0,269939,0xebda9848ca8d1e9
005060,17,0,0,0,269939,0xebda9848ca8d1e9
005060,18,0,0,0,269939,0xebda9848ca8d1e9
005060,19,0,0,0,269939,0xebda9848ca8d1e9
005060,20,0,0,0,269939,0xebda9848ca8d1e9
005060,21,0,0,0,269939,0xebda9848ca8d1e9
005060,22,0,0,0,269939,0xebda9848ca8d1e9
005060,23,0,0,0,269939,0xebda9848ca8d1e9
005060,24,0,0,0,269939,0xebda9848ca8d1e9
005060,25,0,0,0,269939,0xebda9848ca8d1e9
005060,26,0,0,0,269939,0xebda9848ca8d1e9
005060,27,0,0,0,269939,0xebda9848ca8d1e9
005060,28,0,0,0,269939,0xebda9848ca8d1e9
005060,29,0,0,0,269939,0xebda9848ca8d1e9
005060,30,0,0,0,269939,0xebda9848ca8d1e9
005060,31,0,0,0,269939,0xebda9848ca8d1e9
005060,0,0,0,0,269942,0xcb6e6b823b660226
005060,1,0,0,0,269942,0xcb6e6b823b660226
005060,2,0,0,0,269942,0xcb6e6b823b660226
005060,3,0,0,0,269942,0xcb6e6b823b660226
005060,4,0,0,0,269942,0xcb6e6b823b660226
005060,5,0,0,0,269942,0xcb6e6b823b660226
005060,6,0,0,0,269942,0xcb6e6b823b660226
005060,7,0,0,0,269942,0xcb6e6b823b660226
005060,8,0,0,0,269942,0xcb6e6b823b660226
005060,9,0,0,0,269942,0xcb6e6b823b660226
005060,10,0,0,0,269942,0xcb6e6b823b660226
005060,11,0,0,0,269942,0xcb6e6b823b660226
005060,12,0,0,0,269942,0xcb6e6b823b660226
005060,13,0,0,0,269942,0xcb6e6b823b660226
005060,14,0,0,0,269942,0xcb6e6b823b660226
005060,15,0,0,0,269942,0xcb6e6b823b660226
005060,16,0,0,0,269942,0xcb6e6b823b660226
005060,17,0,0,0,269942,0xcb6e6b823b660226
005060,18,0,0,0,269942,0xcb6e6b823b660226
005060,19,0,0,0,269942,0xcb6e6b823b660226
005060,20,0,0,0,269942,0xcb6e6b823b660226
005060,21,0,0,0,269942,0xcb6e6b823b660226
005060,22,0,0,0,269942,0xcb6e6b823b660226
005060,23,0,0,0,269942,0xcb6e6b823b660226
005060,24,0,0,0,269942,0xcb6e6b823b660226
005060,25,0,0,0,269942,0xcb6e6b823b660226
005060,26,0,0,0,269942,0xcb6e6b823b660226
005060,27,0,0,0,269942,0xcb6e6b823b660226
005060,28,0,0,0,269942,0xcb6e6b823b660226
005060,29,0,0,0,269942,0xcb6e6b823b660226
005060,30,0,0,0,269942,0xcb6e6b823b660226
005060,31,0,0,0,269942,0xcb6e6b823b660226
005060,0,9,10,11,269941,0xe7d12636594460c0
005060,1,11,10,9,269941,0xe7d12636594460c0
005060,2,6,10,8,269941,0xe7d12636594460c0
005060,3,11,10,14,269941,0xe7d12636594460c0
005060,4,9,10,11,269941,0xe7d12636594460c0
005060,5,11,10,9,269941,0xe7d12636594460c0
005060,6,6,10,8,269941,0xe7d12636594460c0
005060,7,11,10,14,269941,0xe7d12636594460c0
005060,0,10,11,15,269942,0xe7d12636594460c0
005060,1,7,11,10,269942,0xe7d12636594460c0
005060,2,8,11,9,269942,0xe7d12636594460c0
005060,3,8,11,10,269942,0xe7d12636594460c0
005060,4,10,11,15,269942,0xe7d12636594460c0
005060,5,7,11,10,269942,0xe7d12636594460c0
005060,6,8,11,9,269942,0xe7d12636594460c0
005060,7,8,11,10,269942,0xe7d12636594460c0
005060,0,8,9,10,269940,0xe7d12636594460c0
005060,1,10,9,8,269940,0xe7d12636594460c0
005060,2,11,9,13,269940,0xe7d12636594460c0
005060,3,5,9,8,269940,0xe7d12636594460c0
005060,4,8,9,10,269940,0xe7d12636594460c0
005060,5,10,9,8,269940,0xe7d12636594460c0
005060,6,11,9,13,269940,0xe7d12636594460c0
005060,7,5,9,8,269940,0xe7d12636594460c0
005060,0,4,8,9,269939,0xe7d12636594460c0
005060,1,9,8,12,269939,0xe7d12636594460c0
005060,2,10,8,11,269939,0xe7d12636594460c0
005060,3,9,8,11,269939,0xe7d12636594460c0
005060,4,4,8,9,269939,0xe7d12636594460c0
005060,5,9,8,12,269939,0xe7d12636594460c0
005060,6,10,8,11,269939,0xe7d12636594460c0
005060,7,9,8,11,269939,0xe7d12636594460c0
005060,0,0,0,0,269941,0x404fa8f9233694c2
005060,1,0,0,0,269941,0x404fa8f9233694c2
005060,2,0,0,0,269941,0x404fa8f9233694c2
005060,3,0,0,0,269941,0x404fa8f9233694c2
005060,4,0,0,0,269941,0x404fa8f9233694c2
005060,5,0,0,0,269941,0x404fa8f9233694c2
005060,6,0,0,0,269941,0x404fa8f9233694c2
005060,7,0,0,0,269941,0x404fa8f9233694c2
005060,8,0,0,0,269941,0x404fa8f9233694c2
005060,9,0,0,0,269941,0x404fa8f9233694c2
005060,10,0,0,0,269941,0x404fa8f9233694c2
005060,11,0,0,0,269941,0x404fa8f9233694c2
005060,12,0,0,0,269941,0x404fa8f9233694c2
005060,13,0,0,0,269941,0x404fa8f9233694c2
005060,14,0,0,0,269941,0x404fa8f9233694c2
005060,15,0,0,0,269941,0x404fa8f9233694c2
005060,16,0,0,0,269941,0x404fa8f9233694c2
005060,17,0,0,0,269941,0x404fa8f9233694c2
005060,18,0,0,0,269941,0x404fa8f9233694c2
005060,19,0,0,0,269941,0x404fa8f9233694c2
005060,20,0,0,0,269941,0x404fa8f9233694c2
005060,21,0,0,0,269941,0x404fa8f9233694c2
005060,22,0,0,0,269941,0x404fa8f9233694c2
005060,23,0,0,0,269941,0x404fa8f9233694c2
005060,24,0,0,0,269941,0x404fa8f9233694c2
005060,25,0,0,0,269941,0x404fa8f9233694c2
005060,26,0,0,0,269941,0x404fa8f9233694c2
005060,27,0,0,0,269941,0x404fa8f9233694c2
005060,28,0,0,0,269941,0x404fa8f9233694c2
005060,29,0,0,0,269941,0x404fa8f9233694c2
005060,30,0,0,0,269941,0x404fa8f9233694c2
005060,31,0,0,0,269941,0x404fa8f9233694c2
005060,0,0,0,0,269939,0x26f5f8dae9dc9fe1
005060,1,0,0,0,269939,0x26f5f8dae9dc9fe1
005060,2,0,0,0,269939,0x26f5f8dae9dc9fe1
005060,3,0,0,0,269939,0x26f5f8dae9dc9fe1
005060,4,0,0,0,269939,0x26f5f8dae9dc9fe1
005060,5,0,0,0,269939,0x26f5f8dae9dc9fe1
005060,6,0,0,0,269939,0x26f5f8dae9dc9fe1
005060,7,0,0,0,269939,0x26f5f8dae9dc9fe1
005060,8,0,0,0,269939,0x26f5f8dae9dc9fe1
005060,9,0,0,0,269939,0x26f5f8dae9dc9fe1
005060,10,0,0,0,269939,0x26f5f8dae9dc9fe1
005060,11,0,0,0,269939,0x26f5f8dae9dc9fe1
005060,12,0,0,0,269939,0x26f5f8dae9dc9fe1
005060,13,0,0,0,269939,0x26f5f8dae9dc9fe1
005060,14,0,0,0,269939,0x26f5f8dae9dc9fe1
005060,15,0,0,0,269939,0x26f5f8dae9dc9fe1
005060,16,0,0,0,269939,0x26f5f8dae9dc9fe1
005060,17,0,0,0,269939,0x26f5f8dae9dc9fe1
005060,18,0,0,0,269939,0x26f5f8dae9dc9fe1
005060,19,0,0,0,269939,0x26f5f8dae9dc9fe1
005060,20,0,0,0,269939,0x26f5f8dae9dc9fe1
005060,21,0,0,0,269939,0x26f5f8dae9dc9fe1
005060,22,0,0,0,269939,0x26f5f8dae9dc9fe1
005060,23,0,0,0,269939,0x26f5f8dae9dc9fe1
005060,24,0,0,0,269939,0x26f5f8dae9dc9fe1
005060,25,0,0,0,269939,0x26f5f8dae9dc9fe1
005060,26,0,0,0,269939,0x26f5f8dae9dc9fe1
005060,27,0,0,0,269939,0x26f5f8dae9dc9fe1
005060,28,0,0,0,269939,0x26f5f8dae9dc9fe1
005060,29,0,0,0,269939,0x26f5f8dae9dc9fe1
005060,30,0,0,0,269939,0x26f5f8dae9dc9fe1
005060,31,0,0,0,269939,0x26f5f8dae9dc9fe1
005060,0,0,0,0,269942,0x8afca2e50720fe7e
005060,1,0,0,0,269942,0x8afca2e50720fe7e
005060,2,0,0,0,269942,0x8afca2e50720fe7e
005060,3,0,0,0,269942,0x8afca2e50720fe7e
005060,4,0,0,0,269942,0x8afca2e50720fe7e
005060,5,0,0,0,269942,0x8afca2e50720fe7e
005060,6,0,0,0,269942,0x8afca2e50720fe7e
005060,7,0,0,0,269942,0x8afca2e50720fe7e
005060,8,0,0,0,269942,0x8afca2e50720fe7e
005060,9,0,0,0,269942,0x8afca2e50720fe7e
005060,10,0,0,0,269942,0x8afca2e50720fe7e
005060,11,0,0,0,269942,0x8afca2e50720fe7e
005060,12,0,0,0,269942,0x8afca2e50720fe7e
005060,13,0,0,0,269942,0x8afca2e50720fe7e
005060,14,0,0,0,269942,0x8afca2e50720fe7e
005060,15,0,0,0,269942,0x8afca2e50720fe7e
005060,16,0,0,0,269942,0x8afca2e50720fe7e
005060,17,0,0,0,269942,0x8afca2e50720fe7e
005060,18,0,0,0,269942,0x8afca2e50720fe7e
005060,19,0,0,0,269942,0x8afca2e50720fe7e
005060,20,0,0,0,269942,0x8afca2e50720fe7e
005060,21,0,0,0,269942,0x8afca2e50720fe7e
005060,22,0,0,0,269942,0x8afca2e50720fe7e
005060,23,0,0,0,269942,0x8afca2e50720fe7e
005060,24,0,0,0,269942,0x8afca2e50720fe7e
005060,25,0,0,0,269942,0x8afca2e50720fe7e
005060,26,0,0,0,269942,0x8afca2e50720fe7e
005060,27,0,0,0,269942,0x8afca2e50720fe7e
005060,28,0,0,0,269942,0x8afca2e50720fe7e
005060,29,0,0,0,269942,0x8afca2e50720fe7e
005060,30,0,0,0,269942,0x8afca2e50720fe7e
005060,31,0,0,0,269942,0x8afca2e50720fe7e
005060,0,0,0,0,269940,0xe13f70e366315553
005060,1,0,0,0,269940,0xe13f70e366315553
005060,2,0,0,0,269940,0xe13f70e366315553
005060,3,0,0,0,269940,0xe13f70e366315553
005060,4,0,0,0,269940,0xe13f70e366315553
005060,5,0,0,0,269940,0xe13f70e366315553
005060,6,0,0,0,269940,0xe13f70e366315553
005060,7,0,0,0,269940,0xe13f70e366315553
005060,8,0,0,0,269940,0xe13f70e366315553
005060,9,0,0,0,269940,0xe13f70e366315553
005060,10,0,0,0,269940,0xe13f70e366315553
005060,11,0,0,0,269940,0xe13f70e366315553
005060,12,0,0,0,269940,0xe13f70e366315553
005060,13,0,0,0,269940,0xe13f70e366315553
005060,14,0,0,0,269940,0xe13f70e366315553
005060,15,0,0,0,269940,0xe13f70e366315553
005060,16,0,0,0,269940,0xe13f70e366315553
005060,17,0,0,0,269940,0xe13f70e366315553
005060,18,0,0,0,269940,0xe13f70e366315553
005060,19,0,0,0,269940,0xe13f70e366315553
005060,20,0,0,0,269940,0xe13f70e366315553
005060,21,0,0,0,269940,0xe13f70e366315553
005060,22,0,0,0,269940,0xe13f70e366315553
005060,23,0,0,0,269940,0xe13f70e366315553
005060,24,0,0,0,269940,0xe13f70e366315553
005060,25,0,0,0,269940,0xe13f70e366315553
005060,26,0,0,0,269940,0xe13f70e366315553
005060,27,0,0,0,269940,0xe13f70e366315553
005060,28,0,0,0,269940,0xe13f70e366315553
005060,29,0,0,0,269940,0xe13f70e366315553
005060,30,0,0,0,269940,0xe13f70e366315553
005060,31,0,0,0,269940,0xe13f70e366315553
005074,0,59,63,62,290432,0x68397d93bb6f627d
005074,1,62,63,67,290432,0x68397d93bb6f627d
005074,2,60,63,62,290432,0x68397d93bb6f627d
005074,3,60,63,61,290432,0x68397d93bb6f627d
005074,4,59,63,62,290432,0x68397d93bb6f627d
005074,5,62,63,67,290432,0x68397d93bb6f627d
005074,6,60,63,62,290432,0x68397d93bb6f627d
005074,0,63,62,61,290431,0x68397d93bb6f627d
005074,7,60,63,61,290432,0x68397d93bb6f627d
005074,1,61,62,63,290431,0x68397d93bb6f627d
005074,2,63,62,66,290431,0x68397d93bb6f627d
005074,3,58,62,60,290431,0x68397d93bb6f627d
005074,4,63,62,61,290431,0x68397d93bb6f627d
005074,5,61,62,63,290431,0x68397d93bb6f627d
005074,6,63,62,66,290431,0x68397d93bb6f627d
005074,7,58,62,60,290431,0x68397d93bb6f627d
005074,0,62,61,60,290430,0x68397d93bb6f627d
005074,1,60,61,62,290430,0x68397d93bb6f627d
005074,2,57,61,60,290430,0x68397d93bb6f627d
005074,3,63,61,65,290430,0x68397d93bb6f627d
005074,4,62,61,60,290430,0x68397d93bb6f627d
005074,5,60,61,62,290430,0x68397d93bb6f627d
005074,6,57,61,60,290430,0x68397d93bb6f627d
005074,7,63,61,65,290430,0x68397d93bb6f627d
005074,0,61,60,64,290429,0x68397d93bb6f627d
005074,1,56,60,61,290429,0x68397d93bb6f627d
005074,2,61,60,63,290429,0x68397d93bb6f627d
005074,3,62,60,63,290429,0x68397d93bb6f627d
005074,4,61,60,64,290429,0x68397d93bb6f627d
005074,5,56,60,61,290429,0x68397d93bb6f627d
005074,6,61,60,63,290429,0x68397d93bb6f627d
005074,7,62,60,63,290429,0x68397d93bb6f627d
005074,0,0,0,0,290432,0xbc6058749f3bfa64
005074,1,0,0,0,290432,0xbc6058749f3bfa64
005074,2,0,0,0,290432,0xbc6058749f3bfa64
005074,3,0,0,0,290432,0xbc6058749f3bfa64
005074,4,0,0,0,290432,0xbc6058749f3bfa64
005074,5,0,0,0,290432,0xbc6058749f3bfa64
005074,6,0,0,0,290432,0xbc6058749f3bfa64
005074,7,0,0,0,290432,0xbc6058749f3bfa64
005074,8,0,0,0,290432,0xbc6058749f3bfa64
005074,9,0,0,0,290432,0xbc6058749f3bfa64
005074,10,0,0,0,290432,0xbc6058749f3bfa64
005074,11,0,0,0,290432,0xbc6058749f3bfa64
005074,12,0,0,0,290432,0xbc6058749f3bfa64
005074,13,0,0,0,290432,0xbc6058749f3bfa64
005074,14,0,0,0,290432,0xbc6058749f3bfa64
005074,15,0,0,0,290432,0xbc6058749f3bfa64
005074,16,0,0,0,290432,0xbc6058749f3bfa64
005074,17,0,0,0,290432,0xbc6058749f3bfa64
005074,18,0,0,0,290432,0xbc6058749f3bfa64
005074,19,0,0,0,290432,0xbc6058749f3bfa64
005074,20,0,0,0,290432,0xbc6058749f3bfa64
005074,21,0,0,0,290432,0xbc6058749f3bfa64
005074,22,0,0,0,290432,0xbc6058749f3bfa64
005074,23,0,0,0,290432,0xbc6058749f3bfa64
005074,24,0,0,0,290432,0xbc6058749f3bfa64
005074,25,0,0,0,290432,0xbc6058749f3bfa64
005074,26,0,0,0,290432,0xbc6058749f3bfa64
005074,27,0,0,0,290432,0xbc6058749f3bfa64
005074,28,0,0,0,290432,0xbc6058749f3bfa64
005074,29,0,0,0,290432,0xbc6058749f3bfa64
005074,30,0,0,0,290432,0xbc6058749f3bfa64
005074,31,0,0,0,290432,0xbc6058749f3bfa64
005074,0,0,0,0,290431,0xc995a2f79c16365
005074,1,0,0,0,290431,0xc995a2f79c16365
005074,2,0,0,0,290431,0xc995a2f79c16365
005074,3,0,0,0,290431,0xc995a2f79c16365
005074,4,0,0,0,290431,0xc995a2f79c16365
005074,5,0,0,0,290431,0xc995a2f79c16365
005074,6,0,0,0,290431,0xc995a2f79c16365
005074,7,0,0,0,290431,0xc995a2f79c16365
005074,8,0,0,0,290431,0xc995a2f79c16365
005074,9,0,0,0,290431,0xc995a2f79c16365
005074,10,0,0,0,290431,0xc995a2f79c16365
005074,11,0,0,0,290431,0xc995a2f79c16365
005074,12,0,0,0,290431,0xc995a2f79c16365
005074,13,0,0,0,290431,0xc995a2f79c16365
005074,14,0,0,0,290431,0xc995a2f79c16365
005074,15,0,0,0,290431,0xc995a2f79c16365
005074,16,0,0,0,290431,0xc995a2f79c16365
005074,17,0,0,0,290431,0xc995a2f79c16365
005074,18,0,0,0,290431,0xc995a2f79c16365
005074,19,0,0,0,290431,0xc995a2f79c16365
005074,20,0,0,0,290431,0xc995a2f79c16365
005074,21,0,0,0,290431,0xc995a2f79c16365
005074,22,0,0,0,290431,0xc995a2f79c16365
005074,23,0,0,0,290431,0xc995a2f79c16365
005074,24,0,0,0,290431,0xc995a2f79c16365
005074,25,0,0,0,290431,0xc995a2f79c16365
005074,26,0,0,0,290431,0xc995a2f79c16365
005074,27,0,0,0,290431,0xc995a2f79c16365
005074,28,0,0,0,290431,0xc995a2f79c16365
005074,29,0,0,0,290431,0xc995a2f79c16365
005074,30,0,0,0,290431,0xc995a2f79c16365
005074,31,0,0,0,290431,0xc995a2f79c16365
005074,0,0,0,0,290430,0x919aa870b7aff096
005074,1,0,0,0,290430,0x919aa870b7aff096
005074,2,0,0,0,290430,0x919aa870b7aff096
005074,3,0,0,0,290430,0x919aa870b7aff096
005074,4,0,0,0,290430,0x919aa870b7aff096
005074,5,0,0,0,290430,0x919aa870b7aff096
005074,6,0,0,0,290430,0x919aa870b7aff096
005074,7,0,0,0,290430,0x919aa870b7aff096
005074,8,0,0,0,290430,0x919aa870b7aff096
005074,9,0,0,0,290430,0x919aa870b7aff096
005074,10,0,0,0,290430,0x919aa870b7aff096
005074,11,0,0,0,290430,0x919aa870b7aff096
005074,12,0,0,0,290430,0x919aa870b7aff096
005074,13,0,0,0,290430,0x919aa870b7aff096
005074,14,0,0,0,290430,0x919aa870b7aff096
005074,15,0,0,0,290430,0x919aa870b7aff096
005074,16,0,0,0,290430,0x919aa870b7aff096
005074,17,0,0,0,290430,0x919aa870b7aff096
005074,18,0,0,0,290430,0x919aa870b7aff096
005074,19,0,0,0,290430,0x919aa870b7aff096
005074,20,0,0,0,290430,0x919aa870b7aff096
005074,21,0,0,0,290430,0x919aa870b7aff096
005074,22,0,0,0,290430,0x919aa870b7aff096
005074,23,0,0,0,290430,0x919aa870b7aff096
005074,24,0,0,0,290430,0x919aa870b7aff096
005074,25,0,0,0,290430,0x919aa870b7aff096
005074,26,0,0,0,290430,0x919aa870b7aff096
005074,27,0,0,0,290430,0x919aa870b7aff096
005074,28,0,0,0,290430,0x919aa870b7aff096
005074,29,0,0,0,290430,0x919aa870b7aff096
005074,30,0,0,0,290430,0x919aa870b7aff096
005074,31,0,0,0,290430,0x919aa870b7aff096
005074,0,0,0,0,290429,0x3e779b77f9baf6f5
005074,1,0,0,0,290429,0x3e779b77f9baf6f5
005074,2,0,0,0,290429,0x3e779b77f9baf6f5
005074,3,0,0,0,290429,0x3e779b77f9baf6f5
005074,4,0,0,0,290429,0x3e779b77f9baf6f5
005074,5,0,0,0,290429,0x3e779b77f9baf6f5
005074,6,0,0,0,290429,0x3e779b77f9baf6f5
005074,7,0,0,0,290429,0x3e779b77f9baf6f5
005074,8,0,0,0,290429,0x3e779b77f9baf6f5
005074,9,0,0,0,290429,0x3e779b77f9baf6f5
005074,10,0,0,0,290429,0x3e779b77f9baf6f5
005074,11,0,0,0,290429,0x3e779b77f9baf6f5
005074,12,0,0,0,290429,0x3e779b77f9baf6f5
005074,13,0,0,0,290429,0x3e779b77f9baf6f5
005074,14,0,0,0,290429,0x3e779b77f9baf6f5
005074,15,0,0,0,290429,0x3e779b77f9baf6f5
005074,16,0,0,0,290429,0x3e779b77f9baf6f5
005074,17,0,0,0,290429,0x3e779b77f9baf6f5
005074,18,0,0,0,290429,0x3e779b77f9baf6f5
005074,19,0,0,0,290429,0x3e779b77f9baf6f5
005074,20,0,0,0,290429,0x3e779b77f9baf6f5
005074,21,0,0,0,290429,0x3e779b77f9baf6f5
005074,22,0,0,0,290429,0x3e779b77f9baf6f5
005074,23,0,0,0,290429,0x3e779b77f9baf6f5
005074,24,0,0,0,290429,0x3e779b77f9baf6f5
005074,25,0,0,0,290429,0x3e779b77f9baf6f5
005074,26,0,0,0,290429,0x3e779b77f9baf6f5
005074,27,0,0,0,290429,0x3e779b77f9baf6f5
005074,28,0,0,0,290429,0x3e779b77f9baf6f5
005074,29,0,0,0,290429,0x3e779b77f9baf6f5
005074,30,0,0,0,290429,0x3e779b77f9baf6f5
005074,31,0,0,0,290429,0x3e779b77f9baf6f5
005074,0,59,63,62,290432,0xe7d12636594460c0
005074,0,63,62,61,290431,0xe7d12636594460c0
005074,1,62,63,67,290432,0xe7d12636594460c0
005074,2,60,63,62,290432,0xe7d12636594460c0
005074,3,60,63,61,290432,0xe7d12636594460c0
005074,4,59,63,62,290432,0xe7d12636594460c0
005074,5,62,63,67,290432,0xe7d12636594460c0
005074,6,60,63,62,290432,0xe7d12636594460c0
005074,7,60,63,61,290432,0xe7d12636594460c0
005074,1,61,62,63,290431,0xe7d12636594460c0
005074,2,63,62,66,290431,0xe7d12636594460c0
005074,3,58,62,60,290431,0xe7d12636594460c0
005074,4,63,62,61,290431,0xe7d12636594460c0
005074,5,61,62,63,290431,0xe7d12636594460c0
005074,6,63,62,66,290431,0xe7d12636594460c0
005074,7,58,62,60,290431,0xe7d12636594460c0
005074,0,62,61,60,290430,0xe7d12636594460c0
005074,1,60,61,62,290430,0xe7d12636594460c0
005074,2,57,61,60,290430,0xe7d12636594460c0
005074,3,63,61,65,290430,0xe7d12636594460c0
005074,4,62,61,60,290430,0xe7d12636594460c0
005074,5,60,61,62,290430,0xe7d12636594460c0
005074,6,57,61,60,290430,0xe7d12636594460c0
005074,7,63,61,65,290430,0xe7d12636594460c0
005074,0,61,60,64,290429,0xe7d12636594460c0
005074,1,56,60,61,290429,0xe7d12636594460c0
005074,2,61,60,63,290429,0xe7d12636594460c0
005074,3,62,60,63,290429,0xe7d12636594460c0
005074,4,61,60,64,290429,0xe7d12636594460c0
005074,5,56,60,61,290429,0xe7d12636594460c0
005074,6,61,60,63,290429,0xe7d12636594460c0
005074,7,62,60,63,290429,0xe7d12636594460c0
005074,0,0,0,0,290430,0x7a5a3ea4c3116563
005074,1,0,0,0,290430,0x7a5a3ea4c3116563
005074,2,0,0,0,290430,0x7a5a3ea4c3116563
005074,3,0,0,0,290430,0x7a5a3ea4c3116563
005074,4,0,0,0,290430,0x7a5a3ea4c3116563
005074,5,0,0,0,290430,0x7a5a3ea4c3116563
005074,6,0,0,0,290430,0x7a5a3ea4c3116563
005074,7,0,0,0,290430,0x7a5a3ea4c3116563
005074,8,0,0,0,290430,0x7a5a3ea4c3116563
005074,9,0,0,0,290430,0x7a5a3ea4c3116563
005074,10,0,0,0,290430,0x7a5a3ea4c3116563
005074,11,0,0,0,290430,0x7a5a3ea4c3116563
005074,12,0,0,0,290430,0x7a5a3ea4c3116563
005074,13,0,0,0,290430,0x7a5a3ea4c3116563
005074,14,0,0,0,290430,0x7a5a3ea4c3116563
005074,15,0,0,0,290430,0x7a5a3ea4c3116563
005074,16,0,0,0,290430,0x7a5a3ea4c3116563
005074,17,0,0,0,290430,0x7a5a3ea4c3116563
005074,18,0,0,0,290430,0x7a5a3ea4c3116563
005074,19,0,0,0,290430,0x7a5a3ea4c3116563
005074,20,0,0,0,290430,0x7a5a3ea4c3116563
005074,21,0,0,0,290430,0x7a5a3ea4c3116563
005074,22,0,0,0,290430,0x7a5a3ea4c3116563
005074,23,0,0,0,290430,0x7a5a3ea4c3116563
005074,24,0,0,0,290430,0x7a5a3ea4c3116563
005074,25,0,0,0,290430,0x7a5a3ea4c3116563
005074,26,0,0,0,290430,0x7a5a3ea4c3116563
005074,27,0,0,0,290430,0x7a5a3ea4c3116563
005074,28,0,0,0,290430,0x7a5a3ea4c3116563
005074,29,0,0,0,290430,0x7a5a3ea4c3116563
005074,30,0,0,0,290430,0x7a5a3ea4c3116563
005074,31,0,0,0,290430,0x7a5a3ea4c3116563
005074,0,0,0,0,290429,0xe202201d4a8a7422
005074,1,0,0,0,290429,0xe202201d4a8a7422
005074,2,0,0,0,290429,0xe202201d4a8a7422
005074,3,0,0,0,290429,0xe202201d4a8a7422
005074,4,0,0,0,290429,0xe202201d4a8a7422
005074,5,0,0,0,290429,0xe202201d4a8a7422
005074,6,0,0,0,290429,0xe202201d4a8a7422
005074,7,0,0,0,290429,0xe202201d4a8a7422
005074,8,0,0,0,290429,0xe202201d4a8a7422
005074,9,0,0,0,290429,0xe202201d4a8a7422
005074,10,0,0,0,290429,0xe202201d4a8a7422
005074,11,0,0,0,290429,0xe202201d4a8a7422
005074,12,0,0,0,290429,0xe202201d4a8a7422
005074,13,0,0,0,290429,0xe202201d4a8a7422
005074,14,0,0,0,290429,0xe202201d4a8a7422
005074,15,0,0,0,290429,0xe202201d4a8a7422
005074,16,0,0,0,290429,0xe202201d4a8a7422
005074,17,0,0,0,290429,0xe202201d4a8a7422
005074,18,0,0,0,290429,0xe202201d4a8a7422
005074,19,0,0,0,290429,0xe202201d4a8a7422
005074,20,0,0,0,290429,0xe202201d4a8a7422
005074,21,0,0,0,290429,0xe202201d4a8a7422
005074,22,0,0,0,290429,0xe202201d4a8a7422
005074,23,0,0,0,290429,0xe202201d4a8a7422
005074,24,0,0,0,290429,0xe202201d4a8a7422
005074,25,0,0,0,290429,0xe202201d4a8a7422
005074,26,0,0,0,290429,0xe202201d4a8a7422
005074,27,0,0,0,290429,0xe202201d4a8a7422
005074,28,0,0,0,290429,0xe202201d4a8a7422
005074,29,0,0,0,290429,0xe202201d4a8a7422
005074,30,0,0,0,290429,0xe202201d4a8a7422
005074,31,0,0,0,290429,0xe202201d4a8a7422
005074,0,0,0,0,290432,0x53a6fda82aaa2c83
005074,1,0,0,0,290432,0x53a6fda82aaa2c83
005074,2,0,0,0,290432,0x53a6fda82aaa2c83
005074,3,0,0,0,290432,0x53a6fda82aaa2c83
005074,4,0,0,0,290432,0x53a6fda82aaa2c83
005074,5,0,0,0,290432,0x53a6fda82aaa2c83
005074,6,0,0,0,290432,0x53a6fda82aaa2c83
005074,7,0,0,0,290432,0x53a6fda82aaa2c83
005074,8,0,0,0,290432,0x53a6fda82aaa2c83
005074,9,0,0,0,290432,0x53a6fda82aaa2c83
005074,10,0,0,0,290432,0x53a6fda82aaa2c83
005074,11,0,0,0,290432,0x53a6fda82aaa2c83
005074,12,0,0,0,290432,0x53a6fda82aaa2c83
005074,13,0,0,0,290432,0x53a6fda82aaa2c83
005074,14,0,0,0,290432,0x53a6fda82aaa2c83
005074,15,0,0,0,290432,0x53a6fda82aaa2c83
005074,16,0,0,0,290432,0x53a6fda82aaa2c83
005074,17,0,0,0,290432,0x53a6fda82aaa2c83
005074,18,0,0,0,290432,0x53a6fda82aaa2c83
005074,19,0,0,0,290432,0x53a6fda82aaa2c83
005074,20,0,0,0,290432,0x53a6fda82aaa2c83
005074,21,0,0,0,290432,0x53a6fda82aaa2c83
005074,22,0,0,0,290432,0x53a6fda82aaa2c83
005074,23,0,0,0,290432,0x53a6fda82aaa2c83
005074,24,0,0,0,290432,0x53a6fda82aaa2c83
005074,25,0,0,0,290432,0x53a6fda82aaa2c83
005074,26,0,0,0,290432,0x53a6fda82aaa2c83
005074,27,0,0,0,290432,0x53a6fda82aaa2c83
005074,28,0,0,0,290432,0x53a6fda82aaa2c83
005074,29,0,0,0,290432,0x53a6fda82aaa2c83
005074,30,0,0,0,290432,0x53a6fda82aaa2c83
005074,31,0,0,0,290432,0x53a6fda82aaa2c83
005074,0,0,0,0,290431,0x4fdc31b42558c2c0
005074,1,0,0,0,290431,0x4fdc31b42558c2c0
005074,2,0,0,0,290431,0x4fdc31b42558c2c0
005074,3,0,0,0,290431,0x4fdc31b42558c2c0
005074,4,0,0,0,290431,0x4fdc31b42558c2c0
005074,5,0,0,0,290431,0x4fdc31b42558c2c0
005074,6,0,0,0,290431,0x4fdc31b42558c2c0
005074,7,0,0,0,290431,0x4fdc31b42558c2c0
005074,8,0,0,0,290431,0x4fdc31b42558c2c0
005074,9,0,0,0,290431,0x4fdc31b42558c2c0
005074,10,0,0,0,290431,0x4fdc31b42558c2c0
005074,11,0,0,0,290431,0x4fdc31b42558c2c0
005074,12,0,0,0,290431,0x4fdc31b42558c2c0
005074,13,0,0,0,290431,0x4fdc31b42558c2c0
005074,14,0,0,0,290431,0x4fdc31b42558c2c0
005074,15,0,0,0,290431,0x4fdc31b42558c2c0
005074,16,0,0,0,290431,0x4fdc31b42558c2c0
005074,17,0,0,0,290431,0x4fdc31b42558c2c0
005074,18,0,0,0,290431,0x4fdc31b42558c2c0
005074,19,0,0,0,290431,0x4fdc31b42558c2c0
005074,20,0,0,0,290431,0x4fdc31b42558c2c0
005074,21,0,0,0,290431,0x4fdc31b42558c2c0
005074,22,0,0,0,290431,0x4fdc31b42558c2c0
005074,23,0,0,0,290431,0x4fdc31b42558c2c0
005074,24,0,0,0,290431,0x4fdc31b42558c2c0
005074,25,0,0,0,290431,0x4fdc31b42558c2c0
005074,26,0,0,0,290431,0x4fdc31b42558c2c0
005074,27,0,0,0,290431,0x4fdc31b42558c2c0
005074,28,0,0,0,290431,0x4fdc31b42558c2c0
005074,29,0,0,0,290431,0x4fdc31b42558c2c0
005074,30,0,0,0,290431,0x4fdc31b42558c2c0
005074,31,0,0,0,290431,0x4fdc31b42558c2c0
005084,0,89,90,91,167710,0x68397d93bb6f627d
005084,0,90,91,95,167711,0x68397d93bb6f627d
005084,0,88,89,90,167709,0x68397d93bb6f627d
005084,1,90,89,88,167709,0x68397d93bb6f627d
005084,1,87,91,90,167711,0x68397d93bb6f627d
005084,2,91,89,93,167709,0x68397d93bb6f627d
005084,3,85,89,88,167709,0x68397d93bb6f627d
005084,2,88,91,89,167711,0x68397d93bb6f627d
005084,4,88,89,90,167709,0x68397d93bb6f627d
005084,5,90,89,88,167709,0x68397d93bb6f627d
005084,3,88,91,90,167711,0x68397d93bb6f627d
005084,1,91,90,89,167710,0x68397d93bb6f627d
005084,6,91,89,93,167709,0x68397d93bb6f627d
005084,7,85,89,88,167709,0x68397d93bb6f627d
005084,4,90,91,95,167711,0x68397d93bb6f627d
005084,2,86,90,88,167710,0x68397d93bb6f627d
005084,5,87,91,90,167711,0x68397d93bb6f627d
005084,3,91,90,94,167710,0x68397d93bb6f627d
005084,6,88,91,89,167711,0x68397d93bb6f627d
005084,4,89,90,91,167710,0x68397d93bb6f627d
005084,5,91,90,89,167710,0x68397d93bb6f627d
005084,7,88,91,90,167711,0x68397d93bb6f627d
005084,6,86,90,88,167710,0x68397d93bb6f627d
005084,7,91,90,94,167710,0x68397d93bb6f627d
005084,0,84,88,89,167708,0x68397d93bb6f627d
005084,1,89,88,92,167708,0x68397d93bb6f627d
005084,2,90,88,91,167708,0x68397d93bb6f627d
005084,3,89,88,91,167708,0x68397d93bb6f627d
005084,4,84,88,89,167708,0x68397d93bb6f627d
005084,5,89,88,92,167708,0x68397d93bb6f627d
005084,6,90,88,91,167708,0x68397d93bb6f627d
005084,7,89,88,91,167708,0x68397d93bb6f627d
005084,0,0,0,0,167711,0x5f1c834a012abd55
005084,1,0,0,0,167711,0x5f1c834a012abd55
005084,2,0,0,0,167711,0x5f1c834a012abd55
005084,3,0,0,0,167711,0x5f1c834a012abd55
005084,4,0,0,0,167711,0x5f1c834a012abd55
005084,5,0,0,0,167711,0x5f1c834a012abd55
005084,6,0,0,0,167711,0x5f1c834a012abd55
005084,7,0,0,0,167711,0x5f1c834a012abd55
005084,8,0,0,0,167711,0x5f1c834a012abd55
005084,9,0,0,0,167711,0x5f1c834a012abd55
005084,10,0,0,0,167711,0x5f1c834a012abd55
005084,11,0,0,0,167711,0x5f1c834a012abd55
005084,12,0,0,0,167711,0x5f1c834a012abd55
005084,13,0,0,0,167711,0x5f1c834a012abd55
005084,14,0,0,0,167711,0x5f1c834a012abd55
005084,15,0,0,0,167711,0x5f1c834a012abd55
005084,16,0,0,0,167711,0x5f1c834a012abd55
005084,17,0,0,0,167711,0x5f1c834a012abd55
005084,18,0,0,0,167711,0x5f1c834a012abd55
005084,19,0,0,0,167711,0x5f1c834a012abd55
005084,20,0,0,0,167711,0x5f1c834a012abd55
005084,21,0,0,0,167711,0x5f1c834a012abd55
005084,22,0,0,0,167711,0x5f1c834a012abd55
005084,23,0,0,0,167711,0x5f1c834a012abd55
005084,24,0,0,0,167711,0x5f1c834a012abd55
005084,25,0,0,0,167711,0x5f1c834a012abd55
005084,26,0,0,0,167711,0x5f1c834a012abd55
005084,27,0,0,0,167711,0x5f1c834a012abd55
005084,28,0,0,0,167711,0x5f1c834a012abd55
005084,29,0,0,0,167711,0x5f1c834a012abd55
005084,30,0,0,0,167711,0x5f1c834a012abd55
005084,31,0,0,0,167711,0x5f1c834a012abd55
005084,0,0,0,0,167710,0x6cc1477e4b972ade
005084,1,0,0,0,167710,0x6cc1477e4b972ade
005084,2,0,0,0,167710,0x6cc1477e4b972ade
005084,3,0,0,0,167710,0x6cc1477e4b972ade
005084,4,0,0,0,167710,0x6cc1477e4b972ade
005084,5,0,0,0,167710,0x6cc1477e4b972ade
005084,6,0,0,0,167710,0x6cc1477e4b972ade
005084,7,0,0,0,167710,0x6cc1477e4b972ade
005084,8,0,0,0,167710,0x6cc1477e4b972ade
005084,9,0,0,0,167710,0x6cc1477e4b972ade
005084,10,0,0,0,167710,0x6cc1477e4b972ade
005084,11,0,0,0,167710,0x6cc1477e4b972ade
005084,12,0,0,0,167710,0x6cc1477e4b972ade
005084,13,0,0,0,167710,0x6cc1477e4b972ade
005084,14,0,0,0,167710,0x6cc1477e4b972ade
005084,15,0,0,0,167710,0x6cc1477e4b972ade
005084,16,0,0,0,167710,0x6cc1477e4b972ade
005084,17,0,0,0,167710,0x6cc1477e4b972ade
005084,18,0,0,0,167710,0x6cc1477e4b972ade
005084,19,0,0,0,167710,0x6cc1477e4b972ade
005084,20,0,0,0,167710,0x6cc1477e4b972ade
005084,21,0,0,0,167710,0x6cc1477e4b972ade
005084,22,0,0,0,167710,0x6cc1477e4b972ade
005084,23,0,0,0,167710,0x6cc1477e4b972ade
005084,24,0,0,0,167710,0x6cc1477e4b972ade
005084,25,0,0,0,167710,0x6cc1477e4b972ade
005084,26,0,0,0,167710,0x6cc1477e4b972ade
005084,27,0,0,0,167710,0x6cc1477e4b972ade
005084,28,0,0,0,167710,0x6cc1477e4b972ade
005084,29,0,0,0,167710,0x6cc1477e4b972ade
005084,30,0,0,0,167710,0x6cc1477e4b972ade
005084,31,0,0,0,167710,0x6cc1477e4b972ade
005084,0,0,0,0,167709,0x2ebec6fc2eb62009
005084,1,0,0,0,167709,0x2ebec6fc2eb62009
005084,2,0,0,0,167709,0x2ebec6fc2eb62009
005084,3,0,0,0,167709,0x2ebec6fc2eb62009
005084,4,0,0,0,167709,0x2ebec6fc2eb62009
005084,5,0,0,0,167709,0x2ebec6fc2eb62009
005084,6,0,0,0,167709,0x2ebec6fc2eb62009
005084,7,0,0,0,167709,0x2ebec6fc2eb62009
005084,8,0,0,0,167709,0x2ebec6fc2eb62009
005084,9,0,0,0,167709,0x2ebec6fc2eb62009
005084,10,0,0,0,167709,0x2ebec6fc2eb62009
005084,11,0,0,0,167709,0x2ebec6fc2eb62009
005084,12,0,0,0,167709,0x2ebec6fc2eb62009
005084,13,0,0,0,167709,0x2ebec6fc2eb62009
005084,14,0,0,0,167709,0x2ebec6fc2eb62009
005084,15,0,0,0,167709,0x2ebec6fc2eb62009
005084,16,0,0,0,167709,0x2ebec6fc2eb62009
005084,17,0,0,0,167709,0x2ebec6fc2eb62009
005084,18,0,0,0,167709,0x2ebec6fc2eb62009
005084,19,0,0,0,167709,0x2ebec6fc2eb62009
005084,20,0,0,0,167709,0x2ebec6fc2eb62009
005084,21,0,0,0,167709,0x2ebec6fc2eb62009
005084,22,0,0,0,167709,0x2ebec6fc2eb62009
005084,23,0,0,0,167709,0x2ebec6fc2eb62009
005084,24,0,0,0,167709,0x2ebec6fc2eb62009
005084,25,0,0,0,167709,0x2ebec6fc2eb62009
005084,26,0,0,0,167709,0x2ebec6fc2eb62009
005084,27,0,0,0,167709,0x2ebec6fc2eb62009
005084,28,0,0,0,167709,0x2ebec6fc2eb62009
005084,29,0,0,0,167709,0x2ebec6fc2eb62009
005084,30,0,0,0,167709,0x2ebec6fc2eb62009
005084,31,0,0,0,167709,0x2ebec6fc2eb62009
005084,0,0,0,0,167708,0x812ed2bbe64b14f9
005084,1,0,0,0,167708,0x812ed2bbe64b14f9
005084,2,0,0,0,167708,0x812ed2bbe64b14f9
005084,3,0,0,0,167708,0x812ed2bbe64b14f9
005084,4,0,0,0,167708,0x812ed2bbe64b14f9
005084,5,0,0,0,167708,0x812ed2bbe64b14f9
005084,6,0,0,0,167708,0x812ed2bbe64b14f9
005084,7,0,0,0,167708,0x812ed2bbe64b14f9
005084,8,0,0,0,167708,0x812ed2bbe64b14f9
005084,9,0,0,0,167708,0x812ed2bbe64b14f9
005084,10,0,0,0,167708,0x812ed2bbe64b14f9
005084,11,0,0,0,167708,0x812ed2bbe64b14f9
005084,12,0,0,0,167708,0x812ed2bbe64b14f9
005084,13,0,0,0,167708,0x812ed2bbe64b14f9
005084,14,0,0,0,167708,0x812ed2bbe64b14f9
005084,15,0,0,0,167708,0x812ed2bbe64b14f9
005084,16,0,0,0,167708,0x812ed2bbe64b14f9
005084,17,0,0,0,167708,0x812ed2bbe64b14f9
005084,18,0,0,0,167708,0x812ed2bbe64b14f9
005084,19,0,0,0,167708,0x812ed2bbe64b14f9
005084,20,0,0,0,167708,0x812ed2bbe64b14f9
005084,21,0,0,0,167708,0x812ed2bbe64b14f9
005084,22,0,0,0,167708,0x812ed2bbe64b14f9
005084,23,0,0,0,167708,0x812ed2bbe64b14f9
005084,24,0,0,0,167708,0x812ed2bbe64b14f9
005084,25,0,0,0,167708,0x812ed2bbe64b14f9
005084,26,0,0,0,167708,0x812ed2bbe64b14f9
005084,27,0,0,0,167708,0x812ed2bbe64b14f9
005084,28,0,0,0,167708,0x812ed2bbe64b14f9
005084,29,0,0,0,167708,0x812ed2bbe64b14f9
005084,30,0,0,0,167708,0x812ed2bbe64b14f9
005084,31,0,0,0,167708,0x812ed2bbe64b14f9
005084,0,89,90,91,167710,0xe7d12636594460c0
005084,0,90,91,95,167711,0xe7d12636594460c0
005084,1,91,90,89,167710,0xe7d12636594460c0
005084,2,86,90,88,167710,0xe7d12636594460c0
005084,3,91,90,94,167710,0xe7d12636594460c0
005084,4,89,90,91,167710,0xe7d12636594460c0
005084,5,91,90,89,167710,0xe7d12636594460c0
005084,6,86,90,88,167710,0xe7d12636594460c0
005084,7,91,90,94,167710,0xe7d12636594460c0
005084,1,87,91,90,167711,0xe7d12636594460c0
005084,2,88,91,89,167711,0xe7d12636594460c0
005084,3,88,91,90,167711,0xe7d12636594460c0
005084,4,90,91,95,167711,0xe7d12636594460c0
005084,5,87,91,90,167711,0xe7d12636594460c0
005084,6,88,91,89,167711,0xe7d12636594460c0
005084,7,88,91,90,167711,0xe7d12636594460c0
005084,0,88,89,90,167709,0xe7d12636594460c0
005084,1,90,89,88,167709,0xe7d12636594460c0
005084,2,91,89,93,167709,0xe7d12636594460c0
005084,3,85,89,88,167709,0xe7d12636594460c0
005084,4,88,89,90,167709,0xe7d12636594460c0
005084,5,90,89,88,167709,0xe7d12636594460c0
005084,6,91,89,93,167709,0xe7d12636594460c0
005084,7,85,89,88,167709,0xe7d12636594460c0
005084,0,84,88,89,167708,0xe7d12636594460c0
005084,1,89,88,92,167708,0xe7d12636594460c0
005084,2,90,88,91,167708,0xe7d12636594460c0
005084,3,89,88,91,167708,0xe7d12636594460c0
005084,4,84,88,89,167708,0xe7d12636594460c0
005084,5,89,88,92,167708,0xe7d12636594460c0
005084,6,90,88,91,167708,0xe7d12636594460c0
005084,7,89,88,91,167708,0xe7d12636594460c0
005084,0,0,0,0,167709,0x4b0149f9a4768423
005084,1,0,0,0,167709,0x4b0149f9a4768423
005084,2,0,0,0,167709,0x4b0149f9a4768423
005084,3,0,0,0,167709,0x4b0149f9a4768423
005084,4,0,0,0,167709,0x4b0149f9a4768423
005084,5,0,0,0,167709,0x4b0149f9a4768423
005084,6,0,0,0,167709,0x4b0149f9a4768423
005084,7,0,0,0,167709,0x4b0149f9a4768423
005084,8,0,0,0,167709,0x4b0149f9a4768423
005084,9,0,0,0,167709,0x4b0149f9a4768423
005084,10,0,0,0,167709,0x4b0149f9a4768423
005084,11,0,0,0,167709,0x4b0149f9a4768423
005084,12,0,0,0,167709,0x4b0149f9a4768423
005084,13,0,0,0,167709,0x4b0149f9a4768423
005084,14,0,0,0,167709,0x4b0149f9a4768423
005084,15,0,0,0,167709,0x4b0149f9a4768423
005084,16,0,0,0,167709,0x4b0149f9a4768423
005084,17,0,0,0,167709,0x4b0149f9a4768423
005084,18,0,0,0,167709,0x4b0149f9a4768423
005084,19,0,0,0,167709,0x4b0149f9a4768423
005084,20,0,0,0,167709,0x4b0149f9a4768423
005084,21,0,0,0,167709,0x4b0149f9a4768423
005084,22,0,0,0,167709,0x4b0149f9a4768423
005084,23,0,0,0,167709,0x4b0149f9a4768423
005084,24,0,0,0,167709,0x4b0149f9a4768423
005084,25,0,0,0,167709,0x4b0149f9a4768423
005084,26,0,0,0,167709,0x4b0149f9a4768423
005084,27,0,0,0,167709,0x4b0149f9a4768423
005084,28,0,0,0,167709,0x4b0149f9a4768423
005084,29,0,0,0,167709,0x4b0149f9a4768423
005084,30,0,0,0,167709,0x4b0149f9a4768423
005084,31,0,0,0,167709,0x4b0149f9a4768423
005084,0,0,0,0,167711,0xac7c435df3ef601c
005084,1,0,0,0,167711,0xac7c435df3ef601c
005084,2,0,0,0,167711,0xac7c435df3ef601c
005084,3,0,0,0,167711,0xac7c435df3ef601c
005084,4,0,0,0,167711,0xac7c435df3ef601c
005084,5,0,0,0,167711,0xac7c435df3ef601c
005084,6,0,0,0,167711,0xac7c435df3ef601c
005084,7,0,0,0,167711,0xac7c435df3ef601c
005084,8,0,0,0,167711,0xac7c435df3ef601c
005084,9,0,0,0,167711,0xac7c435df3ef601c
005084,10,0,0,0,167711,0xac7c435df3ef601c
005084,11,0,0,0,167711,0xac7c435df3ef601c
005084,12,0,0,0,167711,0xac7c435df3ef601c
005084,13,0,0,0,167711,0xac7c435df3ef601c
005084,14,0,0,0,167711,0xac7c435df3ef601c
005084,15,0,0,0,167711,0xac7c435df3ef601c
005084,16,0,0,0,167711,0xac7c435df3ef601c
005084,17,0,0,0,167711,0xac7c435df3ef601c
005084,18,0,0,0,167711,0xac7c435df3ef601c
005084,19,0,0,0,167711,0xac7c435df3ef601c
005084,20,0,0,0,167711,0xac7c435df3ef601c
005084,21,0,0,0,167711,0xac7c435df3ef601c
005084,22,0,0,0,167711,0xac7c435df3ef601c
005084,23,0,0,0,167711,0xac7c435df3ef601c
005084,24,0,0,0,167711,0xac7c435df3ef601c
005084,25,0,0,0,167711,0xac7c435df3ef601c
005084,26,0,0,0,167711,0xac7c435df3ef601c
005084,27,0,0,0,167711,0xac7c435df3ef601c
005084,28,0,0,0,167711,0xac7c435df3ef601c
005084,29,0,0,0,167711,0xac7c435df3ef601c
005084,30,0,0,0,167711,0xac7c435df3ef601c
005084,31,0,0,0,167711,0xac7c435df3ef601c
005084,0,0,0,0,167708,0x49f03c3d350b5148
005084,1,0,0,0,167708,0x49f03c3d350b5148
005084,2,0,0,0,167708,0x49f03c3d350b5148
005084,3,0,0,0,167708,0x49f03c3d350b5148
005084,4,0,0,0,167708,0x49f03c3d350b5148
005084,5,0,0,0,167708,0x49f03c3d350b5148
005084,6,0,0,0,167708,0x49f03c3d350b5148
005084,7,0,0,0,167708,0x49f03c3d350b5148
005084,8,0,0,0,167708,0x49f03c3d350b5148
005084,9,0,0,0,167708,0x49f03c3d350b5148
005084,10,0,0,0,167708,0x49f03c3d350b5148
005084,11,0,0,0,167708,0x49f03c3d350b5148
005084,12,0,0,0,167708,0x49f03c3d350b5148
005084,13,0,0,0,167708,0x49f03c3d350b5148
005084,14,0,0,0,167708,0x49f03c3d350b5148
005084,15,0,0,0,167708,0x49f03c3d350b5148
005084,16,0,0,0,167708,0x49f03c3d350b5148
005084,17,0,0,0,167708,0x49f03c3d350b5148
005084,18,0,0,0,167708,0x49f03c3d350b5148
005084,19,0,0,0,167708,0x49f03c3d350b5148
005084,20,0,0,0,167708,0x49f03c3d350b5148
005084,21,0,0,0,167708,0x49f03c3d350b5148
005084,22,0,0,0,167708,0x49f03c3d350b5148
005084,23,0,0,0,167708,0x49f03c3d350b5148
005084,24,0,0,0,167708,0x49f03c3d350b5148
005084,25,0,0,0,167708,0x49f03c3d350b5148
005084,26,0,0,0,167708,0x49f03c3d350b5148
005084,27,0,0,0,167708,0x49f03c3d350b5148
005084,28,0,0,0,167708,0x49f03c3d350b5148
005084,29,0,0,0,167708,0x49f03c3d350b5148
005084,30,0,0,0,167708,0x49f03c3d350b5148
005084,31,0,0,0,167708,0x49f03c3d350b5148
005084,0,0,0,0,167710,0xa969c14f69b86bc6
005084,1,0,0,0,167710,0xa969c14f69b86bc6
005084,2,0,0,0,167710,0xa969c14f69b86bc6
005084,3,0,0,0,167710,0xa969c14f69b86bc6
005084,4,0,0,0,167710,0xa969c14f69b86bc6
005084,5,0,0,0,167710,0xa969c14f69b86bc6
005084,6,0,0,0,167710,0xa969c14f69b86bc6
005084,7,0,0,0,167710,0xa969c14f69b86bc6
005084,8,0,0,0,167710,0xa969c14f69b86bc6
005084,9,0,0,0,167710,0xa969c14f69b86bc6
005084,10,0,0,0,167710,0xa969c14f69b86bc6
005084,11,0,0,0,167710,0xa969c14f69b86bc6
005084,12,0,0,0,167710,0xa969c14f69b86bc6
005084,13,0,0,0,167710,0xa969c14f69b86bc6
005084,14,0,0,0,167710,0xa969c14f69b86bc6
005084,15,0,0,0,167710,0xa969c14f69b86bc6
005084,16,0,0,0,167710,0xa969c14f69b86bc6
005084,17,0,0,0,167710,0xa969c14f69b86bc6
005084,18,0,0,0,167710,0xa969c14f69b86bc6
005084,19,0,0,0,167710,0xa969c14f69b86bc6
005084,20,0,0,0,167710,0xa969c14f69b86bc6
005084,21,0,0,0,167710,0xa969c14f69b86bc6
005084,22,0,0,0,167710,0xa969c14f69b86bc6
005084,23,0,0,0,167710,0xa969c14f69b86bc6
005084,24,0,0,0,167710,0xa969c14f69b86bc6
005084,25,0,0,0,167710,0xa969c14f69b86bc6
005084,26,0,0,0,167710,0xa969c14f69b86bc6
005084,27,0,0,0,167710,0xa969c14f69b86bc6
005084,28,0,0,0,167710,0xa969c14f69b86bc6
005084,29,0,0,0,167710,0xa969c14f69b86bc6
005084,30,0,0,0,167710,0xa969c14f69b86bc6
005084,31,0,0,0,167710,0xa969c14f69b86bc6
005093,0,105,106,107,237260,0x68397d93bb6f627d
005093,0,104,105,106,237259,0x68397d93bb6f627d
005093,1,107,106,105,237260,0x68397d93bb6f627d
005093,2,102,106,104,237260,0x68397d93bb6f627d
005093,3,107,106,110,237260,0x68397d93bb6f627d
005093,0,106,107,111,237261,0x68397d93bb6f627d
005093,4,105,106,107,237260,0x68397d93bb6f627d
005093,5,107,106,105,237260,0x68397d93bb6f627d
005093,6,102,106,104,237260,0x68397d93bb6f627d
005093,7,107,106,110,237260,0x68397d93bb6f627d
005093,1,106,105,104,237259,0x68397d93bb6f627d
005093,2,107,105,109,237259,0x68397d93bb6f627d
005093,3,101,105,104,237259,0x68397d93bb6f627d
005093,1,103,107,106,237261,0x68397d93bb6f627d
005093,4,104,105,106,237259,0x68397d93bb6f627d
005093,2,104,107,105,237261,0x68397d93bb6f627d
005093,5,106,105,104,237259,0x68397d93bb6f627d
005093,6,107,105,109,237259,0x68397d93bb6f627d
005093,3,104,107,106,237261,0x68397d93bb6f627d
005093,7,101,105,104,237259,0x68397d93bb6f627d
005093,4,106,107,111,237261,0x68397d93bb6f627d
005093,0,100,104,105,237258,0x68397d93bb6f627d
005093,5,103,107,106,237261,0x68397d93bb6f627d
005093,6,104,107,105,237261,0x68397d93bb6f627d
005093,7,104,107,106,237261,0x68397d93bb6f627d
005093,1,105,104,108,237258,0x68397d93bb6f627d
005093,2,106,104,107,237258,0x68397d93bb6f627d
005093,3,105,104,107,237258,0x68397d93bb6f627d
005093,4,100,104,105,237258,0x68397d93bb6f627d
005093,5,105,104,108,237258,0x68397d93bb6f627d
005093,6,106,104,107,237258,0x68397d93bb6f627d
005093,7,105,104,107,237258,0x68397d93bb6f627d
005093,0,0,0,0,237259,0x72bc92fd2d6d07fa
005093,1,0,0,0,237259,0x72bc92fd2d6d07fa
005093,2,0,0,0,237259,0x72bc92fd2d6d07fa
005093,3,0,0,0,237259,0x72bc92fd2d6d07fa
005093,4,0,0,0,237259,0x72bc92fd2d6d07fa
005093,5,0,0,0,237259,0x72bc92fd2d6d07fa
005093,6,0,0,0,237259,0x72bc92fd2d6d07fa
005093,7,0,0,0,237259,0x72bc92fd2d6d07fa
005093,8,0,0,0,237259,0x72bc92fd2d6d07fa
005093,9,0,0,0,237259,0x72bc92fd2d6d07fa
005093,10,0,0,0,237259,0x72bc92fd2d6d07fa
005093,11,0,0,0,237259,0x72bc92fd2d6d07fa
005093,12,0,0,0,237259,0x72bc92fd2d6d07fa
005093,13,0,0,0,237259,0x72bc92fd2d6d07fa
005093,14,0,0,0,237259,0x72bc92fd2d6d07fa
005093,15,0,0,0,237259,0x72bc92fd2d6d07fa
005093,16,0,0,0,237259,0x72bc92fd2d6d07fa
005093,17,0,0,0,237259,0x72bc92fd2d6d07fa
005093,18,0,0,0,237259,0x72bc92fd2d6d07fa
005093,19,0,0,0,237259,0x72bc92fd2d6d07fa
005093,20,0,0,0,237259,0x72bc92fd2d6d07fa
005093,21,0,0,0,237259,0x72bc92fd2d6d07fa
005093,22,0,0,0,237259,0x72bc92fd2d6d07fa
005093,23,0,0,0,237259,0x72bc92fd2d6d07fa
005093,24,0,0,0,237259,0x72bc92fd2d6d07fa
005093,25,0,0,0,237259,0x72bc92fd2d6d07fa
005093,26,0,0,0,237259,0x72bc92fd2d6d07fa
005093,27,0,0,0,237259,0x72bc92fd2d6d07fa
005093,28,0,0,0,237259,0x72bc92fd2d6d07fa
005093,29,0,0,0,237259,0x72bc92fd2d6d07fa
005093,30,0,0,0,237259,0x72bc92fd2d6d07fa
005093,31,0,0,0,237259,0x72bc92fd2d6d07fa
005093,0,0,0,0,237258,0x24967811c2423872
005093,1,0,0,0,237258,0x24967811c2423872
005093,2,0,0,0,237258,0x24967811c2423872
005093,3,0,0,0,237258,0x24967811c2423872
005093,4,0,0,0,237258,0x24967811c2423872
005093,5,0,0,0,237258,0x24967811c2423872
005093,6,0,0,0,237258,0x24967811c2423872
005093,7,0,0,0,237258,0x24967811c2423872
005093,8,0,0,0,237258,0x24967811c2423872
005093,9,0,0,0,237258,0x24967811c2423872
005093,10,0,0,0,237258,0x24967811c2423872
005093,11,0,0,0,237258,0x24967811c2423872
005093,12,0,0,0,237258,0x24967811c2423872
005093,13,0,0,0,237258,0x24967811c2423872
005093,14,0,0,0,237258,0x24967811c2423872
005093,15,0,0,0,237258,0x24967811c2423872
005093,16,0,0,0,237258,0x24967811c2423872
005093,17,0,0,0,237258,0x24967811c2423872
005093,18,0,0,0,237258,0x24967811c2423872
005093,19,0,0,0,237258,0x24967811c2423872
005093,20,0,0,0,237258,0x24967811c2423872
005093,21,0,0,0,237258,0x24967811c2423872
005093,22,0,0,0,237258,0x24967811c2423872
005093,23,0,0,0,237258,0x24967811c2423872
005093,24,0,0,0,237258,0x24967811c2423872
005093,25,0,0,0,237258,0x24967811c2423872
005093,26,0,0,0,237258,0x24967811c2423872
005093,27,0,0,0,237258,0x24967811c2423872
005093,28,0,0,0,237258,0x24967811c2423872
005093,29,0,0,0,237258,0x24967811c2423872
005093,30,0,0,0,237258,0x24967811c2423872
005093,31,0,0,0,237258,0x24967811c2423872
005093,0,0,0,0,237260,0x1816f19a8dfe472c
005093,1,0,0,0,237260,0x1816f19a8dfe472c
005093,2,0,0,0,237260,0x1816f19a8dfe472c
005093,3,0,0,0,237260,0x1816f19a8dfe472c
005093,4,0,0,0,237260,0x1816f19a8dfe472c
005093,5,0,0,0,237260,0x1816f19a8dfe472c
005093,6,0,0,0,237260,0x1816f19a8dfe472c
005093,7,0,0,0,237260,0x1816f19a8dfe472c
005093,8,0,0,0,237260,0x1816f19a8dfe472c
005093,9,0,0,0,237260,0x1816f19a8dfe472c
005093,10,0,0,0,237260,0x1816f19a8dfe472c
005093,11,0,0,0,237260,0x1816f19a8dfe472c
005093,12,0,0,0,237260,0x1816f19a8dfe472c
005093,13,0,0,0,237260,0x1816f19a8dfe472c
005093,14,0,0,0,237260,0x1816f19a8dfe472c
005093,15,0,0,0,237260,0x1816f19a8dfe472c
005093,16,0,0,0,237260,0x1816f19a8dfe472c
005093,17,0,0,0,237260,0x1816f19a8dfe472c
005093,18,0,0,0,237260,0x1816f19a8dfe472c
005093,19,0,0,0,237260,0x1816f19a8dfe472c
005093,20,0,0,0,237260,0x1816f19a8dfe472c
005093,21,0,0,0,237260,0x1816f19a8dfe472c
005093,22,0,0,0,237260,0x1816f19a8dfe472c
005093,23,0,0,0,237260,0x1816f19a8dfe472c
005093,24,0,0,0,237260,0x1816f19a8dfe472c
005093,25,0,0,0,237260,0x1816f19a8dfe472c
005093,26,0,0,0,237260,0x1816f19a8dfe472c
005093,27,0,0,0,237260,0x1816f19a8dfe472c
005093,28,0,0,0,237260,0x1816f19a8dfe472c
005093,29,0,0,0,237260,0x1816f19a8dfe472c
005093,30,0,0,0,237260,0x1816f19a8dfe472c
005093,31,0,0,0,237260,0x1816f19a8dfe472c
005093,0,0,0,0,237261,0x5e99cf99237bc21f
005093,1,0,0,0,237261,0x5e99cf99237bc21f
005093,2,0,0,0,237261,0x5e99cf99237bc21f
005093,3,0,0,0,237261,0x5e99cf99237bc21f
005093,4,0,0,0,237261,0x5e99cf99237bc21f
005093,5,0,0,0,237261,0x5e99cf99237bc21f
005093,6,0,0,0,237261,0x5e99cf99237bc21f
005093,7,0,0,0,237261,0x5e99cf99237bc21f
005093,8,0,0,0,237261,0x5e99cf99237bc21f
005093,9,0,0,0,237261,0x5e99cf99237bc21f
005093,10,0,0,0,237261,0x5e99cf99237bc21f
005093,11,0,0,0,237261,0x5e99cf99237bc21f
005093,12,0,0,0,237261,0x5e99cf99237bc21f
005093,13,0,0,0,237261,0x5e99cf99237bc21f
005093,14,0,0,0,237261,0x5e99cf99237bc21f
005093,15,0,0,0,237261,0x5e99cf99237bc21f
005093,16,0,0,0,237261,0x5e99cf99237bc21f
005093,17,0,0,0,237261,0x5e99cf99237bc21f
005093,18,0,0,0,237261,0x5e99cf99237bc21f
005093,19,0,0,0,237261,0x5e99cf99237bc21f
005093,20,0,0,0,237261,0x5e99cf99237bc21f
005093,21,0,0,0,237261,0x5e99cf99237bc21f
005093,22,0,0,0,237261,0x5e99cf99237bc21f
005093,23,0,0,0,237261,0x5e99cf99237bc21f
005093,24,0,0,0,237261,0x5e99cf99237bc21f
005093,25,0,0,0,237261,0x5e99cf99237bc21f
005093,26,0,0,0,237261,0x5e99cf99237bc21f
005093,27,0,0,0,237261,0x5e99cf99237bc21f
005093,28,0,0,0,237261,0x5e99cf99237bc21f
005093,29,0,0,0,237261,0x5e99cf99237bc21f
005093,30,0,0,0,237261,0x5e99cf99237bc21f
005093,31,0,0,0,237261,0x5e99cf99237bc21f
005093,0,104,105,106,237259,0xe7d12636594460c0
005093,0,100,104,105,237258,0xe7d12636594460c0
005093,1,105,104,108,237258,0xe7d12636594460c0
005093,1,106,105,104,237259,0xe7d12636594460c0
005093,2,106,104,107,237258,0xe7d12636594460c0
005093,2,107,105,109,237259,0xe7d12636594460c0
005093,3,105,104,107,237258,0xe7d12636594460c0
005093,3,101,105,104,237259,0xe7d12636594460c0
005093,4,100,104,105,237258,0xe7d12636594460c0
005093,4,104,105,106,237259,0xe7d12636594460c0
005093,5,105,104,108,237258,0xe7d12636594460c0
005093,5,106,105,104,237259,0xe7d12636594460c0
005093,6,106,104,107,237258,0xe7d12636594460c0
005093,6,107,105,109,237259,0xe7d12636594460c0
005093,7,105,104,107,237258,0xe7d12636594460c0
005093,7,101,105,104,237259,0xe7d12636594460c0
005093,0,105,106,107,237260,0xe7d12636594460c0
005093,1,107,106,105,237260,0xe7d12636594460c0
005093,2,102,106,104,237260,0xe7d12636594460c0
005093,3,107,106,110,237260,0xe7d12636594460c0
005093,4,105,106,107,237260,0xe7d12636594460c0
005093,5,107,106,105,237260,0xe7d12636594460c0
005093,6,102,106,104,237260,0xe7d12636594460c0
005093,7,107,106,110,237260,0xe7d12636594460c0
005093,0,106,107,111,237261,0xe7d12636594460c0
005093,1,103,107,106,237261,0xe7d12636594460c0
005093,2,104,107,105,237261,0xe7d12636594460c0
005093,3,104,107,106,237261,0xe7d12636594460c0
005093,4,106,107,111,237261,0xe7d12636594460c0
005093,5,103,107,106,237261,0xe7d12636594460c0
005093,6,104,107,105,237261,0xe7d12636594460c0
005093,7,104,107,106,237261,0xe7d12636594460c0
005093,0,0,0,0,237261,0x89fccf88e184bed3
005093,1,0,0,0,237261,0x89fccf88e184bed3
005093,2,0,0,0,237261,0x89fccf88e184bed3
005093,3,0,0,0,237261,0x89fccf88e184bed3
005093,4,0,0,0,237261,0x89fccf88e184bed3
005093,5,0,0,0,237261,0x89fccf88e184bed3
005093,6,0,0,0,237261,0x89fccf88e184bed3
005093,7,0,0,0,237261,0x89fccf88e184bed3
005093,8,0,0,0,237261,0x89fccf88e184bed3
005093,9,0,0,0,237261,0x89fccf88e184bed3
005093,10,0,0,0,237261,0x89fccf88e184bed3
005093,11,0,0,0,237261,0x89fccf88e184bed3
005093,12,0,0,0,237261,0x89fccf88e184bed3
005093,13,0,0,0,237261,0x89fccf88e184bed3
005093,14,0,0,0,237261,0x89fccf88e184bed3
005093,15,0,0,0,237261,0x89fccf88e184bed3
005093,16,0,0,0,237261,0x89fccf88e184bed3
005093,17,0,0,0,237261,0x89fccf88e184bed3
005093,18,0,0,0,237261,0x89fccf88e184bed3
005093,19,0,0,0,237261,0x89fccf88e184bed3
005093,20,0,0,0,237261,0x89fccf88e184bed3
005093,21,0,0,0,237261,0x89fccf88e184bed3
005093,22,0,0,0,237261,0x89fccf88e184bed3
005093,23,0,0,0,237261,0x89fccf88e184bed3
005093,24,0,0,0,237261,0x89fccf88e184bed3
005093,25,0,0,0,237261,0x89fccf88e184bed3
005093,26,0,0,0,237261,0x89fccf88e184bed3
005093,27,0,0,0,237261,0x89fccf88e184bed3
005093,28,0,0,0,237261,0x89fccf88e184bed3
005093,29,0,0,0,237261,0x89fccf88e184bed3
005093,30,0,0,0,237261,0x89fccf88e184bed3
005093,31,0,0,0,237261,0x89fccf88e184bed3
005093,0,0,0,0,237260,0x66470224eec6eb94
005093,1,0,0,0,237260,0x66470224eec6eb94
005093,2,0,0,0,237260,0x66470224eec6eb94
005093,3,0,0,0,237260,0x66470224eec6eb94
005093,4,0,0,0,237260,0x66470224eec6eb94
005093,5,0,0,0,237260,0x66470224eec6eb94
005093,6,0,0,0,237260,0x66470224eec6eb94
005093,7,0,0,0,237260,0x66470224eec6eb94
005093,8,0,0,0,237260,0x66470224eec6eb94
005093,9,0,0,0,237260,0x66470224eec6eb94
005093,10,0,0,0,237260,0x66470224eec6eb94
005093,11,0,0,0,237260,0x66470224eec6eb94
005093,12,0,0,0,237260,0x66470224eec6eb94
005093,13,0,0,0,237260,0x66470224eec6eb94
005093,14,0,0,0,237260,0x66470224eec6eb94
005093,15,0,0,0,237260,0x66470224eec6eb94
005093,16,0,0,0,237260,0x66470224eec6eb94
005093,17,0,0,0,237260,0x66470224eec6eb94
005093,18,0,0,0,237260,0x66470224eec6eb94
005093,19,0,0,0,237260,0x66470224eec6eb94
005093,20,0,0,0,237260,0x66470224eec6eb94
005093,21,0,0,0,237260,0x66470224eec6eb94
005093,22,0,0,0,237260,0x66470224eec6eb94
005093,23,0,0,0,237260,0x66470224eec6eb94
005093,24,0,0,0,237260,0x66470224eec6eb94
005093,25,0,0,0,237260,0x66470224eec6eb94
005093,26,0,0,0,237260,0x66470224eec6eb94
005093,27,0,0,0,237260,0x66470224eec6eb94
005093,28,0,0,0,237260,0x66470224eec6eb94
005093,29,0,0,0,237260,0x66470224eec6eb94
005093,30,0,0,0,237260,0x66470224eec6eb94
005093,31,0,0,0,237260,0x66470224eec6eb94
005093,0,0,0,0,237259,0xb3b7e2c93f59f9d5
005093,1,0,0,0,237259,0xb3b7e2c93f59f9d5
005093,2,0,0,0,237259,0xb3b7e2c93f59f9d5
005093,3,0,0,0,237259,0xb3b7e2c93f59f9d5
005093,4,0,0,0,237259,0xb3b7e2c93f59f9d5
005093,5,0,0,0,237259,0xb3b7e2c93f59f9d5
005093,6,0,0,0,237259,0xb3b7e2c93f59f9d5
005093,7,0,0,0,237259,0xb3b7e2c93f59f9d5
005093,8,0,0,0,237259,0xb3b7e2c93f59f9d5
005093,9,0,0,0,237259,0xb3b7e2c93f59f9d5
005093,10,0,0,0,237259,0xb3b7e2c93f59f9d5
005093,11,0,0,0,237259,0xb3b7e2c93f59f9d5
005093,12,0,0,0,237259,0xb3b7e2c93f59f9d5
005093,13,0,0,0,237259,0xb3b7e2c93f59f9d5
005093,14,0,0,0,237259,0xb3b7e2c93f59f9d5
005093,15,0,0,0,237259,0xb3b7e2c93f59f9d5
005093,16,0,0,0,237259,0xb3b7e2c93f59f9d5
005093,17,0,0,0,237259,0xb3b7e2c93f59f9d5
005093,18,0,0,0,237259,0xb3b7e2c93f59f9d5
005093,19,0,0,0,237259,0xb3b7e2c93f59f9d5
005093,20,0,0,0,237259,0xb3b7e2c93f59f9d5
005093,21,0,0,0,237259,0xb3b7e2c93f59f9d5
005093,22,0,0,0,237259,0xb3b7e2c93f59f9d5
005093,23,0,0,0,237259,0xb3b7e2c93f59f9d5
005093,24,0,0,0,237259,0xb3b7e2c93f59f9d5
005093,25,0,0,0,237259,0xb3b7e2c93f59f9d5
005093,26,0,0,0,237259,0xb3b7e2c93f59f9d5
005093,27,0,0,0,237259,0xb3b7e2c93f59f9d5
005093,28,0,0,0,237259,0xb3b7e2c93f59f9d5
005093,29,0,0,0,237259,0xb3b7e2c93f59f9d5
005093,30,0,0,0,237259,0xb3b7e2c93f59f9d5
005093,31,0,0,0,237259,0xb3b7e2c93f59f9d5
005093,0,0,0,0,237258,0xc49aaa825949e8ae
005093,1,0,0,0,237258,0xc49aaa825949e8ae
005093,2,0,0,0,237258,0xc49aaa825949e8ae
005093,3,0,0,0,237258,0xc49aaa825949e8ae
005093,4,0,0,0,237258,0xc49aaa825949e8ae
005093,5,0,0,0,237258,0xc49aaa825949e8ae
005093,6,0,0,0,237258,0xc49aaa825949e8ae
005093,7,0,0,0,237258,0xc49aaa825949e8ae
005093,8,0,0,0,237258,0xc49aaa825949e8ae
005093,9,0,0,0,237258,0xc49aaa825949e8ae
005093,10,0,0,0,237258,0xc49aaa825949e8ae
005093,11,0,0,0,237258,0xc49aaa825949e8ae
005093,12,0,0,0,237258,0xc49aaa825949e8ae
005093,13,0,0,0,237258,0xc49aaa825949e8ae
005093,14,0,0,0,237258,0xc49aaa825949e8ae
005093,15,0,0,0,237258,0xc49aaa825949e8ae
005093,16,0,0,0,237258,0xc49aaa825949e8ae
005093,17,0,0,0,237258,0xc49aaa825949e8ae
005093,18,0,0,0,237258,0xc49aaa825949e8ae
005093,19,0,0,0,237258,0xc49aaa825949e8ae
005093,20,0,0,0,237258,0xc49aaa825949e8ae
005093,21,0,0,0,237258,0xc49aaa825949e8ae
005093,22,0,0,0,237258,0xc49aaa825949e8ae
005093,23,0,0,0,237258,0xc49aaa825949e8ae
005093,24,0,0,0,237258,0xc49aaa825949e8ae
005093,25,0,0,0,237258,0xc49aaa825949e8ae
005093,26,0,0,0,237258,0xc49aaa825949e8ae
005093,27,0,0,0,237258,0xc49aaa825949e8ae
005093,28,0,0,0,237258,0xc49aaa825949e8ae
005093,29,0,0,0,237258,0xc49aaa825949e8ae
005093,30,0,0,0,237258,0xc49aaa825949e8ae
005093,31,0,0,0,237258,0xc49aaa825949e8ae
005068,0,42,43,47,34157,0x68397d93bb6f627d
005068,0,41,42,43,34156,0x68397d93bb6f627d
005068,1,43,42,41,34156,0x68397d93bb6f627d
005068,2,38,42,40,34156,0x68397d93bb6f627d
005068,3,43,42,46,34156,0x68397d93bb6f627d
005068,4,41,42,43,34156,0x68397d93bb6f627d
005068,5,43,42,41,34156,0x68397d93bb6f627d
005068,6,38,42,40,34156,0x68397d93bb6f627d
005068,7,43,42,46,34156,0x68397d93bb6f627d
005068,1,39,43,42,34157,0x68397d93bb6f627d
005068,2,40,43,41,34157,0x68397d93bb6f627d
005068,3,40,43,42,34157,0x68397d93bb6f627d
005068,4,42,43,47,34157,0x68397d93bb6f627d
005068,5,39,43,42,34157,0x68397d93bb6f627d
005068,6,40,43,41,34157,0x68397d93bb6f627d
005068,0,40,41,42,34155,0x68397d93bb6f627d
005068,7,40,43,42,34157,0x68397d93bb6f627d
005068,1,42,41,40,34155,0x68397d93bb6f627d
005068,2,43,41,45,34155,0x68397d93bb6f627d
005068,3,37,41,40,34155,0x68397d93bb6f627d
005068,4,40,41,42,34155,0x68397d93bb6f627d
005068,5,42,41,40,34155,0x68397d93bb6f627d
005068,6,43,41,45,34155,0x68397d93bb6f627d
005068,7,37,41,40,34155,0x68397d93bb6f627d
005068,0,36,40,41,34154,0x68397d93bb6f627d
005068,1,41,40,44,34154,0x68397d93bb6f627d
005068,2,42,40,43,34154,0x68397d93bb6f627d
005068,3,41,40,43,34154,0x68397d93bb6f627d
005068,4,36,40,41,34154,0x68397d93bb6f627d
005068,5,41,40,44,34154,0x68397d93bb6f627d
005068,6,42,40,43,34154,0x68397d93bb6f627d
005068,7,41,40,43,34154,0x68397d93bb6f627d
005068,0,0,0,0,34155,0x4d07c0e218190666
005068,1,0,0,0,34155,0x4d07c0e218190666
005068,2,0,0,0,34155,0x4d07c0e218190666
005068,3,0,0,0,34155,0x4d07c0e218190666
005068,4,0,0,0,34155,0x4d07c0e218190666
005068,5,0,0,0,34155,0x4d07c0e218190666
005068,6,0,0,0,34155,0x4d07c0e218190666
005068,7,0,0,0,34155,0x4d07c0e218190666
005068,8,0,0,0,34155,0x4d07c0e218190666
005068,9,0,0,0,34155,0x4d07c0e218190666
005068,10,0,0,0,34155,0x4d07c0e218190666
005068,11,0,0,0,34155,0x4d07c0e218190666
005068,12,0,0,0,34155,0x4d07c0e218190666
005068,13,0,0,0,34155,0x4d07c0e218190666
005068,14,0,0,0,34155,0x4d07c0e218190666
005068,15,0,0,0,34155,0x4d07c0e218190666
005068,16,0,0,0,34155,0x4d07c0e218190666
005068,17,0,0,0,34155,0x4d07c0e218190666
005068,18,0,0,0,34155,0x4d07c0e218190666
005068,19,0,0,0,34155,0x4d07c0e218190666
005068,20,0,0,0,34155,0x4d07c0e218190666
005068,21,0,0,0,34155,0x4d07c0e218190666
005068,22,0,0,0,34155,0x4d07c0e218190666
005068,23,0,0,0,34155,0x4d07c0e218190666
005068,24,0,0,0,34155,0x4d07c0e218190666
005068,25,0,0,0,34155,0x4d07c0e218190666
005068,26,0,0,0,34155,0x4d07c0e218190666
005068,27,0,0,0,34155,0x4d07c0e218190666
005068,28,0,0,0,34155,0x4d07c0e218190666
005068,29,0,0,0,34155,0x4d07c0e218190666
005068,30,0,0,0,34155,0x4d07c0e218190666
005068,31,0,0,0,34155,0x4d07c0e218190666
005068,0,0,0,0,34156,0x32b9bf207b993ee2
005068,1,0,0,0,34156,0x32b9bf207b993ee2
005068,2,0,0,0,34156,0x32b9bf207b993ee2
005068,3,0,0,0,34156,0x32b9bf207b993ee2
005068,4,0,0,0,34156,0x32b9bf207b993ee2
005068,5,0,0,0,34156,0x32b9bf207b993ee2
005068,6,0,0,0,34156,0x32b9bf207b993ee2
005068,7,0,0,0,34156,0x32b9bf207b993ee2
005068,8,0,0,0,34156,0x32b9bf207b993ee2
005068,9,0,0,0,34156,0x32b9bf207b993ee2
005068,10,0,0,0,34156,0x32b9bf207b993ee2
005068,11,0,0,0,34156,0x32b9bf207b993ee2
005068,12,0,0,0,34156,0x32b9bf207b993ee2
005068,13,0,0,0,34156,0x32b9bf207b993ee2
005068,14,0,0,0,34156,0x32b9bf207b993ee2
005068,15,0,0,0,34156,0x32b9bf207b993ee2
005068,16,0,0,0,34156,0x32b9bf207b993ee2
005068,17,0,0,0,34156,0x32b9bf207b993ee2
005068,18,0,0,0,34156,0x32b9bf207b993ee2
005068,19,0,0,0,34156,0x32b9bf207b993ee2
005068,20,0,0,0,34156,0x32b9bf207b993ee2
005068,21,0,0,0,34156,0x32b9bf207b993ee2
005068,22,0,0,0,34156,0x32b9bf207b993ee2
005068,23,0,0,0,34156,0x32b9bf207b993ee2
005068,24,0,0,0,34156,0x32b9bf207b993ee2
005068,25,0,0,0,34156,0x32b9bf207b993ee2
005068,26,0,0,0,34156,0x32b9bf207b993ee2
005068,27,0,0,0,34156,0x32b9bf207b993ee2
005068,28,0,0,0,34156,0x32b9bf207b993ee2
005068,29,0,0,0,34156,0x32b9bf207b993ee2
005068,30,0,0,0,34156,0x32b9bf207b993ee2
005068,31,0,0,0,34156,0x32b9bf207b993ee2
005068,0,0,0,0,34157,0x1e9819c059306726
005068,1,0,0,0,34157,0x1e9819c059306726
005068,2,0,0,0,34157,0x1e9819c059306726
005068,3,0,0,0,34157,0x1e9819c059306726
005068,4,0,0,0,34157,0x1e9819c059306726
005068,5,0,0,0,34157,0x1e9819c059306726
005068,6,0,0,0,34157,0x1e9819c059306726
005068,7,0,0,0,34157,0x1e9819c059306726
005068,8,0,0,0,34157,0x1e9819c059306726
005068,9,0,0,0,34157,0x1e9819c059306726
005068,10,0,0,0,34157,0x1e9819c059306726
005068,11,0,0,0,34157,0x1e9819c059306726
005068,12,0,0,0,34157,0x1e9819c059306726
005068,13,0,0,0,34157,0x1e9819c059306726
005068,14,0,0,0,34157,0x1e9819c059306726
005068,15,0,0,0,34157,0x1e9819c059306726
005068,16,0,0,0,34157,0x1e9819c059306726
005068,17,0,0,0,34157,0x1e9819c059306726
005068,18,0,0,0,34157,0x1e9819c059306726
005068,19,0,0,0,34157,0x1e9819c059306726
005068,20,0,0,0,34157,0x1e9819c059306726
005068,21,0,0,0,34157,0x1e9819c059306726
005068,22,0,0,0,34157,0x1e9819c059306726
005068,23,0,0,0,34157,0x1e9819c059306726
005068,24,0,0,0,34157,0x1e9819c059306726
005068,25,0,0,0,34157,0x1e9819c059306726
005068,26,0,0,0,34157,0x1e9819c059306726
005068,27,0,0,0,34157,0x1e9819c059306726
005068,28,0,0,0,34157,0x1e9819c059306726
005068,29,0,0,0,34157,0x1e9819c059306726
005068,30,0,0,0,34157,0x1e9819c059306726
005068,31,0,0,0,34157,0x1e9819c059306726
005068,0,0,0,0,34154,0x222bab12e6cfc43e
005068,1,0,0,0,34154,0x222bab12e6cfc43e
005068,2,0,0,0,34154,0x222bab12e6cfc43e
005068,3,0,0,0,34154,0x222bab12e6cfc43e
005068,4,0,0,0,34154,0x222bab12e6cfc43e
005068,5,0,0,0,34154,0x222bab12e6cfc43e
005068,6,0,0,0,34154,0x222bab12e6cfc43e
005068,7,0,0,0,34154,0x222bab12e6cfc43e
005068,8,0,0,0,34154,0x222bab12e6cfc43e
005068,9,0,0,0,34154,0x222bab12e6cfc43e
005068,10,0,0,0,34154,0x222bab12e6cfc43e
005068,11,0,0,0,34154,0x222bab12e6cfc43e
005068,12,0,0,0,34154,0x222bab12e6cfc43e
005068,13,0,0,0,34154,0x222bab12e6cfc43e
005068,14,0,0,0,34154,0x222bab12e6cfc43e
005068,15,0,0,0,34154,0x222bab12e6cfc43e
005068,16,0,0,0,34154,0x222bab12e6cfc43e
005068,17,0,0,0,34154,0x222bab12e6cfc43e
005068,18,0,0,0,34154,0x222bab12e6cfc43e
005068,19,0,0,0,34154,0x222bab12e6cfc43e
005068,20,0,0,0,34154,0x222bab12e6cfc43e
005068,21,0,0,0,34154,0x222bab12e6cfc43e
005068,22,0,0,0,34154,0x222bab12e6cfc43e
005068,23,0,0,0,34154,0x222bab12e6cfc43e
005068,24,0,0,0,34154,0x222bab12e6cfc43e
005068,25,0,0,0,34154,0x222bab12e6cfc43e
005068,26,0,0,0,34154,0x222bab12e6cfc43e
005068,27,0,0,0,34154,0x222bab12e6cfc43e
005068,28,0,0,0,34154,0x222bab12e6cfc43e
005068,29,0,0,0,34154,0x222bab12e6cfc43e
005068,30,0,0,0,34154,0x222bab12e6cfc43e
005068,31,0,0,0,34154,0x222bab12e6cfc43e
005068,0,42,43,47,34157,0xe7d12636594460c0
005068,0,41,42,43,34156,0xe7d12636594460c0
005068,1,43,42,41,34156,0xe7d12636594460c0
005068,1,39,43,42,34157,0xe7d12636594460c0
005068,2,38,42,40,34156,0xe7d12636594460c0
005068,3,43,42,46,34156,0xe7d12636594460c0
005068,4,41,42,43,34156,0xe7d12636594460c0
005068,2,40,43,41,34157,0xe7d12636594460c0
005068,5,43,42,41,34156,0xe7d12636594460c0
005068,6,38,42,40,34156,0xe7d12636594460c0
005068,3,40,43,42,34157,0xe7d12636594460c0
005068,7,43,42,46,34156,0xe7d12636594460c0
005068,0,40,41,42,34155,0xe7d12636594460c0
005068,4,42,43,47,34157,0xe7d12636594460c0
005068,5,39,43,42,34157,0xe7d12636594460c0
005068,6,40,43,41,34157,0xe7d12636594460c0
005068,7,40,43,42,34157,0xe7d12636594460c0
005068,1,42,41,40,34155,0xe7d12636594460c0
005068,2,43,41,45,34155,0xe7d12636594460c0
005068,3,37,41,40,34155,0xe7d12636594460c0
005068,4,40,41,42,34155,0xe7d12636594460c0
005068,5,42,41,40,34155,0xe7d12636594460c0
005068,6,43,41,45,34155,0xe7d12636594460c0
005068,7,37,41,40,34155,0xe7d12636594460c0
005068,0,36,40,41,34154,0xe7d12636594460c0
005068,1,41,40,44,34154,0xe7d12636594460c0
005068,2,42,40,43,34154,0xe7d12636594460c0
005068,3,41,40,43,34154,0xe7d12636594460c0
005068,4,36,40,41,34154,0xe7d12636594460c0
005068,5,41,40,44,34154,0xe7d12636594460c0
005068,6,42,40,43,34154,0xe7d12636594460c0
005068,7,41,40,43,34154,0xe7d12636594460c0
005068,0,0,0,0,34156,0xfb64b91ddbb6bc9b
005068,1,0,0,0,34156,0xfb64b91ddbb6bc9b
005068,2,0,0,0,34156,0xfb64b91ddbb6bc9b
005068,3,0,0,0,34156,0xfb64b91ddbb6bc9b
005068,4,0,0,0,34156,0xfb64b91ddbb6bc9b
005068,5,0,0,0,34156,0xfb64b91ddbb6bc9b
005068,6,0,0,0,34156,0xfb64b91ddbb6bc9b
005068,7,0,0,0,34156,0xfb64b91ddbb6bc9b
005068,8,0,0,0,34156,0xfb64b91ddbb6bc9b
005068,9,0,0,0,34156,0xfb64b91ddbb6bc9b
005068,10,0,0,0,34156,0xfb64b91ddbb6bc9b
005068,11,0,0,0,34156,0xfb64b91ddbb6bc9b
005068,12,0,0,0,34156,0xfb64b91ddbb6bc9b
005068,13,0,0,0,34156,0xfb64b91ddbb6bc9b
005068,14,0,0,0,34156,0xfb64b91ddbb6bc9b
005068,15,0,0,0,34156,0xfb64b91ddbb6bc9b
005068,16,0,0,0,34156,0xfb64b91ddbb6bc9b
005068,17,0,0,0,34156,0xfb64b91ddbb6bc9b
005068,18,0,0,0,34156,0xfb64b91ddbb6bc9b
005068,19,0,0,0,34156,0xfb64b91ddbb6bc9b
005068,20,0,0,0,34156,0xfb64b91ddbb6bc9b
005068,21,0,0,0,34156,0xfb64b91ddbb6bc9b
005068,22,0,0,0,34156,0xfb64b91ddbb6bc9b
005068,23,0,0,0,34156,0xfb64b91ddbb6bc9b
005068,24,0,0,0,34156,0xfb64b91ddbb6bc9b
005068,25,0,0,0,34156,0xfb64b91ddbb6bc9b
005068,26,0,0,0,34156,0xfb64b91ddbb6bc9b
005068,27,0,0,0,34156,0xfb64b91ddbb6bc9b
005068,28,0,0,0,34156,0xfb64b91ddbb6bc9b
005068,29,0,0,0,34156,0xfb64b91ddbb6bc9b
005068,30,0,0,0,34156,0xfb64b91ddbb6bc9b
005068,31,0,0,0,34156,0xfb64b91ddbb6bc9b
005068,0,0,0,0,34154,0x9728864bea349940
005068,1,0,0,0,34154,0x9728864bea349940
005068,2,0,0,0,34154,0x9728864bea349940
005068,3,0,0,0,34154,0x9728864bea349940
005068,4,0,0,0,34154,0x9728864bea349940
005068,5,0,0,0,34154,0x9728864bea349940
005068,6,0,0,0,34154,0x9728864bea349940
005068,7,0,0,0,34154,0x9728864bea349940
005068,8,0,0,0,34154,0x9728864bea349940
005068,9,0,0,0,34154,0x9728864bea349940
005068,10,0,0,0,34154,0x9728864bea349940
005068,11,0,0,0,34154,0x9728864bea349940
005068,12,0,0,0,34154,0x9728864bea349940
005068,13,0,0,0,34154,0x9728864bea349940
005068,14,0,0,0,34154,0x9728864bea349940
005068,15,0,0,0,34154,0x9728864bea349940
005068,16,0,0,0,34154,0x9728864bea349940
005068,17,0,0,0,34154,0x9728864bea349940
005068,18,0,0,0,34154,0x9728864bea349940
005068,19,0,0,0,34154,0x9728864bea349940
005068,20,0,0,0,34154,0x9728864bea349940
005068,21,0,0,0,34154,0x9728864bea349940
005068,22,0,0,0,34154,0x9728864bea349940
005068,23,0,0,0,34154,0x9728864bea349940
005068,24,0,0,0,34154,0x9728864bea349940
005068,25,0,0,0,34154,0x9728864bea349940
005068,26,0,0,0,34154,0x9728864bea349940
005068,27,0,0,0,34154,0x9728864bea349940
005068,28,0,0,0,34154,0x9728864bea349940
005068,29,0,0,0,34154,0x9728864bea349940
005068,30,0,0,0,34154,0x9728864bea349940
005068,31,0,0,0,34154,0x9728864bea349940
005068,0,0,0,0,34157,0x6a6b5d65c083f4f
005068,1,0,0,0,34157,0x6a6b5d65c083f4f
005068,2,0,0,0,34157,0x6a6b5d65c083f4f
005068,3,0,0,0,34157,0x6a6b5d65c083f4f
005068,4,0,0,0,34157,0x6a6b5d65c083f4f
005068,5,0,0,0,34157,0x6a6b5d65c083f4f
005068,6,0,0,0,34157,0x6a6b5d65c083f4f
005068,7,0,0,0,34157,0x6a6b5d65c083f4f
005068,8,0,0,0,34157,0x6a6b5d65c083f4f
005068,9,0,0,0,34157,0x6a6b5d65c083f4f
005068,10,0,0,0,34157,0x6a6b5d65c083f4f
005068,11,0,0,0,34157,0x6a6b5d65c083f4f
005068,12,0,0,0,34157,0x6a6b5d65c083f4f
005068,13,0,0,0,34157,0x6a6b5d65c083f4f
005068,14,0,0,0,34157,0x6a6b5d65c083f4f
005068,15,0,0,0,34157,0x6a6b5d65c083f4f
005068,16,0,0,0,34157,0x6a6b5d65c083f4f
005068,17,0,0,0,34157,0x6a6b5d65c083f4f
005068,18,0,0,0,34157,0x6a6b5d65c083f4f
005068,19,0,0,0,34157,0x6a6b5d65c083f4f
005068,20,0,0,0,34157,0x6a6b5d65c083f4f
005068,21,0,0,0,34157,0x6a6b5d65c083f4f
005068,22,0,0,0,34157,0x6a6b5d65c083f4f
005068,23,0,0,0,34157,0x6a6b5d65c083f4f
005068,24,0,0,0,34157,0x6a6b5d65c083f4f
005068,25,0,0,0,34157,0x6a6b5d65c083f4f
005068,26,0,0,0,34157,0x6a6b5d65c083f4f
005068,27,0,0,0,34157,0x6a6b5d65c083f4f
005068,28,0,0,0,34157,0x6a6b5d65c083f4f
005068,29,0,0,0,34157,0x6a6b5d65c083f4f
005068,30,0,0,0,34157,0x6a6b5d65c083f4f
005068,31,0,0,0,34157,0x6a6b5d65c083f4f
005068,0,0,0,0,34155,0x977adc7ce4f65886
005068,1,0,0,0,34155,0x977adc7ce4f65886
005068,2,0,0,0,34155,0x977adc7ce4f65886
005068,3,0,0,0,34155,0x977adc7ce4f65886
005068,4,0,0,0,34155,0x977adc7ce4f65886
005068,5,0,0,0,34155,0x977adc7ce4f65886
005068,6,0,0,0,34155,0x977adc7ce4f65886
005068,7,0,0,0,34155,0x977adc7ce4f65886
005068,8,0,0,0,34155,0x977adc7ce4f65886
005068,9,0,0,0,34155,0x977adc7ce4f65886
005068,10,0,0,0,34155,0x977adc7ce4f65886
005068,11,0,0,0,34155,0x977adc7ce4f65886
005068,12,0,0,0,34155,0x977adc7ce4f65886
005068,13,0,0,0,34155,0x977adc7ce4f65886
005068,14,0,0,0,34155,0x977adc7ce4f65886
005068,15,0,0,0,34155,0x977adc7ce4f65886
005068,16,0,0,0,34155,0x977adc7ce4f65886
005068,17,0,0,0,34155,0x977adc7ce4f65886
005068,18,0,0,0,34155,0x977adc7ce4f65886
005068,19,0,0,0,34155,0x977adc7ce4f65886
005068,20,0,0,0,34155,0x977adc7ce4f65886
005068,21,0,0,0,34155,0x977adc7ce4f65886
005068,22,0,0,0,34155,0x977adc7ce4f65886
005068,23,0,0,0,34155,0x977adc7ce4f65886
005068,24,0,0,0,34155,0x977adc7ce4f65886
005068,25,0,0,0,34155,0x977adc7ce4f65886
005068,26,0,0,0,34155,0x977adc7ce4f65886
005068,27,0,0,0,34155,0x977adc7ce4f65886
005068,28,0,0,0,34155,0x977adc7ce4f65886
005068,29,0,0,0,34155,0x977adc7ce4f65886
005068,30,0,0,0,34155,0x977adc7ce4f65886
005068,31,0,0,0,34155,0x977adc7ce4f65886
005071,0,51,55,54,265866,0x68397d93bb6f627d
005071,0,55,54,53,265865,0x68397d93bb6f627d
005071,1,54,55,59,265866,0x68397d93bb6f627d
005071,2,52,55,54,265866,0x68397d93bb6f627d
005071,3,52,55,53,265866,0x68397d93bb6f627d
005071,1,53,54,55,265865,0x68397d93bb6f627d
005071,4,51,55,54,265866,0x68397d93bb6f627d
005071,5,54,55,59,265866,0x68397d93bb6f627d
005071,2,55,54,58,265865,0x68397d93bb6f627d
005071,6,52,55,54,265866,0x68397d93bb6f627d
005071,7,52,55,53,265866,0x68397d93bb6f627d
005071,3,50,54,52,265865,0x68397d93bb6f627d
005071,4,55,54,53,265865,0x68397d93bb6f627d
005071,5,53,54,55,265865,0x68397d93bb6f627d
005071,6,55,54,58,265865,0x68397d93bb6f627d
005071,7,50,54,52,265865,0x68397d93bb6f627d
005071,0,54,53,52,265864,0x68397d93bb6f627d
005071,0,53,52,56,265863,0x68397d93bb6f627d
005071,1,52,53,54,265864,0x68397d93bb6f627d
005071,2,49,53,52,265864,0x68397d93bb6f627d
005071,3,55,53,57,265864,0x68397d93bb6f627d
005071,1,48,52,53,265863,0x68397d93bb6f627d
005071,4,54,53,52,265864,0x68397d93bb6f627d
005071,2,53,52,55,265863,0x68397d93bb6f627d
005071,5,52,53,54,265864,0x68397d93bb6f627d
005071,3,54,52,55,265863,0x68397d93bb6f627d
005071,6,49,53,52,265864,0x68397d93bb6f627d
005071,4,53,52,56,265863,0x68397d93bb6f627d
005071,7,55,53,57,265864,0x68397d93bb6f627d
005071,5,48,52,53,265863,0x68397d93bb6f627d
005071,6,53,52,55,265863,0x68397d93bb6f627d
005071,7,54,52,55,265863,0x68397d93bb6f627d
005071,0,0,0,0,265866,0x46d92e804b064108
005071,1,0,0,0,265866,0x46d92e804b064108
005071,2,0,0,0,265866,0x46d92e804b064108
005071,3,0,0,0,265866,0x46d92e804b064108
005071,4,0,0,0,265866,0x46d92e804b064108
005071,5,0,0,0,265866,0x46d92e804b064108
005071,6,0,0,0,265866,0x46d92e804b064108
005071,7,0,0,0,265866,0x46d92e804b064108
005071,8,0,0,0,265866,0x46d92e804b064108
005071,9,0,0,0,265866,0x46d92e804b064108
005071,10,0,0,0,265866,0x46d92e804b064108
005071,11,0,0,0,265866,0x46d92e804b064108
005071,12,0,0,0,265866,0x46d92e804b064108
005071,13,0,0,0,265866,0x46d92e804b064108
005071,14,0,0,0,265866,0x46d92e804b064108
005071,15,0,0,0,265866,0x46d92e804b064108
005071,16,0,0,0,265866,0x46d92e804b064108
005071,17,0,0,0,265866,0x46d92e804b064108
005071,18,0,0,0,265866,0x46d92e804b064108
005071,19,0,0,0,265866,0x46d92e804b064108
005071,20,0,0,0,265866,0x46d92e804b064108
005071,21,0,0,0,265866,0x46d92e804b064108
005071,22,0,0,0,265866,0x46d92e804b064108
005071,23,0,0,0,265866,0x46d92e804b064108
005071,24,0,0,0,265866,0x46d92e804b064108
005071,25,0,0,0,265866,0x46d92e804b064108
005071,26,0,0,0,265866,0x46d92e804b064108
005071,27,0,0,0,265866,0x46d92e804b064108
005071,28,0,0,0,265866,0x46d92e804b064108
005071,29,0,0,0,265866,0x46d92e804b064108
005071,30,0,0,0,265866,0x46d92e804b064108
005071,31,0,0,0,265866,0x46d92e804b064108
005071,0,0,0,0,265864,0xc0d21d24b97733c5
005071,1,0,0,0,265864,0xc0d21d24b97733c5
005071,2,0,0,0,265864,0xc0d21d24b97733c5
005071,3,0,0,0,265864,0xc0d21d24b97733c5
005071,4,0,0,0,265864,0xc0d21d24b97733c5
005071,5,0,0,0,265864,0xc0d21d24b97733c5
005071,6,0,0,0,265864,0xc0d21d24b97733c5
005071,7,0,0,0,265864,0xc0d21d24b97733c5
005071,8,0,0,0,265864,0xc0d21d24b97733c5
005071,9,0,0,0,265864,0xc0d21d24b97733c5
005071,10,0,0,0,265864,0xc0d21d24b97733c5
005071,11,0,0,0,265864,0xc0d21d24b97733c5
005071,12,0,0,0,265864,0xc0d21d24b97733c5
005071,13,0,0,0,265864,0xc0d21d24b97733c5
005071,14,0,0,0,265864,0xc0d21d24b97733c5
005071,15,0,0,0,265864,0xc0d21d24b97733c5
005071,16,0,0,0,265864,0xc0d21d24b97733c5
005071,17,0,0,0,265864,0xc0d21d24b97733c5
005071,18,0,0,0,265864,0xc0d21d24b97733c5
005071,19,0,0,0,265864,0xc0d21d24b97733c5
005071,20,0,0,0,265864,0xc0d21d24b97733c5
005071,21,0,0,0,265864,0xc0d21d24b97733c5
005071,22,0,0,0,265864,0xc0d21d24b97733c5
005071,23,0,0,0,265864,0xc0d21d24b97733c5
005071,24,0,0,0,265864,0xc0d21d24b97733c5
005071,25,0,0,0,265864,0xc0d21d24b97733c5
005071,26,0,0,0,265864,0xc0d21d24b97733c5
005071,27,0,0,0,265864,0xc0d21d24b97733c5
005071,28,0,0,0,265864,0xc0d21d24b97733c5
005071,29,0,0,0,265864,0xc0d21d24b97733c5
005071,30,0,0,0,265864,0xc0d21d24b97733c5
005071,31,0,0,0,265864,0xc0d21d24b97733c5
005071,0,0,0,0,265863,0x8037d636dc034fb6
005071,1,0,0,0,265863,0x8037d636dc034fb6
005071,2,0,0,0,265863,0x8037d636dc034fb6
005071,3,0,0,0,265863,0x8037d636dc034fb6
005071,4,0,0,0,265863,0x8037d636dc034fb6
005071,5,0,0,0,265863,0x8037d636dc034fb6
005071,6,0,0,0,265863,0x8037d636dc034fb6
005071,7,0,0,0,265863,0x8037d636dc034fb6
005071,8,0,0,0,265863,0x8037d636dc034fb6
005071,9,0,0,0,265863,0x8037d636dc034fb6
005071,10,0,0,0,265863,0x8037d636dc034fb6
005071,11,0,0,0,265863,0x8037d636dc034fb6
005071,12,0,0,0,265863,0x8037d636dc034fb6
005071,13,0,0,0,265863,0x8037d636dc034fb6
005071,14,0,0,0,265863,0x8037d636dc034fb6
005071,15,0,0,0,265863,0x8037d636dc034fb6
005071,16,0,0,0,265863,0x8037d636dc034fb6
005071,17,0,0,0,265863,0x8037d636dc034fb6
005071,18,0,0,0,265863,0x8037d636dc034fb6
005071,19,0,0,0,265863,0x8037d636dc034fb6
005071,20,0,0,0,265863,0x8037d636dc034fb6
005071,21,0,0,0,265863,0x8037d636dc034fb6
005071,22,0,0,0,265863,0x8037d636dc034fb6
005071,23,0,0,0,265863,0x8037d636dc034fb6
005071,24,0,0,0,265863,0x8037d636dc034fb6
005071,25,0,0,0,265863,0x8037d636dc034fb6
005071,26,0,0,0,265863,0x8037d636dc034fb6
005071,27,0,0,0,265863,0x8037d636dc034fb6
005071,28,0,0,0,265863,0x8037d636dc034fb6
005071,29,0,0,0,265863,0x8037d636dc034fb6
005071,30,0,0,0,265863,0x8037d636dc034fb6
005071,31,0,0,0,265863,0x8037d636dc034fb6
005071,0,0,0,0,265865,0x1b4ad703cb48e4f8
005071,1,0,0,0,265865,0x1b4ad703cb48e4f8
005071,2,0,0,0,265865,0x1b4ad703cb48e4f8
005071,3,0,0,0,265865,0x1b4ad703cb48e4f8
005071,4,0,0,0,265865,0x1b4ad703cb48e4f8
005071,5,0,0,0,265865,0x1b4ad703cb48e4f8
005071,6,0,0,0,265865,0x1b4ad703cb48e4f8
005071,7,0,0,0,265865,0x1b4ad703cb48e4f8
005071,8,0,0,0,265865,0x1b4ad703cb48e4f8
005071,9,0,0,0,265865,0x1b4ad703cb48e4f8
005071,10,0,0,0,265865,0x1b4ad703cb48e4f8
005071,11,0,0,0,265865,0x1b4ad703cb48e4f8
005071,12,0,0,0,265865,0x1b4ad703cb48e4f8
005071,13,0,0,0,265865,0x1b4ad703cb48e4f8
005071,14,0,0,0,265865,0x1b4ad703cb48e4f8
005071,15,0,0,0,265865,0x1b4ad703cb48e4f8
005071,16,0,0,0,265865,0x1b4ad703cb48e4f8
005071,17,0,0,0,265865,0x1b4ad703cb48e4f8
005071,18,0,0,0,265865,0x1b4ad703cb48e4f8
005071,19,0,0,0,265865,0x1b4ad703cb48e4f8
005071,20,0,0,0,265865,0x1b4ad703cb48e4f8
005071,21,0,0,0,265865,0x1b4ad703cb48e4f8
005071,22,0,0,0,265865,0x1b4ad703cb48e4f8
005071,23,0,0,0,265865,0x1b4ad703cb48e4f8
005071,24,0,0,0,265865,0x1b4ad703cb48e4f8
005071,25,0,0,0,265865,0x1b4ad703cb48e4f8
005071,26,0,0,0,265865,0x1b4ad703cb48e4f8
005071,27,0,0,0,265865,0x1b4ad703cb48e4f8
005071,28,0,0,0,265865,0x1b4ad703cb48e4f8
005071,29,0,0,0,265865,0x1b4ad703cb48e4f8
005071,30,0,0,0,265865,0x1b4ad703cb48e4f8
005071,31,0,0,0,265865,0x1b4ad703cb48e4f8
005071,0,51,55,54,265866,0xe7d12636594460c0
005071,1,54,55,59,265866,0xe7d12636594460c0
005071,2,52,55,54,265866,0xe7d12636594460c0
005071,3,52,55,53,265866,0xe7d12636594460c0
005071,4,51,55,54,265866,0xe7d12636594460c0
005071,5,54,55,59,265866,0xe7d12636594460c0
005071,6,52,55,54,265866,0xe7d12636594460c0
005071,7,52,55,53,265866,0xe7d12636594460c0
005071,0,55,54,53,265865,0xe7d12636594460c0
005071,0,54,53,52,265864,0xe7d12636594460c0
005071,1,52,53,54,265864,0xe7d12636594460c0
005071,2,49,53,52,265864,0xe7d12636594460c0
005071,3,55,53,57,265864,0xe7d12636594460c0
005071,4,54,53,52,265864,0xe7d12636594460c0
005071,5,52,53,54,265864,0xe7d12636594460c0
005071,6,49,53,52,265864,0xe7d12636594460c0
005071,7,55,53,57,265864,0xe7d12636594460c0
005071,1,53,54,55,265865,0xe7d12636594460c0
005071,2,55,54,58,265865,0xe7d12636594460c0
005071,3,50,54,52,265865,0xe7d12636594460c0
005071,4,55,54,53,265865,0xe7d12636594460c0
005071,5,53,54,55,265865,0xe7d12636594460c0
005071,6,55,54,58,265865,0xe7d12636594460c0
005071,7,50,54,52,265865,0xe7d12636594460c0
005071,0,53,52,56,265863,0xe7d12636594460c0
005071,1,48,52,53,265863,0xe7d12636594460c0
005071,2,53,52,55,265863,0xe7d12636594460c0
005071,3,54,52,55,265863,0xe7d12636594460c0
005071,4,53,52,56,265863,0xe7d12636594460c0
005071,5,48,52,53,265863,0xe7d12636594460c0
005071,6,53,52,55,265863,0xe7d12636594460c0
005071,7,54,52,55,265863,0xe7d12636594460c0
005071,0,0,0,0,265865,0x65cd32271b148681
005071,1,0,0,0,265865,0x65cd32271b148681
005071,2,0,0,0,265865,0x65cd32271b148681
005071,3,0,0,0,265865,0x65cd32271b148681
005071,4,0,0,0,265865,0x65cd32271b148681
005071,5,0,0,0,265865,0x65cd32271b148681
005071,6,0,0,0,265865,0x65cd32271b148681
005071,7,0,0,0,265865,0x65cd32271b148681
005071,8,0,0,0,265865,0x65cd32271b148681
005071,9,0,0,0,265865,0x65cd32271b148681
005071,10,0,0,0,265865,0x65cd32271b148681
005071,11,0,0,0,265865,0x65cd32271b148681
005071,12,0,0,0,265865,0x65cd32271b148681
005071,13,0,0,0,265865,0x65cd32271b148681
005071,14,0,0,0,265865,0x65cd32271b148681
005071,15,0,0,0,265865,0x65cd32271b148681
005071,16,0,0,0,265865,0x65cd32271b148681
005071,17,0,0,0,265865,0x65cd32271b148681
005071,18,0,0,0,265865,0x65cd32271b148681
005071,19,0,0,0,265865,0x65cd32271b148681
005071,20,0,0,0,265865,0x65cd32271b148681
005071,21,0,0,0,265865,0x65cd32271b148681
005071,22,0,0,0,265865,0x65cd32271b148681
005071,23,0,0,0,265865,0x65cd32271b148681
005071,24,0,0,0,265865,0x65cd32271b148681
005071,25,0,0,0,265865,0x65cd32271b148681
005071,26,0,0,0,265865,0x65cd32271b148681
005071,27,0,0,0,265865,0x65cd32271b148681
005071,28,0,0,0,265865,0x65cd32271b148681
005071,29,0,0,0,265865,0x65cd32271b148681
005071,30,0,0,0,265865,0x65cd32271b148681
005071,31,0,0,0,265865,0x65cd32271b148681
005071,0,0,0,0,265866,0x7a5bc335c0d90e5a
005071,1,0,0,0,265866,0x7a5bc335c0d90e5a
005071,2,0,0,0,265866,0x7a5bc335c0d90e5a
005071,3,0,0,0,265866,0x7a5bc335c0d90e5a
005071,4,0,0,0,265866,0x7a5bc335c0d90e5a
005071,5,0,0,0,265866,0x7a5bc335c0d90e5a
005071,6,0,0,0,265866,0x7a5bc335c0d90e5a
005071,7,0,0,0,265866,0x7a5bc335c0d90e5a
005071,8,0,0,0,265866,0x7a5bc335c0d90e5a
005071,9,0,0,0,265866,0x7a5bc335c0d90e5a
005071,10,0,0,0,265866,0x7a5bc335c0d90e5a
005071,11,0,0,0,265866,0x7a5bc335c0d90e5a
005071,12,0,0,0,265866,0x7a5bc335c0d90e5a
005071,13,0,0,0,265866,0x7a5bc335c0d90e5a
005071,14,0,0,0,265866,0x7a5bc335c0d90e5a
005071,15,0,0,0,265866,0x7a5bc335c0d90e5a
005071,16,0,0,0,265866,0x7a5bc335c0d90e5a
005071,17,0,0,0,265866,0x7a5bc335c0d90e5a
005071,18,0,0,0,265866,0x7a5bc335c0d90e5a
005071,19,0,0,0,265866,0x7a5bc335c0d90e5a
005071,20,0,0,0,265866,0x7a5bc335c0d90e5a
005071,21,0,0,0,265866,0x7a5bc335c0d90e5a
005071,22,0,0,0,265866,0x7a5bc335c0d90e5a
005071,23,0,0,0,265866,0x7a5bc335c0d90e5a
005071,24,0,0,0,265866,0x7a5bc335c0d90e5a
005071,25,0,0,0,265866,0x7a5bc335c0d90e5a
005071,26,0,0,0,265866,0x7a5bc335c0d90e5a
005071,27,0,0,0,265866,0x7a5bc335c0d90e5a
005071,28,0,0,0,265866,0x7a5bc335c0d90e5a
005071,29,0,0,0,265866,0x7a5bc335c0d90e5a
005071,30,0,0,0,265866,0x7a5bc335c0d90e5a
005071,31,0,0,0,265866,0x7a5bc335c0d90e5a
005071,0,0,0,0,265863,0x2ade3ec9a4c82b76
005071,1,0,0,0,265863,0x2ade3ec9a4c82b76
005071,2,0,0,0,265863,0x2ade3ec9a4c82b76
005071,3,0,0,0,265863,0x2ade3ec9a4c82b76
005071,4,0,0,0,265863,0x2ade3ec9a4c82b76
005071,5,0,0,0,265863,0x2ade3ec9a4c82b76
005071,6,0,0,0,265863,0x2ade3ec9a4c82b76
005071,7,0,0,0,265863,0x2ade3ec9a4c82b76
005071,8,0,0,0,265863,0x2ade3ec9a4c82b76
005071,9,0,0,0,265863,0x2ade3ec9a4c82b76
005071,10,0,0,0,265863,0x2ade3ec9a4c82b76
005071,11,0,0,0,265863,0x2ade3ec9a4c82b76
005071,12,0,0,0,265863,0x2ade3ec9a4c82b76
005071,13,0,0,0,265863,0x2ade3ec9a4c82b76
005071,14,0,0,0,265863,0x2ade3ec9a4c82b76
005071,15,0,0,0,265863,0x2ade3ec9a4c82b76
005071,16,0,0,0,265863,0x2ade3ec9a4c82b76
005071,17,0,0,0,265863,0x2ade3ec9a4c82b76
005071,18,0,0,0,265863,0x2ade3ec9a4c82b76
005071,19,0,0,0,265863,0x2ade3ec9a4c82b76
005071,20,0,0,0,265863,0x2ade3ec9a4c82b76
005071,21,0,0,0,265863,0x2ade3ec9a4c82b76
005071,22,0,0,0,265863,0x2ade3ec9a4c82b76
005071,23,0,0,0,265863,0x2ade3ec9a4c82b76
005071,24,0,0,0,265863,0x2ade3ec9a4c82b76
005071,25,0,0,0,265863,0x2ade3ec9a4c82b76
005071,26,0,0,0,265863,0x2ade3ec9a4c82b76
005071,27,0,0,0,265863,0x2ade3ec9a4c82b76
005071,28,0,0,0,265863,0x2ade3ec9a4c82b76
005071,29,0,0,0,265863,0x2ade3ec9a4c82b76
005071,30,0,0,0,265863,0x2ade3ec9a4c82b76
005071,31,0,0,0,265863,0x2ade3ec9a4c82b76
005071,0,0,0,0,265864,0x76c8462f38f1c2ef
005071,1,0,0,0,265864,0x76c8462f38f1c2ef
005071,2,0,0,0,265864,0x76c8462f38f1c2ef
005071,3,0,0,0,265864,0x76c8462f38f1c2ef
005071,4,0,0,0,265864,0x76c8462f38f1c2ef
005071,5,0,0,0,265864,0x76c8462f38f1c2ef
005071,6,0,0,0,265864,0x76c8462f38f1c2ef
005071,7,0,0,0,265864,0x76c8462f38f1c2ef
005071,8,0,0,0,265864,0x76c8462f38f1c2ef
005071,9,0,0,0,265864,0x76c8462f38f1c2ef
005071,10,0,0,0,265864,0x76c8462f38f1c2ef
005071,11,0,0,0,265864,0x76c8462f38f1c2ef
005071,12,0,0,0,265864,0x76c8462f38f1c2ef
005071,13,0,0,0,265864,0x76c8462f38f1c2ef
005071,14,0,0,0,265864,0x76c8462f38f1c2ef
005071,15,0,0,0,265864,0x76c8462f38f1c2ef
005071,16,0,0,0,265864,0x76c8462f38f1c2ef
005071,17,0,0,0,265864,0x76c8462f38f1c2ef
005071,18,0,0,0,265864,0x76c8462f38f1c2ef
005071,19,0,0,0,265864,0x76c8462f38f1c2ef
005071,20,0,0,0,265864,0x76c8462f38f1c2ef
005071,21,0,0,0,265864,0x76c8462f38f1c2ef
005071,22,0,0,0,265864,0x76c8462f38f1c2ef
005071,23,0,0,0,265864,0x76c8462f38f1c2ef
005071,24,0,0,0,265864,0x76c8462f38f1c2ef
005071,25,0,0,0,265864,0x76c8462f38f1c2ef
005071,26,0,0,0,265864,0x76c8462f38f1c2ef
005071,27,0,0,0,265864,0x76c8462f38f1c2ef
005071,28,0,0,0,265864,0x76c8462f38f1c2ef
005071,29,0,0,0,265864,0x76c8462f38f1c2ef
005071,30,0,0,0,265864,0x76c8462f38f1c2ef
005071,31,0,0,0,265864,0x76c8462f38f1c2ef
005064,0,25,26,27,220258,0x68397d93bb6f627d
005064,0,26,27,31,220259,0x68397d93bb6f627d
005064,1,27,26,25,220258,0x68397d93bb6f627d
005064,2,22,26,24,220258,0x68397d93bb6f627d
005064,3,27,26,30,220258,0x68397d93bb6f627d
005064,4,25,26,27,220258,0x68397d93bb6f627d
005064,5,27,26,25,220258,0x68397d93bb6f627d
005064,6,22,26,24,220258,0x68397d93bb6f627d
005064,7,27,26,30,220258,0x68397d93bb6f627d
005064,0,24,25,26,220257,0x68397d93bb6f627d
005064,1,23,27,26,220259,0x68397d93bb6f627d
005064,2,24,27,25,220259,0x68397d93bb6f627d
005064,3,24,27,26,220259,0x68397d93bb6f627d
005064,4,26,27,31,220259,0x68397d93bb6f627d
005064,5,23,27,26,220259,0x68397d93bb6f627d
005064,6,24,27,25,220259,0x68397d93bb6f627d
005064,7,24,27,26,220259,0x68397d93bb6f627d
005064,1,26,25,24,220257,0x68397d93bb6f627d
005064,2,27,25,29,220257,0x68397d93bb6f627d
005064,3,21,25,24,220257,0x68397d93bb6f627d
005064,4,24,25,26,220257,0x68397d93bb6f627d
005064,5,26,25,24,220257,0x68397d93bb6f627d
005064,6,27,25,29,220257,0x68397d93bb6f627d
005064,7,21,25,24,220257,0x68397d93bb6f627d
005064,0,20,24,25,220256,0x68397d93bb6f627d
005064,1,25,24,28,220256,0x68397d93bb6f627d
005064,2,26,24,27,220256,0x68397d93bb6f627d
005064,3,25,24,27,220256,0x68397d93bb6f627d
005064,4,20,24,25,220256,0x68397d93bb6f627d
005064,5,25,24,28,220256,0x68397d93bb6f627d
005064,6,26,24,27,220256,0x68397d93bb6f627d
005064,7,25,24,27,220256,0x68397d93bb6f627d
005064,0,0,0,0,220257,0x74d556b19ca81a51
005064,1,0,0,0,220257,0x74d556b19ca81a51
005064,2,0,0,0,220257,0x74d556b19ca81a51
005064,3,0,0,0,220257,0x74d556b19ca81a51
005064,4,0,0,0,220257,0x74d556b19ca81a51
005064,5,0,0,0,220257,0x74d556b19ca81a51
005064,6,0,0,0,220257,0x74d556b19ca81a51
005064,7,0,0,0,220257,0x74d556b19ca81a51
005064,8,0,0,0,220257,0x74d556b19ca81a51
005064,9,0,0,0,220257,0x74d556b19ca81a51
005064,10,0,0,0,220257,0x74d556b19ca81a51
005064,11,0,0,0,220257,0x74d556b19ca81a51
005064,12,0,0,0,220257,0x74d556b19ca81a51
005064,13,0,0,0,220257,0x74d556b19ca81a51
005064,14,0,0,0,220257,0x74d556b19ca81a51
005064,15,0,0,0,220257,0x74d556b19ca81a51
005064,16,0,0,0,220257,0x74d556b19ca81a51
005064,17,0,0,0,220257,0x74d556b19ca81a51
005064,18,0,0,0,220257,0x74d556b19ca81a51
005064,19,0,0,0,220257,0x74d556b19ca81a51
005064,20,0,0,0,220257,0x74d556b19ca81a51
005064,21,0,0,0,220257,0x74d556b19ca81a51
005064,22,0,0,0,220257,0x74d556b19ca81a51
005064,23,0,0,0,220257,0x74d556b19ca81a51
005064,24,0,0,0,220257,0x74d556b19ca81a51
005064,25,0,0,0,220257,0x74d556b19ca81a51
005064,26,0,0,0,220257,0x74d556b19ca81a51
005064,27,0,0,0,220257,0x74d556b19ca81a51
005064,28,0,0,0,220257,0x74d556b19ca81a51
005064,29,0,0,0,220257,0x74d556b19ca81a51
005064,30,0,0,0,220257,0x74d556b19ca81a51
005064,31,0,0,0,220257,0x74d556b19ca81a51
005064,0,0,0,0,220256,0x271a0b26c05a6803
005064,1,0,0,0,220256,0x271a0b26c05a6803
005064,2,0,0,0,220256,0x271a0b26c05a6803
005064,3,0,0,0,220256,0x271a0b26c05a6803
005064,4,0,0,0,220256,0x271a0b26c05a6803
005064,5,0,0,0,220256,0x271a0b26c05a6803
005064,6,0,0,0,220256,0x271a0b26c05a6803
005064,7,0,0,0,220256,0x271a0b26c05a6803
005064,8,0,0,0,220256,0x271a0b26c05a6803
005064,9,0,0,0,220256,0x271a0b26c05a6803
005064,10,0,0,0,220256,0x271a0b26c05a6803
005064,11,0,0,0,220256,0x271a0b26c05a6803
005064,12,0,0,0,220256,0x271a0b26c05a6803
005064,13,0,0,0,220256,0x271a0b26c05a6803
005064,14,0,0,0,220256,0x271a0b26c05a6803
005064,15,0,0,0,220256,0x271a0b26c05a6803
005064,16,0,0,0,220256,0x271a0b26c05a6803
005064,17,0,0,0,220256,0x271a0b26c05a6803
005064,18,0,0,0,220256,0x271a0b26c05a6803
005064,19,0,0,0,220256,0x271a0b26c05a6803
005064,20,0,0,0,220256,0x271a0b26c05a6803
005064,21,0,0,0,220256,0x271a0b26c05a6803
005064,22,0,0,0,220256,0x271a0b26c05a6803
005064,23,0,0,0,220256,0x271a0b26c05a6803
005064,24,0,0,0,220256,0x271a0b26c05a6803
005064,25,0,0,0,220256,0x271a0b26c05a6803
005064,26,0,0,0,220256,0x271a0b26c05a6803
005064,27,0,0,0,220256,0x271a0b26c05a6803
005064,28,0,0,0,220256,0x271a0b26c05a6803
005064,29,0,0,0,220256,0x271a0b26c05a6803
005064,30,0,0,0,220256,0x271a0b26c05a6803
005064,31,0,0,0,220256,0x271a0b26c05a6803
005064,0,0,0,0,220259,0x88e9cc6d2dad4499
005064,1,0,0,0,220259,0x88e9cc6d2dad4499
005064,2,0,0,0,220259,0x88e9cc6d2dad4499
005064,3,0,0,0,220259,0x88e9cc6d2dad4499
005064,4,0,0,0,220259,0x88e9cc6d2dad4499
005064,5,0,0,0,220259,0x88e9cc6d2dad4499
005064,6,0,0,0,220259,0x88e9cc6d2dad4499
005064,7,0,0,0,220259,0x88e9cc6d2dad4499
005064,8,0,0,0,220259,0x88e9cc6d2dad4499
005064,9,0,0,0,220259,0x88e9cc6d2dad4499
005064,10,0,0,0,220259,0x88e9cc6d2dad4499
005064,11,0,0,0,220259,0x88e9cc6d2dad4499
005064,12,0,0,0,220259,0x88e9cc6d2dad4499
005064,13,0,0,0,220259,0x88e9cc6d2dad4499
005064,14,0,0,0,220259,0x88e9cc6d2dad4499
005064,15,0,0,0,220259,0x88e9cc6d2dad4499
005064,16,0,0,0,220259,0x88e9cc6d2dad4499
005064,17,0,0,0,220259,0x88e9cc6d2dad4499
005064,18,0,0,0,220259,0x88e9cc6d2dad4499
005064,19,0,0,0,220259,0x88e9cc6d2dad4499
005064,20,0,0,0,220259,0x88e9cc6d2dad4499
005064,21,0,0,0,220259,0x88e9cc6d2dad4499
005064,22,0,0,0,220259,0x88e9cc6d2dad4499
005064,23,0,0,0,220259,0x88e9cc6d2dad4499
005064,24,0,0,0,220259,0x88e9cc6d2dad4499
005064,25,0,0,0,220259,0x88e9cc6d2dad4499
005064,26,0,0,0,220259,0x88e9cc6d2dad4499
005064,27,0,0,0,220259,0x88e9cc6d2dad4499
005064,28,0,0,0,220259,0x88e9cc6d2dad4499
005064,29,0,0,0,220259,0x88e9cc6d2dad4499
005064,30,0,0,0,220259,0x88e9cc6d2dad4499
005064,31,0,0,0,220259,0x88e9cc6d2dad4499
005064,0,0,0,0,220258,0x98ef8fedaaf85982
005064,1,0,0,0,220258,0x98ef8fedaaf85982
005064,2,0,0,0,220258,0x98ef8fedaaf85982
005064,3,0,0,0,220258,0x98ef8fedaaf85982
005064,4,0,0,0,220258,0x98ef8fedaaf85982
005064,5,0,0,0,220258,0x98ef8fedaaf85982
005064,6,0,0,0,220258,0x98ef8fedaaf85982
005064,7,0,0,0,220258,0x98ef8fedaaf85982
005064,8,0,0,0,220258,0x98ef8fedaaf85982
005064,9,0,0,0,220258,0x98ef8fedaaf85982
005064,10,0,0,0,220258,0x98ef8fedaaf85982
005064,11,0,0,0,220258,0x98ef8fedaaf85982
005064,12,0,0,0,220258,0x98ef8fedaaf85982
005064,13,0,0,0,220258,0x98ef8fedaaf85982
005064,14,0,0,0,220258,0x98ef8fedaaf85982
005064,15,0,0,0,220258,0x98ef8fedaaf85982
005064,16,0,0,0,220258,0x98ef8fedaaf85982
005064,17,0,0,0,220258,0x98ef8fedaaf85982
005064,18,0,0,0,220258,0x98ef8fedaaf85982
005064,19,0,0,0,220258,0x98ef8fedaaf85982
005064,20,0,0,0,220258,0x98ef8fedaaf85982
005064,21,0,0,0,220258,0x98ef8fedaaf85982
005064,22,0,0,0,220258,0x98ef8fedaaf85982
005064,23,0,0,0,220258,0x98ef8fedaaf85982
005064,24,0,0,0,220258,0x98ef8fedaaf85982
005064,25,0,0,0,220258,0x98ef8fedaaf85982
005064,26,0,0,0,220258,0x98ef8fedaaf85982
005064,27,0,0,0,220258,0x98ef8fedaaf85982
005064,28,0,0,0,220258,0x98ef8fedaaf85982
005064,29,0,0,0,220258,0x98ef8fedaaf85982
005064,30,0,0,0,220258,0x98ef8fedaaf85982
005064,31,0,0,0,220258,0x98ef8fedaaf85982
005064,0,26,27,31,220259,0xe7d12636594460c0
005064,1,23,27,26,220259,0xe7d12636594460c0
005064,2,24,27,25,220259,0xe7d12636594460c0
005064,3,24,27,26,220259,0xe7d12636594460c0
005064,4,26,27,31,220259,0xe7d12636594460c0
005064,5,23,27,26,220259,0xe7d12636594460c0
005064,6,24,27,25,220259,0xe7d12636594460c0
005064,7,24,27,26,220259,0xe7d12636594460c0
005064,0,25,26,27,220258,0xe7d12636594460c0
005064,1,27,26,25,220258,0xe7d12636594460c0
005064,0,24,25,26,220257,0xe7d12636594460c0
005064,2,22,26,24,220258,0xe7d12636594460c0
005064,3,27,26,30,220258,0xe7d12636594460c0
005064,4,25,26,27,220258,0xe7d12636594460c0
005064,5,27,26,25,220258,0xe7d12636594460c0
005064,6,22,26,24,220258,0xe7d12636594460c0
005064,7,27,26,30,220258,0xe7d12636594460c0
005064,1,26,25,24,220257,0xe7d12636594460c0
005064,2,27,25,29,220257,0xe7d12636594460c0
005064,3,21,25,24,220257,0xe7d12636594460c0
005064,4,24,25,26,220257,0xe7d12636594460c0
005064,5,26,25,24,220257,0xe7d12636594460c0
005064,6,27,25,29,220257,0xe7d12636594460c0
005064,7,21,25,24,220257,0xe7d12636594460c0
005064,0,20,24,25,220256,0xe7d12636594460c0
005064,1,25,24,28,220256,0xe7d12636594460c0
005064,2,26,24,27,220256,0xe7d12636594460c0
005064,3,25,24,27,220256,0xe7d12636594460c0
005064,4,20,24,25,220256,0xe7d12636594460c0
005064,5,25,24,28,220256,0xe7d12636594460c0
005064,6,26,24,27,220256,0xe7d12636594460c0
005064,7,25,24,27,220256,0xe7d12636594460c0
005064,0,0,0,0,220256,0x4f69ecf5661b169e
005064,1,0,0,0,220256,0x4f69ecf5661b169e
005064,2,0,0,0,220256,0x4f69ecf5661b169e
005064,3,0,0,0,220256,0x4f69ecf5661b169e
005064,4,0,0,0,220256,0x4f69ecf5661b169e
005064,5,0,0,0,220256,0x4f69ecf5661b169e
005064,6,0,0,0,220256,0x4f69ecf5661b169e
005064,7,0,0,0,220256,0x4f69ecf5661b169e
005064,8,0,0,0,220256,0x4f69ecf5661b169e
005064,9,0,0,0,220256,0x4f69ecf5661b169e
005064,10,0,0,0,220256,0x4f69ecf5661b169e
005064,11,0,0,0,220256,0x4f69ecf5661b169e
005064,12,0,0,0,220256,0x4f69ecf5661b169e
005064,13,0,0,0,220256,0x4f69ecf5661b169e
005064,14,0,0,0,220256,0x4f69ecf5661b169e
005064,15,0,0,0,220256,0x4f69ecf5661b169e
005064,16,0,0,0,220256,0x4f69ecf5661b169e
005064,17,0,0,0,220256,0x4f69ecf5661b169e
005064,18,0,0,0,220256,0x4f69ecf5661b169e
005064,19,0,0,0,220256,0x4f69ecf5661b169e
005064,20,0,0,0,220256,0x4f69ecf5661b169e
005064,21,0,0,0,220256,0x4f69ecf5661b169e
005064,22,0,0,0,220256,0x4f69ecf5661b169e
005064,23,0,0,0,220256,0x4f69ecf5661b169e
005064,24,0,0,0,220256,0x4f69ecf5661b169e
005064,25,0,0,0,220256,0x4f69ecf5661b169e
005064,26,0,0,0,220256,0x4f69ecf5661b169e
005064,27,0,0,0,220256,0x4f69ecf5661b169e
005064,28,0,0,0,220256,0x4f69ecf5661b169e
005064,29,0,0,0,220256,0x4f69ecf5661b169e
005064,30,0,0,0,220256,0x4f69ecf5661b169e
005064,31,0,0,0,220256,0x4f69ecf5661b169e
005064,0,0,0,0,220259,0x842f18f7aba584cc
005064,1,0,0,0,220259,0x842f18f7aba584cc
005064,2,0,0,0,220259,0x842f18f7aba584cc
005064,3,0,0,0,220259,0x842f18f7aba584cc
005064,4,0,0,0,220259,0x842f18f7aba584cc
005064,5,0,0,0,220259,0x842f18f7aba584cc
005064,6,0,0,0,220259,0x842f18f7aba584cc
005064,7,0,0,0,220259,0x842f18f7aba584cc
005064,8,0,0,0,220259,0x842f18f7aba584cc
005064,9,0,0,0,220259,0x842f18f7aba584cc
005064,10,0,0,0,220259,0x842f18f7aba584cc
005064,11,0,0,0,220259,0x842f18f7aba584cc
005064,12,0,0,0,220259,0x842f18f7aba584cc
005064,13,0,0,0,220259,0x842f18f7aba584cc
005064,14,0,0,0,220259,0x842f18f7aba584cc
005064,15,0,0,0,220259,0x842f18f7aba584cc
005064,16,0,0,0,220259,0x842f18f7aba584cc
005064,17,0,0,0,220259,0x842f18f7aba584cc
005064,18,0,0,0,220259,0x842f18f7aba584cc
005064,19,0,0,0,220259,0x842f18f7aba584cc
005064,20,0,0,0,220259,0x842f18f7aba584cc
005064,21,0,0,0,220259,0x842f18f7aba584cc
005064,22,0,0,0,220259,0x842f18f7aba584cc
005064,23,0,0,0,220259,0x842f18f7aba584cc
005064,24,0,0,0,220259,0x842f18f7aba584cc
005064,25,0,0,0,220259,0x842f18f7aba584cc
005064,26,0,0,0,220259,0x842f18f7aba584cc
005064,27,0,0,0,220259,0x842f18f7aba584cc
005064,28,0,0,0,220259,0x842f18f7aba584cc
005064,29,0,0,0,220259,0x842f18f7aba584cc
005064,30,0,0,0,220259,0x842f18f7aba584cc
005064,31,0,0,0,220259,0x842f18f7aba584cc
005064,0,0,0,0,220257,0x7902ced11dcc62d3
005064,1,0,0,0,220257,0x7902ced11dcc62d3
005064,2,0,0,0,220257,0x7902ced11dcc62d3
005064,3,0,0,0,220257,0x7902ced11dcc62d3
005064,4,0,0,0,220257,0x7902ced11dcc62d3
005064,5,0,0,0,220257,0x7902ced11dcc62d3
005064,6,0,0,0,220257,0x7902ced11dcc62d3
005064,7,0,0,0,220257,0x7902ced11dcc62d3
005064,8,0,0,0,220257,0x7902ced11dcc62d3
005064,9,0,0,0,220257,0x7902ced11dcc62d3
005064,10,0,0,0,220257,0x7902ced11dcc62d3
005064,11,0,0,0,220257,0x7902ced11dcc62d3
005064,12,0,0,0,220257,0x7902ced11dcc62d3
005064,13,0,0,0,220257,0x7902ced11dcc62d3
005064,14,0,0,0,220257,0x7902ced11dcc62d3
005064,15,0,0,0,220257,0x7902ced11dcc62d3
005064,16,0,0,0,220257,0x7902ced11dcc62d3
005064,17,0,0,0,220257,0x7902ced11dcc62d3
005064,18,0,0,0,220257,0x7902ced11dcc62d3
005064,19,0,0,0,220257,0x7902ced11dcc62d3
005064,20,0,0,0,220257,0x7902ced11dcc62d3
005064,21,0,0,0,220257,0x7902ced11dcc62d3
005064,22,0,0,0,220257,0x7902ced11dcc62d3
005064,23,0,0,0,220257,0x7902ced11dcc62d3
005064,24,0,0,0,220257,0x7902ced11dcc62d3
005064,25,0,0,0,220257,0x7902ced11dcc62d3
005064,26,0,0,0,220257,0x7902ced11dcc62d3
005064,27,0,0,0,220257,0x7902ced11dcc62d3
005064,28,0,0,0,220257,0x7902ced11dcc62d3
005064,29,0,0,0,220257,0x7902ced11dcc62d3
005064,30,0,0,0,220257,0x7902ced11dcc62d3
005064,31,0,0,0,220257,0x7902ced11dcc62d3
005064,0,0,0,0,220258,0x3471b9d3e79e3062
005064,1,0,0,0,220258,0x3471b9d3e79e3062
005064,2,0,0,0,220258,0x3471b9d3e79e3062
005064,3,0,0,0,220258,0x3471b9d3e79e3062
005064,4,0,0,0,220258,0x3471b9d3e79e3062
005064,5,0,0,0,220258,0x3471b9d3e79e3062
005064,6,0,0,0,220258,0x3471b9d3e79e3062
005064,7,0,0,0,220258,0x3471b9d3e79e3062
005064,8,0,0,0,220258,0x3471b9d3e79e3062
005064,9,0,0,0,220258,0x3471b9d3e79e3062
005064,10,0,0,0,220258,0x3471b9d3e79e3062
005064,11,0,0,0,220258,0x3471b9d3e79e3062
005064,12,0,0,0,220258,0x3471b9d3e79e3062
005064,13,0,0,0,220258,0x3471b9d3e79e3062
005064,14,0,0,0,220258,0x3471b9d3e79e3062
005064,15,0,0,0,220258,0x3471b9d3e79e3062
005064,16,0,0,0,220258,0x3471b9d3e79e3062
005064,17,0,0,0,220258,0x3471b9d3e79e3062
005064,18,0,0,0,220258,0x3471b9d3e79e3062
005064,19,0,0,0,220258,0x3471b9d3e79e3062
005064,20,0,0,0,220258,0x3471b9d3e79e3062
005064,21,0,0,0,220258,0x3471b9d3e79e3062
005064,22,0,0,0,220258,0x3471b9d3e79e3062
005064,23,0,0,0,220258,0x3471b9d3e79e3062
005064,24,0,0,0,220258,0x3471b9d3e79e3062
005064,25,0,0,0,220258,0x3471b9d3e79e3062
005064,26,0,0,0,220258,0x3471b9d3e79e3062
005064,27,0,0,0,220258,0x3471b9d3e79e3062
005064,28,0,0,0,220258,0x3471b9d3e79e3062
005064,29,0,0,0,220258,0x3471b9d3e79e3062
005064,30,0,0,0,220258,0x3471b9d3e79e3062
005064,31,0,0,0,220258,0x3471b9d3e79e3062
005098,0,122,123,127,167003,0x68397d93bb6f627d
005098,0,121,122,123,167002,0x68397d93bb6f627d
005098,1,119,123,122,167003,0x68397d93bb6f627d
005098,2,120,123,121,167003,0x68397d93bb6f627d
005098,3,120,123,122,167003,0x68397d93bb6f627d
005098,4,122,123,127,167003,0x68397d93bb6f627d
005098,1,123,122,121,167002,0x68397d93bb6f627d
005098,5,119,123,122,167003,0x68397d93bb6f627d
005098,2,118,122,120,167002,0x68397d93bb6f627d
005098,0,120,121,122,167001,0x68397d93bb6f627d
005098,6,120,123,121,167003,0x68397d93bb6f627d
005098,3,123,122,126,167002,0x68397d93bb6f627d
005098,7,120,123,122,167003,0x68397d93bb6f627d
005098,0,116,120,121,167000,0x68397d93bb6f627d
005098,4,121,122,123,167002,0x68397d93bb6f627d
005098,5,123,122,121,167002,0x68397d93bb6f627d
005098,6,118,122,120,167002,0x68397d93bb6f627d
005098,7,123,122,126,167002,0x68397d93bb6f627d
005098,1,122,121,120,167001,0x68397d93bb6f627d
005098,2,123,121,125,167001,0x68397d93bb6f627d
005098,3,117,121,120,167001,0x68397d93bb6f627d
005098,1,121,120,124,167000,0x68397d93bb6f627d
005098,4,120,121,122,167001,0x68397d93bb6f627d
005098,2,122,120,123,167000,0x68397d93bb6f627d
005098,5,122,121,120,167001,0x68397d93bb6f627d
005098,3,121,120,123,167000,0x68397d93bb6f627d
005098,6,123,121,125,167001,0x68397d93bb6f627d
005098,4,116,120,121,167000,0x68397d93bb6f627d
005098,7,117,121,120,167001,0x68397d93bb6f627d
005098,5,121,120,124,167000,0x68397d93bb6f627d
005098,6,122,120,123,167000,0x68397d93bb6f627d
005098,7,121,120,123,167000,0x68397d93bb6f627d
005098,0,0,0,0,167003,0x141f032fb7d101a4
005098,1,0,0,0,167003,0x141f032fb7d101a4
005098,2,0,0,0,167003,0x141f032fb7d101a4
005098,3,0,0,0,167003,0x141f032fb7d101a4
005098,4,0,0,0,167003,0x141f032fb7d101a4
005098,5,0,0,0,167003,0x141f032fb7d101a4
005098,6,0,0,0,167003,0x141f032fb7d101a4
005098,7,0,0,0,167003,0x141f032fb7d101a4
005098,8,0,0,0,167003,0x141f032fb7d101a4
005098,9,0,0,0,167003,0x141f032fb7d101a4
005098,10,0,0,0,167003,0x141f032fb7d101a4
005098,11,0,0,0,167003,0x141f032fb7d101a4
005098,12,0,0,0,167003,0x141f032fb7d101a4
005098,13,0,0,0,167003,0x141f032fb7d101a4
005098,14,0,0,0,167003,0x141f032fb7d101a4
005098,15,0,0,0,167003,0x141f032fb7d101a4
005098,16,0,0,0,167003,0x141f032fb7d101a4
005098,17,0,0,0,167003,0x141f032fb7d101a4
005098,18,0,0,0,167003,0x141f032fb7d101a4
005098,19,0,0,0,167003,0x141f032fb7d101a4
005098,20,0,0,0,167003,0x141f032fb7d101a4
005098,21,0,0,0,167003,0x141f032fb7d101a4
005098,22,0,0,0,167003,0x141f032fb7d101a4
005098,23,0,0,0,167003,0x141f032fb7d101a4
005098,24,0,0,0,167003,0x141f032fb7d101a4
005098,25,0,0,0,167003,0x141f032fb7d101a4
005098,26,0,0,0,167003,0x141f032fb7d101a4
005098,27,0,0,0,167003,0x141f032fb7d101a4
005098,28,0,0,0,167003,0x141f032fb7d101a4
005098,29,0,0,0,167003,0x141f032fb7d101a4
005098,30,0,0,0,167003,0x141f032fb7d101a4
005098,31,0,0,0,167003,0x141f032fb7d101a4
005098,0,0,0,0,167000,0x841cb4bb52c5b5ee
005098,1,0,0,0,167000,0x841cb4bb52c5b5ee
005098,2,0,0,0,167000,0x841cb4bb52c5b5ee
005098,3,0,0,0,167000,0x841cb4bb52c5b5ee
005098,4,0,0,0,167000,0x841cb4bb52c5b5ee
005098,5,0,0,0,167000,0x841cb4bb52c5b5ee
005098,6,0,0,0,167000,0x841cb4bb52c5b5ee
005098,7,0,0,0,167000,0x841cb4bb52c5b5ee
005098,8,0,0,0,167000,0x841cb4bb52c5b5ee
005098,9,0,0,0,167000,0x841cb4bb52c5b5ee
005098,10,0,0,0,167000,0x841cb4bb52c5b5ee
005098,11,0,0,0,167000,0x841cb4bb52c5b5ee
005098,12,0,0,0,167000,0x841cb4bb52c5b5ee
005098,13,0,0,0,167000,0x841cb4bb52c5b5ee
005098,14,0,0,0,167000,0x841cb4bb52c5b5ee
005098,15,0,0,0,167000,0x841cb4bb52c5b5ee
005098,16,0,0,0,167000,0x841cb4bb52c5b5ee
005098,17,0,0,0,167000,0x841cb4bb52c5b5ee
005098,18,0,0,0,167000,0x841cb4bb52c5b5ee
005098,19,0,0,0,167000,0x841cb4bb52c5b5ee
005098,20,0,0,0,167000,0x841cb4bb52c5b5ee
005098,21,0,0,0,167000,0x841cb4bb52c5b5ee
005098,22,0,0,0,167000,0x841cb4bb52c5b5ee
005098,23,0,0,0,167000,0x841cb4bb52c5b5ee
005098,24,0,0,0,167000,0x841cb4bb52c5b5ee
005098,25,0,0,0,167000,0x841cb4bb52c5b5ee
005098,26,0,0,0,167000,0x841cb4bb52c5b5ee
005098,27,0,0,0,167000,0x841cb4bb52c5b5ee
005098,28,0,0,0,167000,0x841cb4bb52c5b5ee
005098,29,0,0,0,167000,0x841cb4bb52c5b5ee
005098,30,0,0,0,167000,0x841cb4bb52c5b5ee
005098,31,0,0,0,167000,0x841cb4bb52c5b5ee
005098,0,0,0,0,167001,0x2c543618c7ed63a5
005098,1,0,0,0,167001,0x2c543618c7ed63a5
005098,2,0,0,0,167001,0x2c543618c7ed63a5
005098,3,0,0,0,167001,0x2c543618c7ed63a5
005098,4,0,0,0,167001,0x2c543618c7ed63a5
005098,5,0,0,0,167001,0x2c543618c7ed63a5
005098,6,0,0,0,167001,0x2c543618c7ed63a5
005098,7,0,0,0,167001,0x2c543618c7ed63a5
005098,8,0,0,0,167001,0x2c543618c7ed63a5
005098,9,0,0,0,167001,0x2c543618c7ed63a5
005098,10,0,0,0,167001,0x2c543618c7ed63a5
005098,11,0,0,0,167001,0x2c543618c7ed63a5
005098,12,0,0,0,167001,0x2c543618c7ed63a5
005098,13,0,0,0,167001,0x2c543618c7ed63a5
005098,14,0,0,0,167001,0x2c543618c7ed63a5
005098,15,0,0,0,167001,0x2c543618c7ed63a5
005098,16,0,0,0,167001,0x2c543618c7ed63a5
005098,17,0,0,0,167001,0x2c543618c7ed63a5
005098,18,0,0,0,167001,0x2c543618c7ed63a5
005098,19,0,0,0,167001,0x2c543618c7ed63a5
005098,20,0,0,0,167001,0x2c543618c7ed63a5
005098,21,0,0,0,167001,0x2c543618c7ed63a5
005098,22,0,0,0,167001,0x2c543618c7ed63a5
005098,23,0,0,0,167001,0x2c543618c7ed63a5
005098,24,0,0,0,167001,0x2c543618c7ed63a5
005098,25,0,0,0,167001,0x2c543618c7ed63a5
005098,26,0,0,0,167001,0x2c543618c7ed63a5
005098,27,0,0,0,167001,0x2c543618c7ed63a5
005098,28,0,0,0,167001,0x2c543618c7ed63a5
005098,29,0,0,0,167001,0x2c543618c7ed63a5
005098,30,0,0,0,167001,0x2c543618c7ed63a5
005098,31,0,0,0,167001,0x2c543618c7ed63a5
005098,0,0,0,0,167002,0xc5074c61f13e49c0
005098,1,0,0,0,167002,0xc5074c61f13e49c0
005098,2,0,0,0,167002,0xc5074c61f13e49c0
005098,3,0,0,0,167002,0xc5074c61f13e49c0
005098,4,0,0,0,167002,0xc5074c61f13e49c0
005098,5,0,0,0,167002,0xc5074c61f13e49c0
005098,6,0,0,0,167002,0xc5074c61f13e49c0
005098,7,0,0,0,167002,0xc5074c61f13e49c0
005098,8,0,0,0,167002,0xc5074c61f13e49c0
005098,9,0,0,0,167002,0xc5074c61f13e49c0
005098,10,0,0,0,167002,0xc5074c61f13e49c0
005098,11,0,0,0,167002,0xc5074c61f13e49c0
005098,12,0,0,0,167002,0xc5074c61f13e49c0
005098,13,0,0,0,167002,0xc5074c61f13e49c0
005098,14,0,0,0,167002,0xc5074c61f13e49c0
005098,15,0,0,0,167002,0xc5074c61f13e49c0
005098,16,0,0,0,167002,0xc5074c61f13e49c0
005098,17,0,0,0,167002,0xc5074c61f13e49c0
005098,18,0,0,0,167002,0xc5074c61f13e49c0
005098,19,0,0,0,167002,0xc5074c61f13e49c0
005098,20,0,0,0,167002,0xc5074c61f13e49c0
005098,21,0,0,0,167002,0xc5074c61f13e49c0
005098,22,0,0,0,167002,0xc5074c61f13e49c0
005098,23,0,0,0,167002,0xc5074c61f13e49c0
005098,24,0,0,0,167002,0xc5074c61f13e49c0
005098,25,0,0,0,167002,0xc5074c61f13e49c0
005098,26,0,0,0,167002,0xc5074c61f13e49c0
005098,27,0,0,0,167002,0xc5074c61f13e49c0
005098,28,0,0,0,167002,0xc5074c61f13e49c0
005098,29,0,0,0,167002,0xc5074c61f13e49c0
005098,30,0,0,0,167002,0xc5074c61f13e49c0
005098,31,0,0,0,167002,0xc5074c61f13e49c0
005098,0,120,121,122,167001,0xe7d12636594460c0
005098,0,122,123,127,167003,0xe7d12636594460c0
005098,0,121,122,123,167002,0xe7d12636594460c0
005098,1,122,121,120,167001,0xe7d12636594460c0
005098,2,123,121,125,167001,0xe7d12636594460c0
005098,3,117,121,120,167001,0xe7d12636594460c0
005098,0,116,120,121,167000,0xe7d12636594460c0
005098,4,120,121,122,167001,0xe7d12636594460c0
005098,5,122,121,120,167001,0xe7d12636594460c0
005098,6,123,121,125,167001,0xe7d12636594460c0
005098,7,117,121,120,167001,0xe7d12636594460c0
005098,1,123,122,121,167002,0xe7d12636594460c0
005098,2,118,122,120,167002,0xe7d12636594460c0
005098,1,119,123,122,167003,0xe7d12636594460c0
005098,1,121,120,124,167000,0xe7d12636594460c0
005098,3,123,122,126,167002,0xe7d12636594460c0
005098,2,120,123,121,167003,0xe7d12636594460c0
005098,2,122,120,123,167000,0xe7d12636594460c0
005098,3,120,123,122,167003,0xe7d12636594460c0
005098,4,121,122,123,167002,0xe7d12636594460c0
005098,3,121,120,123,167000,0xe7d12636594460c0
005098,4,122,123,127,167003,0xe7d12636594460c0
005098,5,123,122,121,167002,0xe7d12636594460c0
005098,4,116,120,121,167000,0xe7d12636594460c0
005098,5,119,123,122,167003,0xe7d12636594460c0
005098,6,118,122,120,167002,0xe7d12636594460c0
005098,5,121,120,124,167000,0xe7d12636594460c0
005098,7,123,122,126,167002,0xe7d12636594460c0
005098,6,120,123,121,167003,0xe7d12636594460c0
005098,6,122,120,123,167000,0xe7d12636594460c0
005098,7,120,123,122,167003,0xe7d12636594460c0
005098,7,121,120,123,167000,0xe7d12636594460c0
005098,0,0,0,0,167002,0x7618cf5bb7b1d77a
005098,1,0,0,0,167002,0x7618cf5bb7b1d77a
005098,2,0,0,0,167002,0x7618cf5bb7b1d77a
005098,3,0,0,0,167002,0x7618cf5bb7b1d77a
005098,4,0,0,0,167002,0x7618cf5bb7b1d77a
005098,5,0,0,0,167002,0x7618cf5bb7b1d77a
005098,6,0,0,0,167002,0x7618cf5bb7b1d77a
005098,7,0,0,0,167002,0x7618cf5bb7b1d77a
005098,8,0,0,0,167002,0x7618cf5bb7b1d77a
005098,9,0,0,0,167002,0x7618cf5bb7b1d77a
005098,10,0,0,0,167002,0x7618cf5bb7b1d77a
005098,11,0,0,0,167002,0x7618cf5bb7b1d77a
005098,12,0,0,0,167002,0x7618cf5bb7b1d77a
005098,13,0,0,0,167002,0x7618cf5bb7b1d77a
005098,14,0,0,0,167002,0x7618cf5bb7b1d77a
005098,15,0,0,0,167002,0x7618cf5bb7b1d77a
005098,16,0,0,0,167002,0x7618cf5bb7b1d77a
005098,17,0,0,0,167002,0x7618cf5bb7b1d77a
005098,18,0,0,0,167002,0x7618cf5bb7b1d77a
005098,19,0,0,0,167002,0x7618cf5bb7b1d77a
005098,20,0,0,0,167002,0x7618cf5bb7b1d77a
005098,21,0,0,0,167002,0x7618cf5bb7b1d77a
005098,22,0,0,0,167002,0x7618cf5bb7b1d77a
005098,23,0,0,0,167002,0x7618cf5bb7b1d77a
005098,24,0,0,0,167002,0x7618cf5bb7b1d77a
005098,25,0,0,0,167002,0x7618cf5bb7b1d77a
005098,26,0,0,0,167002,0x7618cf5bb7b1d77a
005098,27,0,0,0,167002,0x7618cf5bb7b1d77a
005098,28,0,0,0,167002,0x7618cf5bb7b1d77a
005098,29,0,0,0,167002,0x7618cf5bb7b1d77a
005098,30,0,0,0,167002,0x7618cf5bb7b1d77a
005098,31,0,0,0,167002,0x7618cf5bb7b1d77a
005098,0,0,0,0,167001,0xff4e6e207ba17c12
005098,1,0,0,0,167001,0xff4e6e207ba17c12
005098,2,0,0,0,167001,0xff4e6e207ba17c12
005098,3,0,0,0,167001,0xff4e6e207ba17c12
005098,4,0,0,0,167001,0xff4e6e207ba17c12
005098,5,0,0,0,167001,0xff4e6e207ba17c12
005098,6,0,0,0,167001,0xff4e6e207ba17c12
005098,7,0,0,0,167001,0xff4e6e207ba17c12
005098,8,0,0,0,167001,0xff4e6e207ba17c12
005098,9,0,0,0,167001,0xff4e6e207ba17c12
005098,10,0,0,0,167001,0xff4e6e207ba17c12
005098,11,0,0,0,167001,0xff4e6e207ba17c12
005098,12,0,0,0,167001,0xff4e6e207ba17c12
005098,13,0,0,0,167001,0xff4e6e207ba17c12
005098,14,0,0,0,167001,0xff4e6e207ba17c12
005098,15,0,0,0,167001,0xff4e6e207ba17c12
005098,16,0,0,0,167001,0xff4e6e207ba17c12
005098,17,0,0,0,167001,0xff4e6e207ba17c12
005098,18,0,0,0,167001,0xff4e6e207ba17c12
005098,19,0,0,0,167001,0xff4e6e207ba17c12
005098,20,0,0,0,167001,0xff4e6e207ba17c12
005098,21,0,0,0,167001,0xff4e6e207ba17c12
005098,22,0,0,0,167001,0xff4e6e207ba17c12
005098,23,0,0,0,167001,0xff4e6e207ba17c12
005098,24,0,0,0,167001,0xff4e6e207ba17c12
005098,25,0,0,0,167001,0xff4e6e207ba17c12
005098,26,0,0,0,167001,0xff4e6e207ba17c12
005098,27,0,0,0,167001,0xff4e6e207ba17c12
005098,28,0,0,0,167001,0xff4e6e207ba17c12
005098,29,0,0,0,167001,0xff4e6e207ba17c12
005098,30,0,0,0,167001,0xff4e6e207ba17c12
005098,31,0,0,0,167001,0xff4e6e207ba17c12
005098,0,0,0,0,167000,0xa58ddfd2137df0fb
005098,1,0,0,0,167000,0xa58ddfd2137df0fb
005098,2,0,0,0,167000,0xa58ddfd2137df0fb
005098,3,0,0,0,167000,0xa58ddfd2137df0fb
005098,4,0,0,0,167000,0xa58ddfd2137df0fb
005098,5,0,0,0,167000,0xa58ddfd2137df0fb
005098,6,0,0,0,167000,0xa58ddfd2137df0fb
005098,7,0,0,0,167000,0xa58ddfd2137df0fb
005098,8,0,0,0,167000,0xa58ddfd2137df0fb
005098,9,0,0,0,167000,0xa58ddfd2137df0fb
005098,10,0,0,0,167000,0xa58ddfd2137df0fb
005098,11,0,0,0,167000,0xa58ddfd2137df0fb
005098,12,0,0,0,167000,0xa58ddfd2137df0fb
005098,13,0,0,0,167000,0xa58ddfd2137df0fb
005098,14,0,0,0,167000,0xa58ddfd2137df0fb
005098,15,0,0,0,167000,0xa58ddfd2137df0fb
005098,16,0,0,0,167000,0xa58ddfd2137df0fb
005098,17,0,0,0,167000,0xa58ddfd2137df0fb
005098,18,0,0,0,167000,0xa58ddfd2137df0fb
005098,19,0,0,0,167000,0xa58ddfd2137df0fb
005098,20,0,0,0,167000,0xa58ddfd2137df0fb
005098,21,0,0,0,167000,0xa58ddfd2137df0fb
005098,22,0,0,0,167000,0xa58ddfd2137df0fb
005098,23,0,0,0,167000,0xa58ddfd2137df0fb
005098,24,0,0,0,167000,0xa58ddfd2137df0fb
005098,25,0,0,0,167000,0xa58ddfd2137df0fb
005098,26,0,0,0,167000,0xa58ddfd2137df0fb
005098,27,0,0,0,167000,0xa58ddfd2137df0fb
005098,28,0,0,0,167000,0xa58ddfd2137df0fb
005098,29,0,0,0,167000,0xa58ddfd2137df0fb
005098,30,0,0,0,167000,0xa58ddfd2137df0fb
005098,31,0,0,0,167000,0xa58ddfd2137df0fb
005098,0,0,0,0,167003,0xb68ded10a72ceb4
005098,1,0,0,0,167003,0xb68ded10a72ceb4
005098,2,0,0,0,167003,0xb68ded10a72ceb4
005098,3,0,0,0,167003,0xb68ded10a72ceb4
005098,4,0,0,0,167003,0xb68ded10a72ceb4
005098,5,0,0,0,167003,0xb68ded10a72ceb4
005098,6,0,0,0,167003,0xb68ded10a72ceb4
005098,7,0,0,0,167003,0xb68ded10a72ceb4
005098,8,0,0,0,167003,0xb68ded10a72ceb4
005098,9,0,0,0,167003,0xb68ded10a72ceb4
005098,10,0,0,0,167003,0xb68ded10a72ceb4
005098,11,0,0,0,167003,0xb68ded10a72ceb4
005098,12,0,0,0,167003,0xb68ded10a72ceb4
005098,13,0,0,0,167003,0xb68ded10a72ceb4
005098,14,0,0,0,167003,0xb68ded10a72ceb4
005098,15,0,0,0,167003,0xb68ded10a72ceb4
005098,16,0,0,0,167003,0xb68ded10a72ceb4
005098,17,0,0,0,167003,0xb68ded10a72ceb4
005098,18,0,0,0,167003,0xb68ded10a72ceb4
005098,19,0,0,0,167003,0xb68ded10a72ceb4
005098,20,0,0,0,167003,0xb68ded10a72ceb4
005098,21,0,0,0,167003,0xb68ded10a72ceb4
005098,22,0,0,0,167003,0xb68ded10a72ceb4
005098,23,0,0,0,167003,0xb68ded10a72ceb4
005098,24,0,0,0,167003,0xb68ded10a72ceb4
005098,25,0,0,0,167003,0xb68ded10a72ceb4
005098,26,0,0,0,167003,0xb68ded10a72ceb4
005098,27,0,0,0,167003,0xb68ded10a72ceb4
005098,28,0,0,0,167003,0xb68ded10a72ceb4
005098,29,0,0,0,167003,0xb68ded10a72ceb4
005098,30,0,0,0,167003,0xb68ded10a72ceb4
005098,31,0,0,0,167003,0xb68ded10a72ceb4
005061,0,15,14,13,182285,0x68397d93bb6f627d
005061,0,11,15,14,182286,0x68397d93bb6f627d
005061,1,13,14,15,182285,0x68397d93bb6f627d
005061,2,15,14,18,182285,0x68397d93bb6f627d
005061,3,10,14,12,182285,0x68397d93bb6f627d
005061,4,15,14,13,182285,0x68397d93bb6f627d
005061,5,13,14,15,182285,0x68397d93bb6f627d
005061,6,15,14,18,182285,0x68397d93bb6f627d
005061,7,10,14,12,182285,0x68397d93bb6f627d
005061,1,14,15,19,182286,0x68397d93bb6f627d
005061,2,12,15,14,182286,0x68397d93bb6f627d
005061,3,12,15,13,182286,0x68397d93bb6f627d
005061,4,11,15,14,182286,0x68397d93bb6f627d
005061,5,14,15,19,182286,0x68397d93bb6f627d
005061,6,12,15,14,182286,0x68397d93bb6f627d
005061,7,12,15,13,182286,0x68397d93bb6f627d
005061,0,14,13,12,182284,0x68397d93bb6f627d
005061,1,12,13,14,182284,0x68397d93bb6f627d
005061,2,9,13,12,182284,0x68397d93bb6f627d
005061,3,15,13,17,182284,0x68397d93bb6f627d
005061,4,14,13,12,182284,0x68397d93bb6f627d
005061,5,12,13,14,182284,0x68397d93bb6f627d
005061,6,9,13,12,182284,0x68397d93bb6f627d
005061,7,15,13,17,182284,0x68397d93bb6f627d
005061,0,13,12,16,182283,0x68397d93bb6f627d
005061,1,8,12,13,182283,0x68397d93bb6f627d
005061,2,13,12,15,182283,0x68397d93bb6f627d
005061,3,14,12,15,182283,0x68397d93bb6f627d
005061,4,13,12,16,182283,0x68397d93bb6f627d
005061,5,8,12,13,182283,0x68397d93bb6f627d
005061,6,13,12,15,182283,0x68397d93bb6f627d
005061,7,14,12,15,182283,0x68397d93bb6f627d
005061,0,0,0,0,182285,0x4c375ca1464a1d4
005061,1,0,0,0,182285,0x4c375ca1464a1d4
005061,2,0,0,0,182285,0x4c375ca1464a1d4
005061,3,0,0,0,182285,0x4c375ca1464a1d4
005061,4,0,0,0,182285,0x4c375ca1464a1d4
005061,5,0,0,0,182285,0x4c375ca1464a1d4
005061,6,0,0,0,182285,0x4c375ca1464a1d4
005061,7,0,0,0,182285,0x4c375ca1464a1d4
005061,8,0,0,0,182285,0x4c375ca1464a1d4
005061,9,0,0,0,182285,0x4c375ca1464a1d4
005061,10,0,0,0,182285,0x4c375ca1464a1d4
005061,11,0,0,0,182285,0x4c375ca1464a1d4
005061,12,0,0,0,182285,0x4c375ca1464a1d4
005061,13,0,0,0,182285,0x4c375ca1464a1d4
005061,14,0,0,0,182285,0x4c375ca1464a1d4
005061,15,0,0,0,182285,0x4c375ca1464a1d4
005061,16,0,0,0,182285,0x4c375ca1464a1d4
005061,17,0,0,0,182285,0x4c375ca1464a1d4
005061,18,0,0,0,182285,0x4c375ca1464a1d4
005061,19,0,0,0,182285,0x4c375ca1464a1d4
005061,20,0,0,0,182285,0x4c375ca1464a1d4
005061,21,0,0,0,182285,0x4c375ca1464a1d4
005061,22,0,0,0,182285,0x4c375ca1464a1d4
005061,23,0,0,0,182285,0x4c375ca1464a1d4
005061,24,0,0,0,182285,0x4c375ca1464a1d4
005061,25,0,0,0,182285,0x4c375ca1464a1d4
005061,26,0,0,0,182285,0x4c375ca1464a1d4
005061,27,0,0,0,182285,0x4c375ca1464a1d4
005061,28,0,0,0,182285,0x4c375ca1464a1d4
005061,29,0,0,0,182285,0x4c375ca1464a1d4
005061,30,0,0,0,182285,0x4c375ca1464a1d4
005061,31,0,0,0,182285,0x4c375ca1464a1d4
005061,0,0,0,0,182286,0x3215b742ce3151bc
005061,1,0,0,0,182286,0x3215b742ce3151bc
005061,2,0,0,0,182286,0x3215b742ce3151bc
005061,3,0,0,0,182286,0x3215b742ce3151bc
005061,4,0,0,0,182286,0x3215b742ce3151bc
005061,5,0,0,0,182286,0x3215b742ce3151bc
005061,6,0,0,0,182286,0x3215b742ce3151bc
005061,7,0,0,0,182286,0x3215b742ce3151bc
005061,8,0,0,0,182286,0x3215b742ce3151bc
005061,9,0,0,0,182286,0x3215b742ce3151bc
005061,10,0,0,0,182286,0x3215b742ce3151bc
005061,11,0,0,0,182286,0x3215b742ce3151bc
005061,12,0,0,0,182286,0x3215b742ce3151bc
005061,13,0,0,0,182286,0x3215b742ce3151bc
005061,14,0,0,0,182286,0x3215b742ce3151bc
005061,15,0,0,0,182286,0x3215b742ce3151bc
005061,16,0,0,0,182286,0x3215b742ce3151bc
005061,17,0,0,0,182286,0x3215b742ce3151bc
005061,18,0,0,0,182286,0x3215b742ce3151bc
005061,19,0,0,0,182286,0x3215b742ce3151bc
005061,20,0,0,0,182286,0x3215b742ce3151bc
005061,21,0,0,0,182286,0x3215b742ce3151bc
005061,22,0,0,0,182286,0x3215b742ce3151bc
005061,23,0,0,0,182286,0x3215b742ce3151bc
005061,24,0,0,0,182286,0x3215b742ce3151bc
005061,25,0,0,0,182286,0x3215b742ce3151bc
005061,26,0,0,0,182286,0x3215b742ce3151bc
005061,27,0,0,0,182286,0x3215b742ce3151bc
005061,28,0,0,0,182286,0x3215b742ce3151bc
005061,29,0,0,0,182286,0x3215b742ce3151bc
005061,30,0,0,0,182286,0x3215b742ce3151bc
005061,31,0,0,0,182286,0x3215b742ce3151bc
005061,0,0,0,0,182284,0xeafd675293a702ea
005061,1,0,0,0,182284,0xeafd675293a702ea
005061,2,0,0,0,182284,0xeafd675293a702ea
005061,3,0,0,0,182284,0xeafd675293a702ea
005061,4,0,0,0,182284,0xeafd675293a702ea
005061,5,0,0,0,182284,0xeafd675293a702ea
005061,6,0,0,0,182284,0xeafd675293a702ea
005061,7,0,0,0,182284,0xeafd675293a702ea
005061,8,0,0,0,182284,0xeafd675293a702ea
005061,9,0,0,0,182284,0xeafd675293a702ea
005061,10,0,0,0,182284,0xeafd675293a702ea
005061,11,0,0,0,182284,0xeafd675293a702ea
005061,12,0,0,0,182284,0xeafd675293a702ea
005061,13,0,0,0,182284,0xeafd675293a702ea
005061,14,0,0,0,182284,0xeafd675293a702ea
005061,15,0,0,0,182284,0xeafd675293a702ea
005061,16,0,0,0,182284,0xeafd675293a702ea
005061,17,0,0,0,182284,0xeafd675293a702ea
005061,18,0,0,0,182284,0xeafd675293a702ea
005061,19,0,0,0,182284,0xeafd675293a702ea
005061,20,0,0,0,182284,0xeafd675293a702ea
005061,21,0,0,0,182284,0xeafd675293a702ea
005061,22,0,0,0,182284,0xeafd675293a702ea
005061,23,0,0,0,182284,0xeafd675293a702ea
005061,24,0,0,0,182284,0xeafd675293a702ea
005061,25,0,0,0,182284,0xeafd675293a702ea
005061,26,0,0,0,182284,0xeafd675293a702ea
005061,27,0,0,0,182284,0xeafd675293a702ea
005061,28,0,0,0,182284,0xeafd675293a702ea
005061,29,0,0,0,182284,0xeafd675293a702ea
005061,30,0,0,0,182284,0xeafd675293a702ea
005061,31,0,0,0,182284,0xeafd675293a702ea
005061,0,0,0,0,182283,0xc7e5603a508a9fd7
005061,1,0,0,0,182283,0xc7e5603a508a9fd7
005061,2,0,0,0,182283,0xc7e5603a508a9fd7
005061,3,0,0,0,182283,0xc7e5603a508a9fd7
005061,4,0,0,0,182283,0xc7e5603a508a9fd7
005061,5,0,0,0,182283,0xc7e5603a508a9fd7
005061,6,0,0,0,182283,0xc7e5603a508a9fd7
005061,7,0,0,0,182283,0xc7e5603a508a9fd7
005061,8,0,0,0,182283,0xc7e5603a508a9fd7
005061,9,0,0,0,182283,0xc7e5603a508a9fd7
005061,10,0,0,0,182283,0xc7e5603a508a9fd7
005061,11,0,0,0,182283,0xc7e5603a508a9fd7
005061,12,0,0,0,182283,0xc7e5603a508a9fd7
005061,13,0,0,0,182283,0xc7e5603a508a9fd7
005061,14,0,0,0,182283,0xc7e5603a508a9fd7
005061,15,0,0,0,182283,0xc7e5603a508a9fd7
005061,16,0,0,0,182283,0xc7e5603a508a9fd7
005061,17,0,0,0,182283,0xc7e5603a508a9fd7
005061,18,0,0,0,182283,0xc7e5603a508a9fd7
005061,19,0,0,0,182283,0xc7e5603a508a9fd7
005061,20,0,0,0,182283,0xc7e5603a508a9fd7
005061,21,0,0,0,182283,0xc7e5603a508a9fd7
005061,22,0,0,0,182283,0xc7e5603a508a9fd7
005061,23,0,0,0,182283,0xc7e5603a508a9fd7
005061,24,0,0,0,182283,0xc7e5603a508a9fd7
005061,25,0,0,0,182283,0xc7e5603a508a9fd7
005061,26,0,0,0,182283,0xc7e5603a508a9fd7
005061,27,0,0,0,182283,0xc7e5603a508a9fd7
005061,28,0,0,0,182283,0xc7e5603a508a9fd7
005061,29,0,0,0,182283,0xc7e5603a508a9fd7
005061,30,0,0,0,182283,0xc7e5603a508a9fd7
005061,31,0,0,0,182283,0xc7e5603a508a9fd7
005061,0,11,15,14,182286,0xe7d12636594460c0
005061,1,14,15,19,182286,0xe7d12636594460c0
005061,2,12,15,14,182286,0xe7d12636594460c0
005061,3,12,15,13,182286,0xe7d12636594460c0
005061,4,11,15,14,182286,0xe7d12636594460c0
005061,5,14,15,19,182286,0xe7d12636594460c0
005061,6,12,15,14,182286,0xe7d12636594460c0
005061,7,12,15,13,182286,0xe7d12636594460c0
005061,0,15,14,13,182285,0xe7d12636594460c0
005061,1,13,14,15,182285,0xe7d12636594460c0
005061,2,15,14,18,182285,0xe7d12636594460c0
005061,3,10,14,12,182285,0xe7d12636594460c0
005061,4,15,14,13,182285,0xe7d12636594460c0
005061,5,13,14,15,182285,0xe7d12636594460c0
005061,6,15,14,18,182285,0xe7d12636594460c0
005061,7,10,14,12,182285,0xe7d12636594460c0
005061,0,14,13,12,182284,0xe7d12636594460c0
005061,0,13,12,16,182283,0xe7d12636594460c0
005061,1,12,13,14,182284,0xe7d12636594460c0
005061,2,9,13,12,182284,0xe7d12636594460c0
005061,3,15,13,17,182284,0xe7d12636594460c0
005061,4,14,13,12,182284,0xe7d12636594460c0
005061,5,12,13,14,182284,0xe7d12636594460c0
005061,6,9,13,12,182284,0xe7d12636594460c0
005061,7,15,13,17,182284,0xe7d12636594460c0
005061,1,8,12,13,182283,0xe7d12636594460c0
005061,2,13,12,15,182283,0xe7d12636594460c0
005061,3,14,12,15,182283,0xe7d12636594460c0
005061,4,13,12,16,182283,0xe7d12636594460c0
005061,5,8,12,13,182283,0xe7d12636594460c0
005061,6,13,12,15,182283,0xe7d12636594460c0
005061,7,14,12,15,182283,0xe7d12636594460c0
005061,0,0,0,0,182285,0x785110db574929a9
005061,1,0,0,0,182285,0x785110db574929a9
005061,2,0,0,0,182285,0x785110db574929a9
005061,3,0,0,0,182285,0x785110db574929a9
005061,4,0,0,0,182285,0x785110db574929a9
005061,5,0,0,0,182285,0x785110db574929a9
005061,6,0,0,0,182285,0x785110db574929a9
005061,7,0,0,0,182285,0x785110db574929a9
005061,8,0,0,0,182285,0x785110db574929a9
005061,9,0,0,0,182285,0x785110db574929a9
005061,10,0,0,0,182285,0x785110db574929a9
005061,11,0,0,0,182285,0x785110db574929a9
005061,12,0,0,0,182285,0x785110db574929a9
005061,13,0,0,0,182285,0x785110db574929a9
005061,14,0,0,0,182285,0x785110db574929a9
005061,15,0,0,0,182285,0x785110db574929a9
005061,16,0,0,0,182285,0x785110db574929a9
005061,17,0,0,0,182285,0x785110db574929a9
005061,18,0,0,0,182285,0x785110db574929a9
005061,19,0,0,0,182285,0x785110db574929a9
005061,20,0,0,0,182285,0x785110db574929a9
005061,21,0,0,0,182285,0x785110db574929a9
005061,22,0,0,0,182285,0x785110db574929a9
005061,23,0,0,0,182285,0x785110db574929a9
005061,24,0,0,0,182285,0x785110db574929a9
005061,25,0,0,0,182285,0x785110db574929a9
005061,26,0,0,0,182285,0x785110db574929a9
005061,27,0,0,0,182285,0x785110db574929a9
005061,28,0,0,0,182285,0x785110db574929a9
005061,29,0,0,0,182285,0x785110db574929a9
005061,30,0,0,0,182285,0x785110db574929a9
005061,31,0,0,0,182285,0x785110db574929a9
005061,0,0,0,0,182283,0x406be5c96c8c150d
005061,1,0,0,0,182283,0x406be5c96c8c150d
005061,2,0,0,0,182283,0x406be5c96c8c150d
005061,3,0,0,0,182283,0x406be5c96c8c150d
005061,4,0,0,0,182283,0x406be5c96c8c150d
005061,5,0,0,0,182283,0x406be5c96c8c150d
005061,6,0,0,0,182283,0x406be5c96c8c150d
005061,7,0,0,0,182283,0x406be5c96c8c150d
005061,8,0,0,0,182283,0x406be5c96c8c150d
005061,9,0,0,0,182283,0x406be5c96c8c150d
005061,10,0,0,0,182283,0x406be5c96c8c150d
005061,11,0,0,0,182283,0x406be5c96c8c150d
005061,12,0,0,0,182283,0x406be5c96c8c150d
005061,13,0,0,0,182283,0x406be5c96c8c150d
005061,14,0,0,0,182283,0x406be5c96c8c150d
005061,15,0,0,0,182283,0x406be5c96c8c150d
005061,16,0,0,0,182283,0x406be5c96c8c150d
005061,17,0,0,0,182283,0x406be5c96c8c150d
005061,18,0,0,0,182283,0x406be5c96c8c150d
005061,19,0,0,0,182283,0x406be5c96c8c150d
005061,20,0,0,0,182283,0x406be5c96c8c150d
005061,21,0,0,0,182283,0x406be5c96c8c150d
005061,22,0,0,0,182283,0x406be5c96c8c150d
005061,23,0,0,0,182283,0x406be5c96c8c150d
005061,24,0,0,0,182283,0x406be5c96c8c150d
005061,25,0,0,0,182283,0x406be5c96c8c150d
005061,26,0,0,0,182283,0x406be5c96c8c150d
005061,27,0,0,0,182283,0x406be5c96c8c150d
005061,28,0,0,0,182283,0x406be5c96c8c150d
005061,29,0,0,0,182283,0x406be5c96c8c150d
005061,30,0,0,0,182283,0x406be5c96c8c150d
005061,31,0,0,0,182283,0x406be5c96c8c150d
005061,0,0,0,0,182284,0xa0ef20fa093b200c
005061,1,0,0,0,182284,0xa0ef20fa093b200c
005061,2,0,0,0,182284,0xa0ef20fa093b200c
005061,3,0,0,0,182284,0xa0ef20fa093b200c
005061,4,0,0,0,182284,0xa0ef20fa093b200c
005061,5,0,0,0,182284,0xa0ef20fa093b200c
005061,6,0,0,0,182284,0xa0ef20fa093b200c
005061,7,0,0,0,182284,0xa0ef20fa093b200c
005061,8,0,0,0,182284,0xa0ef20fa093b200c
005061,9,0,0,0,182284,0xa0ef20fa093b200c
005061,10,0,0,0,182284,0xa0ef20fa093b200c
005061,11,0,0,0,182284,0xa0ef20fa093b200c
005061,12,0,0,0,182284,0xa0ef20fa093b200c
005061,13,0,0,0,182284,0xa0ef20fa093b200c
005061,14,0,0,0,182284,0xa0ef20fa093b200c
005061,15,0,0,0,182284,0xa0ef20fa093b200c
005061,16,0,0,0,182284,0xa0ef20fa093b200c
005061,17,0,0,0,182284,0xa0ef20fa093b200c
005061,18,0,0,0,182284,0xa0ef20fa093b200c
005061,19,0,0,0,182284,0xa0ef20fa093b200c
005061,20,0,0,0,182284,0xa0ef20fa093b200c
005061,21,0,0,0,182284,0xa0ef20fa093b200c
005061,22,0,0,0,182284,0xa0ef20fa093b200c
005061,23,0,0,0,182284,0xa0ef20fa093b200c
005061,24,0,0,0,182284,0xa0ef20fa093b200c
005061,25,0,0,0,182284,0xa0ef20fa093b200c
005061,26,0,0,0,182284,0xa0ef20fa093b200c
005061,27,0,0,0,182284,0xa0ef20fa093b200c
005061,28,0,0,0,182284,0xa0ef20fa093b200c
005061,29,0,0,0,182284,0xa0ef20fa093b200c
005061,30,0,0,0,182284,0xa0ef20fa093b200c
005061,31,0,0,0,182284,0xa0ef20fa093b200c
005061,0,0,0,0,182286,0x9f2671b212895e44
005061,1,0,0,0,182286,0x9f2671b212895e44
005061,2,0,0,0,182286,0x9f2671b212895e44
005061,3,0,0,0,182286,0x9f2671b212895e44
005061,4,0,0,0,182286,0x9f2671b212895e44
005061,5,0,0,0,182286,0x9f2671b212895e44
005061,6,0,0,0,182286,0x9f2671b212895e44
005061,7,0,0,0,182286,0x9f2671b212895e44
005061,8,0,0,0,182286,0x9f2671b212895e44
005061,9,0,0,0,182286,0x9f2671b212895e44
005061,10,0,0,0,182286,0x9f2671b212895e44
005061,11,0,0,0,182286,0x9f2671b212895e44
005061,12,0,0,0,182286,0x9f2671b212895e44
005061,13,0,0,0,182286,0x9f2671b212895e44
005061,14,0,0,0,182286,0x9f2671b212895e44
005061,15,0,0,0,182286,0x9f2671b212895e44
005061,16,0,0,0,182286,0x9f2671b212895e44
005061,17,0,0,0,182286,0x9f2671b212895e44
005061,18,0,0,0,182286,0x9f2671b212895e44
005061,19,0,0,0,182286,0x9f2671b212895e44
005061,20,0,0,0,182286,0x9f2671b212895e44
005061,21,0,0,0,182286,0x9f2671b212895e44
005061,22,0,0,0,182286,0x9f2671b212895e44
005061,23,0,0,0,182286,0x9f2671b212895e44
005061,24,0,0,0,182286,0x9f2671b212895e44
005061,25,0,0,0,182286,0x9f2671b212895e44
005061,26,0,0,0,182286,0x9f2671b212895e44
005061,27,0,0,0,182286,0x9f2671b212895e44
005061,28,0,0,0,182286,0x9f2671b212895e44
005061,29,0,0,0,182286,0x9f2671b212895e44
005061,30,0,0,0,182286,0x9f2671b212895e44
005061,31,0,0,0,182286,0x9f2671b212895e44
005066,0,32,33,34,101872,0x68397d93bb6f627d
005066,0,33,34,35,101873,0x68397d93bb6f627d
005066,0,34,35,39,101874,0x68397d93bb6f627d
005066,1,34,33,32,101872,0x68397d93bb6f627d
005066,2,35,33,37,101872,0x68397d93bb6f627d
005066,3,29,33,32,101872,0x68397d93bb6f627d
005066,4,32,33,34,101872,0x68397d93bb6f627d
005066,5,34,33,32,101872,0x68397d93bb6f627d
005066,1,35,34,33,101873,0x68397d93bb6f627d
005066,6,35,33,37,101872,0x68397d93bb6f627d
005066,2,30,34,32,101873,0x68397d93bb6f627d
005066,7,29,33,32,101872,0x68397d93bb6f627d
005066,3,35,34,38,101873,0x68397d93bb6f627d
005066,4,33,34,35,101873,0x68397d93bb6f627d
005066,5,35,34,33,101873,0x68397d93bb6f627d
005066,6,30,34,32,101873,0x68397d93bb6f627d
005066,7,35,34,38,101873,0x68397d93bb6f627d
005066,1,31,35,34,101874,0x68397d93bb6f627d
005066,2,32,35,33,101874,0x68397d93bb6f627d
005066,3,32,35,34,101874,0x68397d93bb6f627d
005066,4,34,35,39,101874,0x68397d93bb6f627d
005066,5,31,35,34,101874,0x68397d93bb6f627d
005066,6,32,35,33,101874,0x68397d93bb6f627d
005066,7,32,35,34,101874,0x68397d93bb6f627d
005066,0,28,32,33,101871,0x68397d93bb6f627d
005066,1,33,32,36,101871,0x68397d93bb6f627d
005066,2,34,32,35,101871,0x68397d93bb6f627d
005066,3,33,32,35,101871,0x68397d93bb6f627d
005066,4,28,32,33,101871,0x68397d93bb6f627d
005066,5,33,32,36,101871,0x68397d93bb6f627d
005066,6,34,32,35,101871,0x68397d93bb6f627d
005066,7,33,32,35,101871,0x68397d93bb6f627d
005066,0,0,0,0,101871,0xe5e17b63e63cb70
005066,1,0,0,0,101871,0xe5e17b63e63cb70
005066,2,0,0,0,101871,0xe5e17b63e63cb70
005066,3,0,0,0,101871,0xe5e17b63e63cb70
005066,4,0,0,0,101871,0xe5e17b63e63cb70
005066,5,0,0,0,101871,0xe5e17b63e63cb70
005066,6,0,0,0,101871,0xe5e17b63e63cb70
005066,7,0,0,0,101871,0xe5e17b63e63cb70
005066,8,0,0,0,101871,0xe5e17b63e63cb70
005066,9,0,0,0,101871,0xe5e17b63e63cb70
005066,10,0,0,0,101871,0xe5e17b63e63cb70
005066,11,0,0,0,101871,0xe5e17b63e63cb70
005066,12,0,0,0,101871,0xe5e17b63e63cb70
005066,13,0,0,0,101871,0xe5e17b63e63cb70
005066,14,0,0,0,101871,0xe5e17b63e63cb70
005066,15,0,0,0,101871,0xe5e17b63e63cb70
005066,16,0,0,0,101871,0xe5e17b63e63cb70
005066,17,0,0,0,101871,0xe5e17b63e63cb70
005066,18,0,0,0,101871,0xe5e17b63e63cb70
005066,19,0,0,0,101871,0xe5e17b63e63cb70
005066,20,0,0,0,101871,0xe5e17b63e63cb70
005066,21,0,0,0,101871,0xe5e17b63e63cb70
005066,22,0,0,0,101871,0xe5e17b63e63cb70
005066,23,0,0,0,101871,0xe5e17b63e63cb70
005066,24,0,0,0,101871,0xe5e17b63e63cb70
005066,25,0,0,0,101871,0xe5e17b63e63cb70
005066,26,0,0,0,101871,0xe5e17b63e63cb70
005066,27,0,0,0,101871,0xe5e17b63e63cb70
005066,28,0,0,0,101871,0xe5e17b63e63cb70
005066,29,0,0,0,101871,0xe5e17b63e63cb70
005066,30,0,0,0,101871,0xe5e17b63e63cb70
005066,31,0,0,0,101871,0xe5e17b63e63cb70
005066,0,0,0,0,101874,0xcb0c41b80fa29fb9
005066,1,0,0,0,101874,0xcb0c41b80fa29fb9
005066,2,0,0,0,101874,0xcb0c41b80fa29fb9
005066,3,0,0,0,101874,0xcb0c41b80fa29fb9
005066,4,0,0,0,101874,0xcb0c41b80fa29fb9
005066,5,0,0,0,101874,0xcb0c41b80fa29fb9
005066,6,0,0,0,101874,0xcb0c41b80fa29fb9
005066,7,0,0,0,101874,0xcb0c41b80fa29fb9
005066,8,0,0,0,101874,0xcb0c41b80fa29fb9
005066,9,0,0,0,101874,0xcb0c41b80fa29fb9
005066,10,0,0,0,101874,0xcb0c41b80fa29fb9
005066,11,0,0,0,101874,0xcb0c41b80fa29fb9
005066,12,0,0,0,101874,0xcb0c41b80fa29fb9
005066,13,0,0,0,101874,0xcb0c41b80fa29fb9
005066,14,0,0,0,101874,0xcb0c41b80fa29fb9
005066,15,0,0,0,101874,0xcb0c41b80fa29fb9
005066,16,0,0,0,101874,0xcb0c41b80fa29fb9
005066,17,0,0,0,101874,0xcb0c41b80fa29fb9
005066,18,0,0,0,101874,0xcb0c41b80fa29fb9
005066,19,0,0,0,101874,0xcb0c41b80fa29fb9
005066,20,0,0,0,101874,0xcb0c41b80fa29fb9
005066,21,0,0,0,101874,0xcb0c41b80fa29fb9
005066,22,0,0,0,101874,0xcb0c41b80fa29fb9
005066,23,0,0,0,101874,0xcb0c41b80fa29fb9
005066,24,0,0,0,101874,0xcb0c41b80fa29fb9
005066,25,0,0,0,101874,0xcb0c41b80fa29fb9
005066,26,0,0,0,101874,0xcb0c41b80fa29fb9
005066,27,0,0,0,101874,0xcb0c41b80fa29fb9
005066,28,0,0,0,101874,0xcb0c41b80fa29fb9
005066,29,0,0,0,101874,0xcb0c41b80fa29fb9
005066,30,0,0,0,101874,0xcb0c41b80fa29fb9
005066,31,0,0,0,101874,0xcb0c41b80fa29fb9
005066,0,0,0,0,101872,0x69872bad8623e0b6
005066,1,0,0,0,101872,0x69872bad8623e0b6
005066,2,0,0,0,101872,0x69872bad8623e0b6
005066,3,0,0,0,101872,0x69872bad8623e0b6
005066,4,0,0,0,101872,0x69872bad8623e0b6
005066,5,0,0,0,101872,0x69872bad8623e0b6
005066,6,0,0,0,101872,0x69872bad8623e0b6
005066,7,0,0,0,101872,0x69872bad8623e0b6
005066,8,0,0,0,101872,0x69872bad8623e0b6
005066,9,0,0,0,101872,0x69872bad8623e0b6
005066,10,0,0,0,101872,0x69872bad8623e0b6
005066,11,0,0,0,101872,0x69872bad8623e0b6
005066,12,0,0,0,101872,0x69872bad8623e0b6
005066,13,0,0,0,101872,0x69872bad8623e0b6
005066,14,0,0,0,101872,0x69872bad8623e0b6
005066,15,0,0,0,101872,0x69872bad8623e0b6
005066,16,0,0,0,101872,0x69872bad8623e0b6
005066,17,0,0,0,101872,0x69872bad8623e0b6
005066,18,0,0,0,101872,0x69872bad8623e0b6
005066,19,0,0,0,101872,0x69872bad8623e0b6
005066,20,0,0,0,101872,0x69872bad8623e0b6
005066,21,0,0,0,101872,0x69872bad8623e0b6
005066,22,0,0,0,101872,0x69872bad8623e0b6
005066,23,0,0,0,101872,0x69872bad8623e0b6
005066,24,0,0,0,101872,0x69872bad8623e0b6
005066,25,0,0,0,101872,0x69872bad8623e0b6
005066,26,0,0,0,101872,0x69872bad8623e0b6
005066,27,0,0,0,101872,0x69872bad8623e0b6
005066,28,0,0,0,101872,0x69872bad8623e0b6
005066,29,0,0,0,101872,0x69872bad8623e0b6
005066,30,0,0,0,101872,0x69872bad8623e0b6
005066,31,0,0,0,101872,0x69872bad8623e0b6
005066,0,0,0,0,101873,0x9ad9d1db1c5a267f
005066,1,0,0,0,101873,0x9ad9d1db1c5a267f
005066,2,0,0,0,101873,0x9ad9d1db1c5a267f
005066,3,0,0,0,101873,0x9ad9d1db1c5a267f
005066,4,0,0,0,101873,0x9ad9d1db1c5a267f
005066,5,0,0,0,101873,0x9ad9d1db1c5a267f
005066,6,0,0,0,101873,0x9ad9d1db1c5a267f
005066,7,0,0,0,101873,0x9ad9d1db1c5a267f
005066,8,0,0,0,101873,0x9ad9d1db1c5a267f
005066,9,0,0,0,101873,0x9ad9d1db1c5a267f
005066,10,0,0,0,101873,0x9ad9d1db1c5a267f
005066,11,0,0,0,101873,0x9ad9d1db1c5a267f
005066,12,0,0,0,101873,0x9ad9d1db1c5a267f
005066,13,0,0,0,101873,0x9ad9d1db1c5a267f
005066,14,0,0,0,101873,0x9ad9d1db1c5a267f
005066,15,0,0,0,101873,0x9ad9d1db1c5a267f
005066,16,0,0,0,101873,0x9ad9d1db1c5a267f
005066,17,0,0,0,101873,0x9ad9d1db1c5a267f
005066,18,0,0,0,101873,0x9ad9d1db1c5a267f
005066,19,0,0,0,101873,0x9ad9d1db1c5a267f
005066,20,0,0,0,101873,0x9ad9d1db1c5a267f
005066,21,0,0,0,101873,0x9ad9d1db1c5a267f
005066,22,0,0,0,101873,0x9ad9d1db1c5a267f
005066,23,0,0,0,101873,0x9ad9d1db1c5a267f
005066,24,0,0,0,101873,0x9ad9d1db1c5a267f
005066,25,0,0,0,101873,0x9ad9d1db1c5a267f
005066,26,0,0,0,101873,0x9ad9d1db1c5a267f
005066,27,0,0,0,101873,0x9ad9d1db1c5a267f
005066,28,0,0,0,101873,0x9ad9d1db1c5a267f
005066,29,0,0,0,101873,0x9ad9d1db1c5a267f
005066,30,0,0,0,101873,0x9ad9d1db1c5a267f
005066,31,0,0,0,101873,0x9ad9d1db1c5a267f
005066,0,32,33,34,101872,0xe7d12636594460c0
005066,0,34,35,39,101874,0xe7d12636594460c0
005066,0,33,34,35,101873,0xe7d12636594460c0
005066,1,34,33,32,101872,0xe7d12636594460c0
005066,2,35,33,37,101872,0xe7d12636594460c0
005066,3,29,33,32,101872,0xe7d12636594460c0
005066,4,32,33,34,101872,0xe7d12636594460c0
005066,5,34,33,32,101872,0xe7d12636594460c0
005066,1,35,34,33,101873,0xe7d12636594460c0
005066,6,35,33,37,101872,0xe7d12636594460c0
005066,7,29,33,32,101872,0xe7d12636594460c0
005066,1,31,35,34,101874,0xe7d12636594460c0
005066,2,30,34,32,101873,0xe7d12636594460c0
005066,0,28,32,33,101871,0xe7d12636594460c0
005066,3,35,34,38,101873,0xe7d12636594460c0
005066,2,32,35,33,101874,0xe7d12636594460c0
005066,4,33,34,35,101873,0xe7d12636594460c0
005066,3,32,35,34,101874,0xe7d12636594460c0
005066,5,35,34,33,101873,0xe7d12636594460c0
005066,4,34,35,39,101874,0xe7d12636594460c0
005066,6,30,34,32,101873,0xe7d12636594460c0
005066,5,31,35,34,101874,0xe7d12636594460c0
005066,7,35,34,38,101873,0xe7d12636594460c0
005066,6,32,35,33,101874,0xe7d12636594460c0
005066,7,32,35,34,101874,0xe7d12636594460c0
005066,1,33,32,36,101871,0xe7d12636594460c0
005066,2,34,32,35,101871,0xe7d12636594460c0
005066,3,33,32,35,101871,0xe7d12636594460c0
005066,4,28,32,33,101871,0xe7d12636594460c0
005066,5,33,32,36,101871,0xe7d12636594460c0
005066,6,34,32,35,101871,0xe7d12636594460c0
005066,7,33,32,35,101871,0xe7d12636594460c0
005066,0,0,0,0,101874,0x3cb8ae201c1a5d9a
005066,1,0,0,0,101874,0x3cb8ae201c1a5d9a
005066,2,0,0,0,101874,0x3cb8ae201c1a5d9a
005066,3,0,0,0,101874,0x3cb8ae201c1a5d9a
005066,4,0,0,0,101874,0x3cb8ae201c1a5d9a
005066,5,0,0,0,101874,0x3cb8ae201c1a5d9a
005066,6,0,0,0,101874,0x3cb8ae201c1a5d9a
005066,7,0,0,0,101874,0x3cb8ae201c1a5d9a
005066,8,0,0,0,101874,0x3cb8ae201c1a5d9a
005066,9,0,0,0,101874,0x3cb8ae201c1a5d9a
005066,10,0,0,0,101874,0x3cb8ae201c1a5d9a
005066,11,0,0,0,101874,0x3cb8ae201c1a5d9a
005066,12,0,0,0,101874,0x3cb8ae201c1a5d9a
005066,13,0,0,0,101874,0x3cb8ae201c1a5d9a
005066,14,0,0,0,101874,0x3cb8ae201c1a5d9a
005066,15,0,0,0,101874,0x3cb8ae201c1a5d9a
005066,16,0,0,0,101874,0x3cb8ae201c1a5d9a
005066,17,0,0,0,101874,0x3cb8ae201c1a5d9a
005066,18,0,0,0,101874,0x3cb8ae201c1a5d9a
005066,19,0,0,0,101874,0x3cb8ae201c1a5d9a
005066,20,0,0,0,101874,0x3cb8ae201c1a5d9a
005066,21,0,0,0,101874,0x3cb8ae201c1a5d9a
005066,22,0,0,0,101874,0x3cb8ae201c1a5d9a
005066,23,0,0,0,101874,0x3cb8ae201c1a5d9a
005066,24,0,0,0,101874,0x3cb8ae201c1a5d9a
005066,25,0,0,0,101874,0x3cb8ae201c1a5d9a
005066,26,0,0,0,101874,0x3cb8ae201c1a5d9a
005066,27,0,0,0,101874,0x3cb8ae201c1a5d9a
005066,28,0,0,0,101874,0x3cb8ae201c1a5d9a
005066,29,0,0,0,101874,0x3cb8ae201c1a5d9a
005066,30,0,0,0,101874,0x3cb8ae201c1a5d9a
005066,31,0,0,0,101874,0x3cb8ae201c1a5d9a
005066,0,0,0,0,101873,0xdfecc61ca0ff0f83
005066,1,0,0,0,101873,0xdfecc61ca0ff0f83
005066,2,0,0,0,101873,0xdfecc61ca0ff0f83
005066,3,0,0,0,101873,0xdfecc61ca0ff0f83
005066,4,0,0,0,101873,0xdfecc61ca0ff0f83
005066,5,0,0,0,101873,0xdfecc61ca0ff0f83
005066,6,0,0,0,101873,0xdfecc61ca0ff0f83
005066,7,0,0,0,101873,0xdfecc61ca0ff0f83
005066,8,0,0,0,101873,0xdfecc61ca0ff0f83
005066,9,0,0,0,101873,0xdfecc61ca0ff0f83
005066,10,0,0,0,101873,0xdfecc61ca0ff0f83
005066,11,0,0,0,101873,0xdfecc61ca0ff0f83
005066,12,0,0,0,101873,0xdfecc61ca0ff0f83
005066,13,0,0,0,101873,0xdfecc61ca0ff0f83
005066,14,0,0,0,101873,0xdfecc61ca0ff0f83
005066,15,0,0,0,101873,0xdfecc61ca0ff0f83
005066,16,0,0,0,101873,0xdfecc61ca0ff0f83
005066,17,0,0,0,101873,0xdfecc61ca0ff0f83
005066,18,0,0,0,101873,0xdfecc61ca0ff0f83
005066,19,0,0,0,101873,0xdfecc61ca0ff0f83
005066,20,0,0,0,101873,0xdfecc61ca0ff0f83
005066,21,0,0,0,101873,0xdfecc61ca0ff0f83
005066,22,0,0,0,101873,0xdfecc61ca0ff0f83
005066,23,0,0,0,101873,0xdfecc61ca0ff0f83
005066,24,0,0,0,101873,0xdfecc61ca0ff0f83
005066,25,0,0,0,101873,0xdfecc61ca0ff0f83
005066,26,0,0,0,101873,0xdfecc61ca0ff0f83
005066,27,0,0,0,101873,0xdfecc61ca0ff0f83
005066,28,0,0,0,101873,0xdfecc61ca0ff0f83
005066,29,0,0,0,101873,0xdfecc61ca0ff0f83
005066,30,0,0,0,101873,0xdfecc61ca0ff0f83
005066,31,0,0,0,101873,0xdfecc61ca0ff0f83
005066,0,0,0,0,101871,0xf64a8b40ed246fe8
005066,1,0,0,0,101871,0xf64a8b40ed246fe8
005066,2,0,0,0,101871,0xf64a8b40ed246fe8
005066,3,0,0,0,101871,0xf64a8b40ed246fe8
005066,4,0,0,0,101871,0xf64a8b40ed246fe8
005066,5,0,0,0,101871,0xf64a8b40ed246fe8
005066,6,0,0,0,101871,0xf64a8b40ed246fe8
005066,7,0,0,0,101871,0xf64a8b40ed246fe8
005066,8,0,0,0,101871,0xf64a8b40ed246fe8
005066,9,0,0,0,101871,0xf64a8b40ed246fe8
005066,10,0,0,0,101871,0xf64a8b40ed246fe8
005066,11,0,0,0,101871,0xf64a8b40ed246fe8
005066,12,0,0,0,101871,0xf64a8b40ed246fe8
005066,13,0,0,0,101871,0xf64a8b40ed246fe8
005066,14,0,0,0,101871,0xf64a8b40ed246fe8
005066,15,0,0,0,101871,0xf64a8b40ed246fe8
005066,16,0,0,0,101871,0xf64a8b40ed246fe8
005066,17,0,0,0,101871,0xf64a8b40ed246fe8
005066,18,0,0,0,101871,0xf64a8b40ed246fe8
005066,19,0,0,0,101871,0xf64a8b40ed246fe8
005066,20,0,0,0,101871,0xf64a8b40ed246fe8
005066,21,0,0,0,101871,0xf64a8b40ed246fe8
005066,22,0,0,0,101871,0xf64a8b40ed246fe8
005066,23,0,0,0,101871,0xf64a8b40ed246fe8
005066,24,0,0,0,101871,0xf64a8b40ed246fe8
005066,25,0,0,0,101871,0xf64a8b40ed246fe8
005066,26,0,0,0,101871,0xf64a8b40ed246fe8
005066,27,0,0,0,101871,0xf64a8b40ed246fe8
005066,28,0,0,0,101871,0xf64a8b40ed246fe8
005066,29,0,0,0,101871,0xf64a8b40ed246fe8
005066,30,0,0,0,101871,0xf64a8b40ed246fe8
005066,31,0,0,0,101871,0xf64a8b40ed246fe8
005066,0,0,0,0,101872,0xb7c5e9f6133cd2f
005066,1,0,0,0,101872,0xb7c5e9f6133cd2f
005066,2,0,0,0,101872,0xb7c5e9f6133cd2f
005066,3,0,0,0,101872,0xb7c5e9f6133cd2f
005066,4,0,0,0,101872,0xb7c5e9f6133cd2f
005066,5,0,0,0,101872,0xb7c5e9f6133cd2f
005066,6,0,0,0,101872,0xb7c5e9f6133cd2f
005066,7,0,0,0,101872,0xb7c5e9f6133cd2f
005066,8,0,0,0,101872,0xb7c5e9f6133cd2f
005066,9,0,0,0,101872,0xb7c5e9f6133cd2f
005066,10,0,0,0,101872,0xb7c5e9f6133cd2f
005066,11,0,0,0,101872,0xb7c5e9f6133cd2f
005066,12,0,0,0,101872,0xb7c5e9f6133cd2f
005066,13,0,0,0,101872,0xb7c5e9f6133cd2f
005066,14,0,0,0,101872,0xb7c5e9f6133cd2f
005066,15,0,0,0,101872,0xb7c5e9f6133cd2f
005066,16,0,0,0,101872,0xb7c5e9f6133cd2f
005066,17,0,0,0,101872,0xb7c5e9f6133cd2f
005066,18,0,0,0,101872,0xb7c5e9f6133cd2f
005066,19,0,0,0,101872,0xb7c5e9f6133cd2f
005066,20,0,0,0,101872,0xb7c5e9f6133cd2f
005066,21,0,0,0,101872,0xb7c5e9f6133cd2f
005066,22,0,0,0,101872,0xb7c5e9f6133cd2f
005066,23,0,0,0,101872,0xb7c5e9f6133cd2f
005066,24,0,0,0,101872,0xb7c5e9f6133cd2f
005066,25,0,0,0,101872,0xb7c5e9f6133cd2f
005066,26,0,0,0,101872,0xb7c5e9f6133cd2f
005066,27,0,0,0,101872,0xb7c5e9f6133cd2f
005066,28,0,0,0,101872,0xb7c5e9f6133cd2f
005066,29,0,0,0,101872,0xb7c5e9f6133cd2f
005066,30,0,0,0,101872,0xb7c5e9f6133cd2f
005066,31,0,0,0,101872,0xb7c5e9f6133cd2f
005080,0,75,79,78,238504,0x68397d93bb6f627d
005080,1,78,79,83,238504,0x68397d93bb6f627d
005080,2,76,79,78,238504,0x68397d93bb6f627d
005080,3,76,79,77,238504,0x68397d93bb6f627d
005080,4,75,79,78,238504,0x68397d93bb6f627d
005080,5,78,79,83,238504,0x68397d93bb6f627d
005080,6,76,79,78,238504,0x68397d93bb6f627d
005080,7,76,79,77,238504,0x68397d93bb6f627d
005080,0,79,78,77,238503,0x68397d93bb6f627d
005080,1,77,78,79,238503,0x68397d93bb6f627d
005080,2,79,78,82,238503,0x68397d93bb6f627d
005080,3,74,78,76,238503,0x68397d93bb6f627d
005080,4,79,78,77,238503,0x68397d93bb6f627d
005080,5,77,78,79,238503,0x68397d93bb6f627d
005080,6,79,78,82,238503,0x68397d93bb6f627d
005080,7,74,78,76,238503,0x68397d93bb6f627d
005080,0,78,77,76,238502,0x68397d93bb6f627d
005080,0,77,76,80,238501,0x68397d93bb6f627d
005080,1,76,77,78,238502,0x68397d93bb6f627d
005080,2,73,77,76,238502,0x68397d93bb6f627d
005080,3,79,77,81,238502,0x68397d93bb6f627d
005080,1,72,76,77,238501,0x68397d93bb6f627d
005080,4,78,77,76,238502,0x68397d93bb6f627d
005080,5,76,77,78,238502,0x68397d93bb6f627d
005080,2,77,76,79,238501,0x68397d93bb6f627d
005080,6,73,77,76,238502,0x68397d93bb6f627d
005080,3,78,76,79,238501,0x68397d93bb6f627d
005080,7,79,77,81,238502,0x68397d93bb6f627d
005080,4,77,76,80,238501,0x68397d93bb6f627d
005080,5,72,76,77,238501,0x68397d93bb6f627d
005080,6,77,76,79,238501,0x68397d93bb6f627d
005080,7,78,76,79,238501,0x68397d93bb6f627d
005080,0,0,0,0,238502,0x2c18a0eceed5c2c4
005080,1,0,0,0,238502,0x2c18a0eceed5c2c4
005080,2,0,0,0,238502,0x2c18a0eceed5c2c4
005080,3,0,0,0,238502,0x2c18a0eceed5c2c4
005080,4,0,0,0,238502,0x2c18a0eceed5c2c4
005080,5,0,0,0,238502,0x2c18a0eceed5c2c4
005080,6,0,0,0,238502,0x2c18a0eceed5c2c4
005080,7,0,0,0,238502,0x2c18a0eceed5c2c4
005080,8,0,0,0,238502,0x2c18a0eceed5c2c4
005080,9,0,0,0,238502,0x2c18a0eceed5c2c4
005080,10,0,0,0,238502,0x2c18a0eceed5c2c4
005080,11,0,0,0,238502,0x2c18a0eceed5c2c4
005080,12,0,0,0,238502,0x2c18a0eceed5c2c4
005080,13,0,0,0,238502,0x2c18a0eceed5c2c4
005080,14,0,0,0,238502,0x2c18a0eceed5c2c4
005080,15,0,0,0,238502,0x2c18a0eceed5c2c4
005080,16,0,0,0,238502,0x2c18a0eceed5c2c4
005080,17,0,0,0,238502,0x2c18a0eceed5c2c4
005080,18,0,0,0,238502,0x2c18a0eceed5c2c4
005080,19,0,0,0,238502,0x2c18a0eceed5c2c4
005080,20,0,0,0,238502,0x2c18a0eceed5c2c4
005080,21,0,0,0,238502,0x2c18a0eceed5c2c4
005080,22,0,0,0,238502,0x2c18a0eceed5c2c4
005080,23,0,0,0,238502,0x2c18a0eceed5c2c4
005080,24,0,0,0,238502,0x2c18a0eceed5c2c4
005080,25,0,0,0,238502,0x2c18a0eceed5c2c4
005080,26,0,0,0,238502,0x2c18a0eceed5c2c4
005080,27,0,0,0,238502,0x2c18a0eceed5c2c4
005080,28,0,0,0,238502,0x2c18a0eceed5c2c4
005080,29,0,0,0,238502,0x2c18a0eceed5c2c4
005080,30,0,0,0,238502,0x2c18a0eceed5c2c4
005080,31,0,0,0,238502,0x2c18a0eceed5c2c4
005080,0,0,0,0,238504,0x80b12d6629a839bd
005080,1,0,0,0,238504,0x80b12d6629a839bd
005080,2,0,0,0,238504,0x80b12d6629a839bd
005080,3,0,0,0,238504,0x80b12d6629a839bd
005080,4,0,0,0,238504,0x80b12d6629a839bd
005080,5,0,0,0,238504,0x80b12d6629a839bd
005080,6,0,0,0,238504,0x80b12d6629a839bd
005080,7,0,0,0,238504,0x80b12d6629a839bd
005080,8,0,0,0,238504,0x80b12d6629a839bd
005080,9,0,0,0,238504,0x80b12d6629a839bd
005080,10,0,0,0,238504,0x80b12d6629a839bd
005080,11,0,0,0,238504,0x80b12d6629a839bd
005080,12,0,0,0,238504,0x80b12d6629a839bd
005080,13,0,0,0,238504,0x80b12d6629a839bd
005080,14,0,0,0,238504,0x80b12d6629a839bd
005080,15,0,0,0,238504,0x80b12d6629a839bd
005080,16,0,0,0,238504,0x80b12d6629a839bd
005080,17,0,0,0,238504,0x80b12d6629a839bd
005080,18,0,0,0,238504,0x80b12d6629a839bd
005080,19,0,0,0,238504,0x80b12d6629a839bd
005080,20,0,0,0,238504,0x80b12d6629a839bd
005080,21,0,0,0,238504,0x80b12d6629a839bd
005080,22,0,0,0,238504,0x80b12d6629a839bd
005080,23,0,0,0,238504,0x80b12d6629a839bd
005080,24,0,0,0,238504,0x80b12d6629a839bd
005080,25,0,0,0,238504,0x80b12d6629a839bd
005080,26,0,0,0,238504,0x80b12d6629a839bd
005080,27,0,0,0,238504,0x80b12d6629a839bd
005080,28,0,0,0,238504,0x80b12d6629a839bd
005080,29,0,0,0,238504,0x80b12d6629a839bd
005080,30,0,0,0,238504,0x80b12d6629a839bd
005080,31,0,0,0,238504,0x80b12d6629a839bd
005080,0,0,0,0,238503,0x9cdc6a1c0b55a2d6
005080,1,0,0,0,238503,0x9cdc6a1c0b55a2d6
005080,2,0,0,0,238503,0x9cdc6a1c0b55a2d6
005080,3,0,0,0,238503,0x9cdc6a1c0b55a2d6
005080,4,0,0,0,238503,0x9cdc6a1c0b55a2d6
005080,5,0,0,0,238503,0x9cdc6a1c0b55a2d6
005080,6,0,0,0,238503,0x9cdc6a1c0b55a2d6
005080,7,0,0,0,238503,0x9cdc6a1c0b55a2d6
005080,8,0,0,0,238503,0x9cdc6a1c0b55a2d6
005080,9,0,0,0,238503,0x9cdc6a1c0b55a2d6
005080,10,0,0,0,238503,0x9cdc6a1c0b55a2d6
005080,11,0,0,0,238503,0x9cdc6a1c0b55a2d6
005080,12,0,0,0,238503,0x9cdc6a1c0b55a2d6
005080,13,0,0,0,238503,0x9cdc6a1c0b55a2d6
005080,14,0,0,0,238503,0x9cdc6a1c0b55a2d6
005080,15,0,0,0,238503,0x9cdc6a1c0b55a2d6
005080,16,0,0,0,238503,0x9cdc6a1c0b55a2d6
005080,17,0,0,0,238503,0x9cdc6a1c0b55a2d6
005080,18,0,0,0,238503,0x9cdc6a1c0b55a2d6
005080,19,0,0,0,238503,0x9cdc6a1c0b55a2d6
005080,20,0,0,0,238503,0x9cdc6a1c0b55a2d6
005080,21,0,0,0,238503,0x9cdc6a1c0b55a2d6
005080,22,0,0,0,238503,0x9cdc6a1c0b55a2d6
005080,23,0,0,0,238503,0x9cdc6a1c0b55a2d6
005080,24,0,0,0,238503,0x9cdc6a1c0b55a2d6
005080,25,0,0,0,238503,0x9cdc6a1c0b55a2d6
005080,26,0,0,0,238503,0x9cdc6a1c0b55a2d6
005080,27,0,0,0,238503,0x9cdc6a1c0b55a2d6
005080,28,0,0,0,238503,0x9cdc6a1c0b55a2d6
005080,29,0,0,0,238503,0x9cdc6a1c0b55a2d6
005080,30,0,0,0,238503,0x9cdc6a1c0b55a2d6
005080,31,0,0,0,238503,0x9cdc6a1c0b55a2d6
005080,0,0,0,0,238501,0x5f6a81adc3270640
005080,1,0,0,0,238501,0x5f6a81adc3270640
005080,2,0,0,0,238501,0x5f6a81adc3270640
005080,3,0,0,0,238501,0x5f6a81adc3270640
005080,4,0,0,0,238501,0x5f6a81adc3270640
005080,5,0,0,0,238501,0x5f6a81adc3270640
005080,6,0,0,0,238501,0x5f6a81adc3270640
005080,7,0,0,0,238501,0x5f6a81adc3270640
005080,8,0,0,0,238501,0x5f6a81adc3270640
005080,9,0,0,0,238501,0x5f6a81adc3270640
005080,10,0,0,0,238501,0x5f6a81adc3270640
005080,11,0,0,0,238501,0x5f6a81adc3270640
005080,12,0,0,0,238501,0x5f6a81adc3270640
005080,13,0,0,0,238501,0x5f6a81adc3270640
005080,14,0,0,0,238501,0x5f6a81adc3270640
005080,15,0,0,0,238501,0x5f6a81adc3270640
005080,16,0,0,0,238501,0x5f6a81adc3270640
005080,17,0,0,0,238501,0x5f6a81adc3270640
005080,18,0,0,0,238501,0x5f6a81adc3270640
005080,19,0,0,0,238501,0x5f6a81adc3270640
005080,20,0,0,0,238501,0x5f6a81adc3270640
005080,21,0,0,0,238501,0x5f6a81adc3270640
005080,22,0,0,0,238501,0x5f6a81adc3270640
005080,23,0,0,0,238501,0x5f6a81adc3270640
005080,24,0,0,0,238501,0x5f6a81adc3270640
005080,25,0,0,0,238501,0x5f6a81adc3270640
005080,26,0,0,0,238501,0x5f6a81adc3270640
005080,27,0,0,0,238501,0x5f6a81adc3270640
005080,28,0,0,0,238501,0x5f6a81adc3270640
005080,29,0,0,0,238501,0x5f6a81adc3270640
005080,30,0,0,0,238501,0x5f6a81adc3270640
005080,31,0,0,0,238501,0x5f6a81adc3270640
005080,0,75,79,78,238504,0xe7d12636594460c0
005080,0,79,78,77,238503,0xe7d12636594460c0
005080,1,77,78,79,238503,0xe7d12636594460c0
005080,1,78,79,83,238504,0xe7d12636594460c0
005080,2,79,78,82,238503,0xe7d12636594460c0
005080,2,76,79,78,238504,0xe7d12636594460c0
005080,3,74,78,76,238503,0xe7d12636594460c0
005080,3,76,79,77,238504,0xe7d12636594460c0
005080,4,79,78,77,238503,0xe7d12636594460c0
005080,4,75,79,78,238504,0xe7d12636594460c0
005080,5,78,79,83,238504,0xe7d12636594460c0
005080,5,77,78,79,238503,0xe7d12636594460c0
005080,6,76,79,78,238504,0xe7d12636594460c0
005080,6,79,78,82,238503,0xe7d12636594460c0
005080,7,76,79,77,238504,0xe7d12636594460c0
005080,7,74,78,76,238503,0xe7d12636594460c0
005080,0,78,77,76,238502,0xe7d12636594460c0
005080,0,77,76,80,238501,0xe7d12636594460c0
005080,1,76,77,78,238502,0xe7d12636594460c0
005080,2,73,77,76,238502,0xe7d12636594460c0
005080,3,79,77,81,238502,0xe7d12636594460c0
005080,4,78,77,76,238502,0xe7d12636594460c0
005080,1,72,76,77,238501,0xe7d12636594460c0
005080,5,76,77,78,238502,0xe7d12636594460c0
005080,2,77,76,79,238501,0xe7d12636594460c0
005080,3,78,76,79,238501,0xe7d12636594460c0
005080,6,73,77,76,238502,0xe7d12636594460c0
005080,7,79,77,81,238502,0xe7d12636594460c0
005080,4,77,76,80,238501,0xe7d12636594460c0
005080,5,72,76,77,238501,0xe7d12636594460c0
005080,6,77,76,79,238501,0xe7d12636594460c0
005080,7,78,76,79,238501,0xe7d12636594460c0
005080,0,0,0,0,238502,0xb73a581a5095322a
005080,1,0,0,0,238502,0xb73a581a5095322a
005080,2,0,0,0,238502,0xb73a581a5095322a
005080,3,0,0,0,238502,0xb73a581a5095322a
005080,4,0,0,0,238502,0xb73a581a5095322a
005080,5,0,0,0,238502,0xb73a581a5095322a
005080,6,0,0,0,238502,0xb73a581a5095322a
005080,7,0,0,0,238502,0xb73a581a5095322a
005080,8,0,0,0,238502,0xb73a581a5095322a
005080,9,0,0,0,238502,0xb73a581a5095322a
005080,10,0,0,0,238502,0xb73a581a5095322a
005080,11,0,0,0,238502,0xb73a581a5095322a
005080,12,0,0,0,238502,0xb73a581a5095322a
005080,13,0,0,0,238502,0xb73a581a5095322a
005080,14,0,0,0,238502,0xb73a581a5095322a
005080,15,0,0,0,238502,0xb73a581a5095322a
005080,16,0,0,0,238502,0xb73a581a5095322a
005080,17,0,0,0,238502,0xb73a581a5095322a
005080,18,0,0,0,238502,0xb73a581a5095322a
005080,19,0,0,0,238502,0xb73a581a5095322a
005080,20,0,0,0,238502,0xb73a581a5095322a
005080,21,0,0,0,238502,0xb73a581a5095322a
005080,22,0,0,0,238502,0xb73a581a5095322a
005080,23,0,0,0,238502,0xb73a581a5095322a
005080,24,0,0,0,238502,0xb73a581a5095322a
005080,25,0,0,0,238502,0xb73a581a5095322a
005080,26,0,0,0,238502,0xb73a581a5095322a
005080,27,0,0,0,238502,0xb73a581a5095322a
005080,28,0,0,0,238502,0xb73a581a5095322a
005080,29,0,0,0,238502,0xb73a581a5095322a
005080,30,0,0,0,238502,0xb73a581a5095322a
005080,31,0,0,0,238502,0xb73a581a5095322a
005080,0,0,0,0,238503,0x4cf9117bcb3b00ac
005080,1,0,0,0,238503,0x4cf9117bcb3b00ac
005080,2,0,0,0,238503,0x4cf9117bcb3b00ac
005080,3,0,0,0,238503,0x4cf9117bcb3b00ac
005080,4,0,0,0,238503,0x4cf9117bcb3b00ac
005080,5,0,0,0,238503,0x4cf9117bcb3b00ac
005080,6,0,0,0,238503,0x4cf9117bcb3b00ac
005080,7,0,0,0,238503,0x4cf9117bcb3b00ac
005080,8,0,0,0,238503,0x4cf9117bcb3b00ac
005080,9,0,0,0,238503,0x4cf9117bcb3b00ac
005080,10,0,0,0,238503,0x4cf9117bcb3b00ac
005080,11,0,0,0,238503,0x4cf9117bcb3b00ac
005080,12,0,0,0,238503,0x4cf9117bcb3b00ac
005080,13,0,0,0,238503,0x4cf9117bcb3b00ac
005080,14,0,0,0,238503,0x4cf9117bcb3b00ac
005080,15,0,0,0,238503,0x4cf9117bcb3b00ac
005080,16,0,0,0,238503,0x4cf9117bcb3b00ac
005080,17,0,0,0,238503,0x4cf9117bcb3b00ac
005080,18,0,0,0,238503,0x4cf9117bcb3b00ac
005080,19,0,0,0,238503,0x4cf9117bcb3b00ac
005080,20,0,0,0,238503,0x4cf9117bcb3b00ac
005080,21,0,0,0,238503,0x4cf9117bcb3b00ac
005080,22,0,0,0,238503,0x4cf9117bcb3b00ac
005080,23,0,0,0,238503,0x4cf9117bcb3b00ac
005080,24,0,0,0,238503,0x4cf9117bcb3b00ac
005080,25,0,0,0,238503,0x4cf9117bcb3b00ac
005080,26,0,0,0,238503,0x4cf9117bcb3b00ac
005080,27,0,0,0,238503,0x4cf9117bcb3b00ac
005080,28,0,0,0,238503,0x4cf9117bcb3b00ac
005080,29,0,0,0,238503,0x4cf9117bcb3b00ac
005080,30,0,0,0,238503,0x4cf9117bcb3b00ac
005080,31,0,0,0,238503,0x4cf9117bcb3b00ac
005080,0,0,0,0,238504,0x639fcc4f0c91bec5
005080,1,0,0,0,238504,0x639fcc4f0c91bec5
005080,2,0,0,0,238504,0x639fcc4f0c91bec5
005080,3,0,0,0,238504,0x639fcc4f0c91bec5
005080,4,0,0,0,238504,0x639fcc4f0c91bec5
005080,5,0,0,0,238504,0x639fcc4f0c91bec5
005080,6,0,0,0,238504,0x639fcc4f0c91bec5
005080,7,0,0,0,238504,0x639fcc4f0c91bec5
005080,8,0,0,0,238504,0x639fcc4f0c91bec5
005080,9,0,0,0,238504,0x639fcc4f0c91bec5
005080,10,0,0,0,238504,0x639fcc4f0c91bec5
005080,11,0,0,0,238504,0x639fcc4f0c91bec5
005080,12,0,0,0,238504,0x639fcc4f0c91bec5
005080,13,0,0,0,238504,0x639fcc4f0c91bec5
005080,14,0,0,0,238504,0x639fcc4f0c91bec5
005080,15,0,0,0,238504,0x639fcc4f0c91bec5
005080,16,0,0,0,238504,0x639fcc4f0c91bec5
005080,17,0,0,0,238504,0x639fcc4f0c91bec5
005080,18,0,0,0,238504,0x639fcc4f0c91bec5
005080,19,0,0,0,238504,0x639fcc4f0c91bec5
005080,20,0,0,0,238504,0x639fcc4f0c91bec5
005080,21,0,0,0,238504,0x639fcc4f0c91bec5
005080,22,0,0,0,238504,0x639fcc4f0c91bec5
005080,23,0,0,0,238504,0x639fcc4f0c91bec5
005080,24,0,0,0,238504,0x639fcc4f0c91bec5
005080,25,0,0,0,238504,0x639fcc4f0c91bec5
005080,26,0,0,0,238504,0x639fcc4f0c91bec5
005080,27,0,0,0,238504,0x639fcc4f0c91bec5
005080,28,0,0,0,238504,0x639fcc4f0c91bec5
005080,29,0,0,0,238504,0x639fcc4f0c91bec5
005080,30,0,0,0,238504,0x639fcc4f0c91bec5
005080,31,0,0,0,238504,0x639fcc4f0c91bec5
005080,0,0,0,0,238501,0xdfc95954c8804d88
005080,1,0,0,0,238501,0xdfc95954c8804d88
005080,2,0,0,0,238501,0xdfc95954c8804d88
005080,3,0,0,0,238501,0xdfc95954c8804d88
005080,4,0,0,0,238501,0xdfc95954c8804d88
005080,5,0,0,0,238501,0xdfc95954c8804d88
005080,6,0,0,0,238501,0xdfc95954c8804d88
005080,7,0,0,0,238501,0xdfc95954c8804d88
005080,8,0,0,0,238501,0xdfc95954c8804d88
005080,9,0,0,0,238501,0xdfc95954c8804d88
005080,10,0,0,0,238501,0xdfc95954c8804d88
005080,11,0,0,0,238501,0xdfc95954c8804d88
005080,12,0,0,0,238501,0xdfc95954c8804d88
005080,13,0,0,0,238501,0xdfc95954c8804d88
005080,14,0,0,0,238501,0xdfc95954c8804d88
005080,15,0,0,0,238501,0xdfc95954c8804d88
005080,16,0,0,0,238501,0xdfc95954c8804d88
005080,17,0,0,0,238501,0xdfc95954c8804d88
005080,18,0,0,0,238501,0xdfc95954c8804d88
005080,19,0,0,0,238501,0xdfc95954c8804d88
005080,20,0,0,0,238501,0xdfc95954c8804d88
005080,21,0,0,0,238501,0xdfc95954c8804d88
005080,22,0,0,0,238501,0xdfc95954c8804d88
005080,23,0,0,0,238501,0xdfc95954c8804d88
005080,24,0,0,0,238501,0xdfc95954c8804d88
005080,25,0,0,0,238501,0xdfc95954c8804d88
005080,26,0,0,0,238501,0xdfc95954c8804d88
005080,27,0,0,0,238501,0xdfc95954c8804d88
005080,28,0,0,0,238501,0xdfc95954c8804d88
005080,29,0,0,0,238501,0xdfc95954c8804d88
005080,30,0,0,0,238501,0xdfc95954c8804d88
005080,31,0,0,0,238501,0xdfc95954c8804d88
005063,0,19,23,22,217951,0x68397d93bb6f627d
005063,1,22,23,27,217951,0x68397d93bb6f627d
005063,2,20,23,22,217951,0x68397d93bb6f627d
005063,3,20,23,21,217951,0x68397d93bb6f627d
005063,4,19,23,22,217951,0x68397d93bb6f627d
005063,5,22,23,27,217951,0x68397d93bb6f627d
005063,6,20,23,22,217951,0x68397d93bb6f627d
005063,7,20,23,21,217951,0x68397d93bb6f627d
005063,0,23,22,21,217950,0x68397d93bb6f627d
005063,0,21,20,24,217948,0x68397d93bb6f627d
005063,1,21,22,23,217950,0x68397d93bb6f627d
005063,2,23,22,26,217950,0x68397d93bb6f627d
005063,3,18,22,20,217950,0x68397d93bb6f627d
005063,4,23,22,21,217950,0x68397d93bb6f627d
005063,5,21,22,23,217950,0x68397d93bb6f627d
005063,6,23,22,26,217950,0x68397d93bb6f627d
005063,0,22,21,20,217949,0x68397d93bb6f627d
005063,7,18,22,20,217950,0x68397d93bb6f627d
005063,1,16,20,21,217948,0x68397d93bb6f627d
005063,2,21,20,23,217948,0x68397d93bb6f627d
005063,3,22,20,23,217948,0x68397d93bb6f627d
005063,4,21,20,24,217948,0x68397d93bb6f627d
005063,5,16,20,21,217948,0x68397d93bb6f627d
005063,6,21,20,23,217948,0x68397d93bb6f627d
005063,7,22,20,23,217948,0x68397d93bb6f627d
005063,1,20,21,22,217949,0x68397d93bb6f627d
005063,2,17,21,20,217949,0x68397d93bb6f627d
005063,3,23,21,25,217949,0x68397d93bb6f627d
005063,4,22,21,20,217949,0x68397d93bb6f627d
005063,5,20,21,22,217949,0x68397d93bb6f627d
005063,6,17,21,20,217949,0x68397d93bb6f627d
005063,7,23,21,25,217949,0x68397d93bb6f627d
005063,0,0,0,0,217950,0xee93e48cdd30a26c
005063,1,0,0,0,217950,0xee93e48cdd30a26c
005063,2,0,0,0,217950,0xee93e48cdd30a26c
005063,3,0,0,0,217950,0xee93e48cdd30a26c
005063,4,0,0,0,217950,0xee93e48cdd30a26c
005063,5,0,0,0,217950,0xee93e48cdd30a26c
005063,6,0,0,0,217950,0xee93e48cdd30a26c
005063,7,0,0,0,217950,0xee93e48cdd30a26c
005063,8,0,0,0,217950,0xee93e48cdd30a26c
005063,9,0,0,0,217950,0xee93e48cdd30a26c
005063,10,0,0,0,217950,0xee93e48cdd30a26c
005063,11,0,0,0,217950,0xee93e48cdd30a26c
005063,12,0,0,0,217950,0xee93e48cdd30a26c
005063,13,0,0,0,217950,0xee93e48cdd30a26c
005063,14,0,0,0,217950,0xee93e48cdd30a26c
005063,15,0,0,0,217950,0xee93e48cdd30a26c
005063,16,0,0,0,217950,0xee93e48cdd30a26c
005063,17,0,0,0,217950,0xee93e48cdd30a26c
005063,18,0,0,0,217950,0xee93e48cdd30a26c
005063,19,0,0,0,217950,0xee93e48cdd30a26c
005063,20,0,0,0,217950,0xee93e48cdd30a26c
005063,21,0,0,0,217950,0xee93e48cdd30a26c
005063,22,0,0,0,217950,0xee93e48cdd30a26c
005063,23,0,0,0,217950,0xee93e48cdd30a26c
005063,24,0,0,0,217950,0xee93e48cdd30a26c
005063,25,0,0,0,217950,0xee93e48cdd30a26c
005063,26,0,0,0,217950,0xee93e48cdd30a26c
005063,27,0,0,0,217950,0xee93e48cdd30a26c
005063,28,0,0,0,217950,0xee93e48cdd30a26c
005063,29,0,0,0,217950,0xee93e48cdd30a26c
005063,30,0,0,0,217950,0xee93e48cdd30a26c
005063,31,0,0,0,217950,0xee93e48cdd30a26c
005063,0,0,0,0,217951,0x42acfd8eab965b6e
005063,1,0,0,0,217951,0x42acfd8eab965b6e
005063,2,0,0,0,217951,0x42acfd8eab965b6e
005063,3,0,0,0,217951,0x42acfd8eab965b6e
005063,4,0,0,0,217951,0x42acfd8eab965b6e
005063,5,0,0,0,217951,0x42acfd8eab965b6e
005063,6,0,0,0,217951,0x42acfd8eab965b6e
005063,7,0,0,0,217951,0x42acfd8eab965b6e
005063,8,0,0,0,217951,0x42acfd8eab965b6e
005063,9,0,0,0,217951,0x42acfd8eab965b6e
005063,10,0,0,0,217951,0x42acfd8eab965b6e
005063,11,0,0,0,217951,0x42acfd8eab965b6e
005063,12,0,0,0,217951,0x42acfd8eab965b6e
005063,13,0,0,0,217951,0x42acfd8eab965b6e
005063,14,0,0,0,217951,0x42acfd8eab965b6e
005063,15,0,0,0,217951,0x42acfd8eab965b6e
005063,16,0,0,0,217951,0x42acfd8eab965b6e
005063,17,0,0,0,217951,0x42acfd8eab965b6e
005063,18,0,0,0,217951,0x42acfd8eab965b6e
005063,19,0,0,0,217951,0x42acfd8eab965b6e
005063,20,0,0,0,217951,0x42acfd8eab965b6e
005063,21,0,0,0,217951,0x42acfd8eab965b6e
005063,22,0,0,0,217951,0x42acfd8eab965b6e
005063,23,0,0,0,217951,0x42acfd8eab965b6e
005063,24,0,0,0,217951,0x42acfd8eab965b6e
005063,25,0,0,0,217951,0x42acfd8eab965b6e
005063,26,0,0,0,217951,0x42acfd8eab965b6e
005063,27,0,0,0,217951,0x42acfd8eab965b6e
005063,28,0,0,0,217951,0x42acfd8eab965b6e
005063,29,0,0,0,217951,0x42acfd8eab965b6e
005063,30,0,0,0,217951,0x42acfd8eab965b6e
005063,31,0,0,0,217951,0x42acfd8eab965b6e
005063,0,0,0,0,217949,0x95115e8c58f517c1
005063,1,0,0,0,217949,0x95115e8c58f517c1
005063,2,0,0,0,217949,0x95115e8c58f517c1
005063,3,0,0,0,217949,0x95115e8c58f517c1
005063,4,0,0,0,217949,0x95115e8c58f517c1
005063,5,0,0,0,217949,0x95115e8c58f517c1
005063,6,0,0,0,217949,0x95115e8c58f517c1
005063,7,0,0,0,217949,0x95115e8c58f517c1
005063,8,0,0,0,217949,0x95115e8c58f517c1
005063,9,0,0,0,217949,0x95115e8c58f517c1
005063,10,0,0,0,217949,0x95115e8c58f517c1
005063,11,0,0,0,217949,0x95115e8c58f517c1
005063,12,0,0,0,217949,0x95115e8c58f517c1
005063,13,0,0,0,217949,0x95115e8c58f517c1
005063,14,0,0,0,217949,0x95115e8c58f517c1
005063,15,0,0,0,217949,0x95115e8c58f517c1
005063,16,0,0,0,217949,0x95115e8c58f517c1
005063,17,0,0,0,217949,0x95115e8c58f517c1
005063,18,0,0,0,217949,0x95115e8c58f517c1
005063,19,0,0,0,217949,0x95115e8c58f517c1
005063,20,0,0,0,217949,0x95115e8c58f517c1
005063,21,0,0,0,217949,0x95115e8c58f517c1
005063,22,0,0,0,217949,0x95115e8c58f517c1
005063,23,0,0,0,217949,0x95115e8c58f517c1
005063,24,0,0,0,217949,0x95115e8c58f517c1
005063,25,0,0,0,217949,0x95115e8c58f517c1
005063,26,0,0,0,217949,0x95115e8c58f517c1
005063,27,0,0,0,217949,0x95115e8c58f517c1
005063,28,0,0,0,217949,0x95115e8c58f517c1
005063,29,0,0,0,217949,0x95115e8c58f517c1
005063,30,0,0,0,217949,0x95115e8c58f517c1
005063,31,0,0,0,217949,0x95115e8c58f517c1
005063,0,0,0,0,217948,0x1b195141c9cf9938
005063,1,0,0,0,217948,0x1b195141c9cf9938
005063,2,0,0,0,217948,0x1b195141c9cf9938
005063,3,0,0,0,217948,0x1b195141c9cf9938
005063,4,0,0,0,217948,0x1b195141c9cf9938
005063,5,0,0,0,217948,0x1b195141c9cf9938
005063,6,0,0,0,217948,0x1b195141c9cf9938
005063,7,0,0,0,217948,0x1b195141c9cf9938
005063,8,0,0,0,217948,0x1b195141c9cf9938
005063,9,0,0,0,217948,0x1b195141c9cf9938
005063,10,0,0,0,217948,0x1b195141c9cf9938
005063,11,0,0,0,217948,0x1b195141c9cf9938
005063,12,0,0,0,217948,0x1b195141c9cf9938
005063,13,0,0,0,217948,0x1b195141c9cf9938
005063,14,0,0,0,217948,0x1b195141c9cf9938
005063,15,0,0,0,217948,0x1b195141c9cf9938
005063,16,0,0,0,217948,0x1b195141c9cf9938
005063,17,0,0,0,217948,0x1b195141c9cf9938
005063,18,0,0,0,217948,0x1b195141c9cf9938
005063,19,0,0,0,217948,0x1b195141c9cf9938
005063,20,0,0,0,217948,0x1b195141c9cf9938
005063,21,0,0,0,217948,0x1b195141c9cf9938
005063,22,0,0,0,217948,0x1b195141c9cf9938
005063,23,0,0,0,217948,0x1b195141c9cf9938
005063,24,0,0,0,217948,0x1b195141c9cf9938
005063,25,0,0,0,217948,0x1b195141c9cf9938
005063,26,0,0,0,217948,0x1b195141c9cf9938
005063,27,0,0,0,217948,0x1b195141c9cf9938
005063,28,0,0,0,217948,0x1b195141c9cf9938
005063,29,0,0,0,217948,0x1b195141c9cf9938
005063,30,0,0,0,217948,0x1b195141c9cf9938
005063,31,0,0,0,217948,0x1b195141c9cf9938
005063,0,23,22,21,217950,0xe7d12636594460c0
005063,0,19,23,22,217951,0xe7d12636594460c0
005063,1,21,22,23,217950,0xe7d12636594460c0
005063,2,23,22,26,217950,0xe7d12636594460c0
005063,3,18,22,20,217950,0xe7d12636594460c0
005063,4,23,22,21,217950,0xe7d12636594460c0
005063,5,21,22,23,217950,0xe7d12636594460c0
005063,6,23,22,26,217950,0xe7d12636594460c0
005063,7,18,22,20,217950,0xe7d12636594460c0
005063,1,22,23,27,217951,0xe7d12636594460c0
005063,0,21,20,24,217948,0xe7d12636594460c0
005063,2,20,23,22,217951,0xe7d12636594460c0
005063,3,20,23,21,217951,0xe7d12636594460c0
005063,0,22,21,20,217949,0xe7d12636594460c0
005063,4,19,23,22,217951,0xe7d12636594460c0
005063,5,22,23,27,217951,0xe7d12636594460c0
005063,6,20,23,22,217951,0xe7d12636594460c0
005063,7,20,23,21,217951,0xe7d12636594460c0
005063,1,16,20,21,217948,0xe7d12636594460c0
005063,2,21,20,23,217948,0xe7d12636594460c0
005063,3,22,20,23,217948,0xe7d12636594460c0
005063,1,20,21,22,217949,0xe7d12636594460c0
005063,4,21,20,24,217948,0xe7d12636594460c0
005063,2,17,21,20,217949,0xe7d12636594460c0
005063,5,16,20,21,217948,0xe7d12636594460c0
005063,3,23,21,25,217949,0xe7d12636594460c0
005063,6,21,20,23,217948,0xe7d12636594460c0
005063,7,22,20,23,217948,0xe7d12636594460c0
005063,4,22,21,20,217949,0xe7d12636594460c0
005063,5,20,21,22,217949,0xe7d12636594460c0
005063,6,17,21,20,217949,0xe7d12636594460c0
005063,7,23,21,25,217949,0xe7d12636594460c0
005063,0,0,0,0,217951,0x3cef8f21237714f6
005063,1,0,0,0,217951,0x3cef8f21237714f6
005063,2,0,0,0,217951,0x3cef8f21237714f6
005063,3,0,0,0,217951,0x3cef8f21237714f6
005063,4,0,0,0,217951,0x3cef8f21237714f6
005063,5,0,0,0,217951,0x3cef8f21237714f6
005063,6,0,0,0,217951,0x3cef8f21237714f6
005063,7,0,0,0,217951,0x3cef8f21237714f6
005063,8,0,0,0,217951,0x3cef8f21237714f6
005063,9,0,0,0,217951,0x3cef8f21237714f6
005063,10,0,0,0,217951,0x3cef8f21237714f6
005063,11,0,0,0,217951,0x3cef8f21237714f6
005063,12,0,0,0,217951,0x3cef8f21237714f6
005063,13,0,0,0,217951,0x3cef8f21237714f6
005063,14,0,0,0,217951,0x3cef8f21237714f6
005063,15,0,0,0,217951,0x3cef8f21237714f6
005063,16,0,0,0,217951,0x3cef8f21237714f6
005063,17,0,0,0,217951,0x3cef8f21237714f6
005063,18,0,0,0,217951,0x3cef8f21237714f6
005063,19,0,0,0,217951,0x3cef8f21237714f6
005063,20,0,0,0,217951,0x3cef8f21237714f6
005063,21,0,0,0,217951,0x3cef8f21237714f6
005063,22,0,0,0,217951,0x3cef8f21237714f6
005063,23,0,0,0,217951,0x3cef8f21237714f6
005063,24,0,0,0,217951,0x3cef8f21237714f6
005063,25,0,0,0,217951,0x3cef8f21237714f6
005063,26,0,0,0,217951,0x3cef8f21237714f6
005063,27,0,0,0,217951,0x3cef8f21237714f6
005063,28,0,0,0,217951,0x3cef8f21237714f6
005063,29,0,0,0,217951,0x3cef8f21237714f6
005063,30,0,0,0,217951,0x3cef8f21237714f6
005063,31,0,0,0,217951,0x3cef8f21237714f6
005063,0,0,0,0,217950,0x64efa6b726dc205a
005063,1,0,0,0,217950,0x64efa6b726dc205a
005063,2,0,0,0,217950,0x64efa6b726dc205a
005063,3,0,0,0,217950,0x64efa6b726dc205a
005063,4,0,0,0,217950,0x64efa6b726dc205a
005063,5,0,0,0,217950,0x64efa6b726dc205a
005063,6,0,0,0,217950,0x64efa6b726dc205a
005063,7,0,0,0,217950,0x64efa6b726dc205a
005063,8,0,0,0,217950,0x64efa6b726dc205a
005063,9,0,0,0,217950,0x64efa6b726dc205a
005063,10,0,0,0,217950,0x64efa6b726dc205a
005063,11,0,0,0,217950,0x64efa6b726dc205a
005063,12,0,0,0,217950,0x64efa6b726dc205a
005063,13,0,0,0,217950,0x64efa6b726dc205a
005063,14,0,0,0,217950,0x64efa6b726dc205a
005063,15,0,0,0,217950,0x64efa6b726dc205a
005063,16,0,0,0,217950,0x64efa6b726dc205a
005063,17,0,0,0,217950,0x64efa6b726dc205a
005063,18,0,0,0,217950,0x64efa6b726dc205a
005063,19,0,0,0,217950,0x64efa6b726dc205a
005063,20,0,0,0,217950,0x64efa6b726dc205a
005063,21,0,0,0,217950,0x64efa6b726dc205a
005063,22,0,0,0,217950,0x64efa6b726dc205a
005063,23,0,0,0,217950,0x64efa6b726dc205a
005063,24,0,0,0,217950,0x64efa6b726dc205a
005063,25,0,0,0,217950,0x64efa6b726dc205a
005063,26,0,0,0,217950,0x64efa6b726dc205a
005063,27,0,0,0,217950,0x64efa6b726dc205a
005063,28,0,0,0,217950,0x64efa6b726dc205a
005063,29,0,0,0,217950,0x64efa6b726dc205a
005063,30,0,0,0,217950,0x64efa6b726dc205a
005063,31,0,0,0,217950,0x64efa6b726dc205a
005063,0,0,0,0,217949,0x2ccb47e1caf5b495
005063,1,0,0,0,217949,0x2ccb47e1caf5b495
005063,2,0,0,0,217949,0x2ccb47e1caf5b495
005063,3,0,0,0,217949,0x2ccb47e1caf5b495
005063,4,0,0,0,217949,0x2ccb47e1caf5b495
005063,5,0,0,0,217949,0x2ccb47e1caf5b495
005063,6,0,0,0,217949,0x2ccb47e1caf5b495
005063,7,0,0,0,217949,0x2ccb47e1caf5b495
005063,8,0,0,0,217949,0x2ccb47e1caf5b495
005063,9,0,0,0,217949,0x2ccb47e1caf5b495
005063,10,0,0,0,217949,0x2ccb47e1caf5b495
005063,11,0,0,0,217949,0x2ccb47e1caf5b495
005063,12,0,0,0,217949,0x2ccb47e1caf5b495
005063,13,0,0,0,217949,0x2ccb47e1caf5b495
005063,14,0,0,0,217949,0x2ccb47e1caf5b495
005063,15,0,0,0,217949,0x2ccb47e1caf5b495
005063,16,0,0,0,217949,0x2ccb47e1caf5b495
005063,17,0,0,0,217949,0x2ccb47e1caf5b495
005063,18,0,0,0,217949,0x2ccb47e1caf5b495
005063,19,0,0,0,217949,0x2ccb47e1caf5b495
005063,20,0,0,0,217949,0x2ccb47e1caf5b495
005063,21,0,0,0,217949,0x2ccb47e1caf5b495
005063,22,0,0,0,217949,0x2ccb47e1caf5b495
005063,23,0,0,0,217949,0x2ccb47e1caf5b495
005063,24,0,0,0,217949,0x2ccb47e1caf5b495
005063,25,0,0,0,217949,0x2ccb47e1caf5b495
005063,26,0,0,0,217949,0x2ccb47e1caf5b495
005063,27,0,0,0,217949,0x2ccb47e1caf5b495
005063,28,0,0,0,217949,0x2ccb47e1caf5b495
005063,29,0,0,0,217949,0x2ccb47e1caf5b495
005063,30,0,0,0,217949,0x2ccb47e1caf5b495
005063,31,0,0,0,217949,0x2ccb47e1caf5b495
005063,0,0,0,0,217948,0x5046749508e32557
005063,1,0,0,0,217948,0x5046749508e32557
005063,2,0,0,0,217948,0x5046749508e32557
005063,3,0,0,0,217948,0x5046749508e32557
005063,4,0,0,0,217948,0x5046749508e32557
005063,5,0,0,0,217948,0x5046749508e32557
005063,6,0,0,0,217948,0x5046749508e32557
005063,7,0,0,0,217948,0x5046749508e32557
005063,8,0,0,0,217948,0x5046749508e32557
005063,9,0,0,0,217948,0x5046749508e32557
005063,10,0,0,0,217948,0x5046749508e32557
005063,11,0,0,0,217948,0x5046749508e32557
005063,12,0,0,0,217948,0x5046749508e32557
005063,13,0,0,0,217948,0x5046749508e32557
005063,14,0,0,0,217948,0x5046749508e32557
005063,15,0,0,0,217948,0x5046749508e32557
005063,16,0,0,0,217948,0x5046749508e32557
005063,17,0,0,0,217948,0x5046749508e32557
005063,18,0,0,0,217948,0x5046749508e32557
005063,19,0,0,0,217948,0x5046749508e32557
005063,20,0,0,0,217948,0x5046749508e32557
005063,21,0,0,0,217948,0x5046749508e32557
005063,22,0,0,0,217948,0x5046749508e32557
005063,23,0,0,0,217948,0x5046749508e32557
005063,24,0,0,0,217948,0x5046749508e32557
005063,25,0,0,0,217948,0x5046749508e32557
005063,26,0,0,0,217948,0x5046749508e32557
005063,27,0,0,0,217948,0x5046749508e32557
005063,28,0,0,0,217948,0x5046749508e32557
005063,29,0,0,0,217948,0x5046749508e32557
005063,30,0,0,0,217948,0x5046749508e32557
005063,31,0,0,0,217948,0x5046749508e32557
005092,0,102,101,100,236170,0x68397d93bb6f627d
005092,1,100,101,102,236170,0x68397d93bb6f627d
005092,2,97,101,100,236170,0x68397d93bb6f627d
005092,3,103,101,105,236170,0x68397d93bb6f627d
005092,4,102,101,100,236170,0x68397d93bb6f627d
005092,5,100,101,102,236170,0x68397d93bb6f627d
005092,6,97,101,100,236170,0x68397d93bb6f627d
005092,7,103,101,105,236170,0x68397d93bb6f627d
005092,0,99,103,102,236172,0x68397d93bb6f627d
005092,0,101,100,104,236169,0x68397d93bb6f627d
005092,0,103,102,101,236171,0x68397d93bb6f627d
005092,1,96,100,101,236169,0x68397d93bb6f627d
005092,1,102,103,107,236172,0x68397d93bb6f627d
005092,2,101,100,103,236169,0x68397d93bb6f627d
005092,2,100,103,102,236172,0x68397d93bb6f627d
005092,3,102,100,103,236169,0x68397d93bb6f627d
005092,1,101,102,103,236171,0x68397d93bb6f627d
005092,3,100,103,101,236172,0x68397d93bb6f627d
005092,4,101,100,104,236169,0x68397d93bb6f627d
005092,2,103,102,106,236171,0x68397d93bb6f627d
005092,4,99,103,102,236172,0x68397d93bb6f627d
005092,5,96,100,101,236169,0x68397d93bb6f627d
005092,3,98,102,100,236171,0x68397d93bb6f627d
005092,5,102,103,107,236172,0x68397d93bb6f627d
005092,6,101,100,103,236169,0x68397d93bb6f627d
005092,4,103,102,101,236171,0x68397d93bb6f627d
005092,6,100,103,102,236172,0x68397d93bb6f627d
005092,7,102,100,103,236169,0x68397d93bb6f627d
005092,5,101,102,103,236171,0x68397d93bb6f627d
005092,7,100,103,101,236172,0x68397d93bb6f627d
005092,6,103,102,106,236171,0x68397d93bb6f627d
005092,7,98,102,100,236171,0x68397d93bb6f627d
005092,0,0,0,0,236171,0x60cf594c81237466
005092,1,0,0,0,236171,0x60cf594c81237466
005092,2,0,0,0,236171,0x60cf594c81237466
005092,3,0,0,0,236171,0x60cf594c81237466
005092,4,0,0,0,236171,0x60cf594c81237466
005092,5,0,0,0,236171,0x60cf594c81237466
005092,6,0,0,0,236171,0x60cf594c81237466
005092,7,0,0,0,236171,0x60cf594c81237466
005092,8,0,0,0,236171,0x60cf594c81237466
005092,9,0,0,0,236171,0x60cf594c81237466
005092,10,0,0,0,236171,0x60cf594c81237466
005092,11,0,0,0,236171,0x60cf594c81237466
005092,12,0,0,0,236171,0x60cf594c81237466
005092,13,0,0,0,236171,0x60cf594c81237466
005092,14,0,0,0,236171,0x60cf594c81237466
005092,15,0,0,0,236171,0x60cf594c81237466
005092,16,0,0,0,236171,0x60cf594c81237466
005092,17,0,0,0,236171,0x60cf594c81237466
005092,18,0,0,0,236171,0x60cf594c81237466
005092,19,0,0,0,236171,0x60cf594c81237466
005092,20,0,0,0,236171,0x60cf594c81237466
005092,21,0,0,0,236171,0x60cf594c81237466
005092,22,0,0,0,236171,0x60cf594c81237466
005092,23,0,0,0,236171,0x60cf594c81237466
005092,24,0,0,0,236171,0x60cf594c81237466
005092,25,0,0,0,236171,0x60cf594c81237466
005092,26,0,0,0,236171,0x60cf594c81237466
005092,27,0,0,0,236171,0x60cf594c81237466
005092,28,0,0,0,236171,0x60cf594c81237466
005092,29,0,0,0,236171,0x60cf594c81237466
005092,30,0,0,0,236171,0x60cf594c81237466
005092,31,0,0,0,236171,0x60cf594c81237466
005092,0,0,0,0,236170,0xca45b7779ce4ffb2
005092,1,0,0,0,236170,0xca45b7779ce4ffb2
005092,2,0,0,0,236170,0xca45b7779ce4ffb2
005092,3,0,0,0,236170,0xca45b7779ce4ffb2
005092,4,0,0,0,236170,0xca45b7779ce4ffb2
005092,5,0,0,0,236170,0xca45b7779ce4ffb2
005092,6,0,0,0,236170,0xca45b7779ce4ffb2
005092,7,0,0,0,236170,0xca45b7779ce4ffb2
005092,8,0,0,0,236170,0xca45b7779ce4ffb2
005092,9,0,0,0,236170,0xca45b7779ce4ffb2
005092,10,0,0,0,236170,0xca45b7779ce4ffb2
005092,11,0,0,0,236170,0xca45b7779ce4ffb2
005092,12,0,0,0,236170,0xca45b7779ce4ffb2
005092,13,0,0,0,236170,0xca45b7779ce4ffb2
005092,14,0,0,0,236170,0xca45b7779ce4ffb2
005092,15,0,0,0,236170,0xca45b7779ce4ffb2
005092,16,0,0,0,236170,0xca45b7779ce4ffb2
005092,17,0,0,0,236170,0xca45b7779ce4ffb2
005092,18,0,0,0,236170,0xca45b7779ce4ffb2
005092,19,0,0,0,236170,0xca45b7779ce4ffb2
005092,20,0,0,0,236170,0xca45b7779ce4ffb2
005092,21,0,0,0,236170,0xca45b7779ce4ffb2
005092,22,0,0,0,236170,0xca45b7779ce4ffb2
005092,23,0,0,0,236170,0xca45b7779ce4ffb2
005092,24,0,0,0,236170,0xca45b7779ce4ffb2
005092,25,0,0,0,236170,0xca45b7779ce4ffb2
005092,26,0,0,0,236170,0xca45b7779ce4ffb2
005092,27,0,0,0,236170,0xca45b7779ce4ffb2
005092,28,0,0,0,236170,0xca45b7779ce4ffb2
005092,29,0,0,0,236170,0xca45b7779ce4ffb2
005092,30,0,0,0,236170,0xca45b7779ce4ffb2
005092,31,0,0,0,236170,0xca45b7779ce4ffb2
005092,0,0,0,0,236169,0x97f550a06409fd60
005092,1,0,0,0,236169,0x97f550a06409fd60
005092,2,0,0,0,236169,0x97f550a06409fd60
005092,3,0,0,0,236169,0x97f550a06409fd60
005092,4,0,0,0,236169,0x97f550a06409fd60
005092,5,0,0,0,236169,0x97f550a06409fd60
005092,6,0,0,0,236169,0x97f550a06409fd60
005092,7,0,0,0,236169,0x97f550a06409fd60
005092,8,0,0,0,236169,0x97f550a06409fd60
005092,9,0,0,0,236169,0x97f550a06409fd60
005092,10,0,0,0,236169,0x97f550a06409fd60
005092,11,0,0,0,236169,0x97f550a06409fd60
005092,12,0,0,0,236169,0x97f550a06409fd60
005092,13,0,0,0,236169,0x97f550a06409fd60
005092,14,0,0,0,236169,0x97f550a06409fd60
005092,15,0,0,0,236169,0x97f550a06409fd60
005092,16,0,0,0,236169,0x97f550a06409fd60
005092,17,0,0,0,236169,0x97f550a06409fd60
005092,18,0,0,0,236169,0x97f550a06409fd60
005092,19,0,0,0,236169,0x97f550a06409fd60
005092,20,0,0,0,236169,0x97f550a06409fd60
005092,21,0,0,0,236169,0x97f550a06409fd60
005092,22,0,0,0,236169,0x97f550a06409fd60
005092,23,0,0,0,236169,0x97f550a06409fd60
005092,24,0,0,0,236169,0x97f550a06409fd60
005092,25,0,0,0,236169,0x97f550a06409fd60
005092,26,0,0,0,236169,0x97f550a06409fd60
005092,27,0,0,0,236169,0x97f550a06409fd60
005092,28,0,0,0,236169,0x97f550a06409fd60
005092,29,0,0,0,236169,0x97f550a06409fd60
005092,30,0,0,0,236169,0x97f550a06409fd60
005092,31,0,0,0,236169,0x97f550a06409fd60
005092,0,0,0,0,236172,0x4a620e15f55b6676
005092,1,0,0,0,236172,0x4a620e15f55b6676
005092,2,0,0,0,236172,0x4a620e15f55b6676
005092,3,0,0,0,236172,0x4a620e15f55b6676
005092,4,0,0,0,236172,0x4a620e15f55b6676
005092,5,0,0,0,236172,0x4a620e15f55b6676
005092,6,0,0,0,236172,0x4a620e15f55b6676
005092,7,0,0,0,236172,0x4a620e15f55b6676
005092,8,0,0,0,236172,0x4a620e15f55b6676
005092,9,0,0,0,236172,0x4a620e15f55b6676
005092,10,0,0,0,236172,0x4a620e15f55b6676
005092,11,0,0,0,236172,0x4a620e15f55b6676
005092,12,0,0,0,236172,0x4a620e15f55b6676
005092,13,0,0,0,236172,0x4a620e15f55b6676
005092,14,0,0,0,236172,0x4a620e15f55b6676
005092,15,0,0,0,236172,0x4a620e15f55b6676
005092,16,0,0,0,236172,0x4a620e15f55b6676
005092,17,0,0,0,236172,0x4a620e15f55b6676
005092,18,0,0,0,236172,0x4a620e15f55b6676
005092,19,0,0,0,236172,0x4a620e15f55b6676
005092,20,0,0,0,236172,0x4a620e15f55b6676
005092,21,0,0,0,236172,0x4a620e15f55b6676
005092,22,0,0,0,236172,0x4a620e15f55b6676
005092,23,0,0,0,236172,0x4a620e15f55b6676
005092,24,0,0,0,236172,0x4a620e15f55b6676
005092,25,0,0,0,236172,0x4a620e15f55b6676
005092,26,0,0,0,236172,0x4a620e15f55b6676
005092,27,0,0,0,236172,0x4a620e15f55b6676
005092,28,0,0,0,236172,0x4a620e15f55b6676
005092,29,0,0,0,236172,0x4a620e15f55b6676
005092,30,0,0,0,236172,0x4a620e15f55b6676
005092,31,0,0,0,236172,0x4a620e15f55b6676
005092,0,103,102,101,236171,0xe7d12636594460c0
005092,1,101,102,103,236171,0xe7d12636594460c0
005092,2,103,102,106,236171,0xe7d12636594460c0
005092,3,98,102,100,236171,0xe7d12636594460c0
005092,4,103,102,101,236171,0xe7d12636594460c0
005092,5,101,102,103,236171,0xe7d12636594460c0
005092,6,103,102,106,236171,0xe7d12636594460c0
005092,7,98,102,100,236171,0xe7d12636594460c0
005092,0,102,101,100,236170,0xe7d12636594460c0
005092,1,100,101,102,236170,0xe7d12636594460c0
005092,2,97,101,100,236170,0xe7d12636594460c0
005092,3,103,101,105,236170,0xe7d12636594460c0
005092,4,102,101,100,236170,0xe7d12636594460c0
005092,5,100,101,102,236170,0xe7d12636594460c0
005092,6,97,101,100,236170,0xe7d12636594460c0
005092,7,103,101,105,236170,0xe7d12636594460c0
005092,0,101,100,104,236169,0xe7d12636594460c0
005092,1,96,100,101,236169,0xe7d12636594460c0
005092,2,101,100,103,236169,0xe7d12636594460c0
005092,3,102,100,103,236169,0xe7d12636594460c0
005092,4,101,100,104,236169,0xe7d12636594460c0
005092,5,96,100,101,236169,0xe7d12636594460c0
005092,6,101,100,103,236169,0xe7d12636594460c0
005092,7,102,100,103,236169,0xe7d12636594460c0
005092,0,99,103,102,236172,0xe7d12636594460c0
005092,1,102,103,107,236172,0xe7d12636594460c0
005092,2,100,103,102,236172,0xe7d12636594460c0
005092,3,100,103,101,236172,0xe7d12636594460c0
005092,4,99,103,102,236172,0xe7d12636594460c0
005092,5,102,103,107,236172,0xe7d12636594460c0
005092,6,100,103,102,236172,0xe7d12636594460c0
005092,7,100,103,101,236172,0xe7d12636594460c0
005092,0,0,0,0,236170,0x73ea1a7e0e02097
005092,1,0,0,0,236170,0x73ea1a7e0e02097
005092,2,0,0,0,236170,0x73ea1a7e0e02097
005092,3,0,0,0,236170,0x73ea1a7e0e02097
005092,4,0,0,0,236170,0x73ea1a7e0e02097
005092,5,0,0,0,236170,0x73ea1a7e0e02097
005092,6,0,0,0,236170,0x73ea1a7e0e02097
005092,7,0,0,0,236170,0x73ea1a7e0e02097
005092,8,0,0,0,236170,0x73ea1a7e0e02097
005092,9,0,0,0,236170,0x73ea1a7e0e02097
005092,10,0,0,0,236170,0x73ea1a7e0e02097
005092,11,0,0,0,236170,0x73ea1a7e0e02097
005092,12,0,0,0,236170,0x73ea1a7e0e02097
005092,13,0,0,0,236170,0x73ea1a7e0e02097
005092,14,0,0,0,236170,0x73ea1a7e0e02097
005092,15,0,0,0,236170,0x73ea1a7e0e02097
005092,16,0,0,0,236170,0x73ea1a7e0e02097
005092,17,0,0,0,236170,0x73ea1a7e0e02097
005092,18,0,0,0,236170,0x73ea1a7e0e02097
005092,19,0,0,0,236170,0x73ea1a7e0e02097
005092,20,0,0,0,236170,0x73ea1a7e0e02097
005092,21,0,0,0,236170,0x73ea1a7e0e02097
005092,22,0,0,0,236170,0x73ea1a7e0e02097
005092,23,0,0,0,236170,0x73ea1a7e0e02097
005092,24,0,0,0,236170,0x73ea1a7e0e02097
005092,25,0,0,0,236170,0x73ea1a7e0e02097
005092,26,0,0,0,236170,0x73ea1a7e0e02097
005092,27,0,0,0,236170,0x73ea1a7e0e02097
005092,28,0,0,0,236170,0x73ea1a7e0e02097
005092,29,0,0,0,236170,0x73ea1a7e0e02097
005092,30,0,0,0,236170,0x73ea1a7e0e02097
005092,31,0,0,0,236170,0x73ea1a7e0e02097
005092,0,0,0,0,236172,0x310906e5c1422e7e
005092,1,0,0,0,236172,0x310906e5c1422e7e
005092,2,0,0,0,236172,0x310906e5c1422e7e
005092,3,0,0,0,236172,0x310906e5c1422e7e
005092,4,0,0,0,236172,0x310906e5c1422e7e
005092,5,0,0,0,236172,0x310906e5c1422e7e
005092,6,0,0,0,236172,0x310906e5c1422e7e
005092,7,0,0,0,236172,0x310906e5c1422e7e
005092,8,0,0,0,236172,0x310906e5c1422e7e
005092,9,0,0,0,236172,0x310906e5c1422e7e
005092,10,0,0,0,236172,0x310906e5c1422e7e
005092,11,0,0,0,236172,0x310906e5c1422e7e
005092,12,0,0,0,236172,0x310906e5c1422e7e
005092,13,0,0,0,236172,0x310906e5c1422e7e
005092,14,0,0,0,236172,0x310906e5c1422e7e
005092,15,0,0,0,236172,0x310906e5c1422e7e
005092,16,0,0,0,236172,0x310906e5c1422e7e
005092,17,0,0,0,236172,0x310906e5c1422e7e
005092,18,0,0,0,236172,0x310906e5c1422e7e
005092,19,0,0,0,236172,0x310906e5c1422e7e
005092,20,0,0,0,236172,0x310906e5c1422e7e
005092,21,0,0,0,236172,0x310906e5c1422e7e
005092,22,0,0,0,236172,0x310906e5c1422e7e
005092,23,0,0,0,236172,0x310906e5c1422e7e
005092,24,0,0,0,236172,0x310906e5c1422e7e
005092,25,0,0,0,236172,0x310906e5c1422e7e
005092,26,0,0,0,236172,0x310906e5c1422e7e
005092,27,0,0,0,236172,0x310906e5c1422e7e
005092,28,0,0,0,236172,0x310906e5c1422e7e
005092,29,0,0,0,236172,0x310906e5c1422e7e
005092,30,0,0,0,236172,0x310906e5c1422e7e
005092,31,0,0,0,236172,0x310906e5c1422e7e
005092,0,0,0,0,236169,0x1456537e55e3f270
005092,1,0,0,0,236169,0x1456537e55e3f270
005092,2,0,0,0,236169,0x1456537e55e3f270
005092,3,0,0,0,236169,0x1456537e55e3f270
005092,4,0,0,0,236169,0x1456537e55e3f270
005092,5,0,0,0,236169,0x1456537e55e3f270
005092,6,0,0,0,236169,0x1456537e55e3f270
005092,7,0,0,0,236169,0x1456537e55e3f270
005092,8,0,0,0,236169,0x1456537e55e3f270
005092,9,0,0,0,236169,0x1456537e55e3f270
005092,10,0,0,0,236169,0x1456537e55e3f270
005092,11,0,0,0,236169,0x1456537e55e3f270
005092,12,0,0,0,236169,0x1456537e55e3f270
005092,13,0,0,0,236169,0x1456537e55e3f270
005092,14,0,0,0,236169,0x1456537e55e3f270
005092,15,0,0,0,236169,0x1456537e55e3f270
005092,16,0,0,0,236169,0x1456537e55e3f270
005092,17,0,0,0,236169,0x1456537e55e3f270
005092,18,0,0,0,236169,0x1456537e55e3f270
005092,19,0,0,0,236169,0x1456537e55e3f270
005092,20,0,0,0,236169,0x1456537e55e3f270
005092,21,0,0,0,236169,0x1456537e55e3f270
005092,22,0,0,0,236169,0x1456537e55e3f270
005092,23,0,0,0,236169,0x1456537e55e3f270
005092,24,0,0,0,236169,0x1456537e55e3f270
005092,25,0,0,0,236169,0x1456537e55e3f270
005092,26,0,0,0,236169,0x1456537e55e3f270
005092,27,0,0,0,236169,0x1456537e55e3f270
005092,28,0,0,0,236169,0x1456537e55e3f270
005092,29,0,0,0,236169,0x1456537e55e3f270
005092,30,0,0,0,236169,0x1456537e55e3f270
005092,31,0,0,0,236169,0x1456537e55e3f270
005092,0,0,0,0,236171,0x29df1fbd2fa7bdba
005092,1,0,0,0,236171,0x29df1fbd2fa7bdba
005092,2,0,0,0,236171,0x29df1fbd2fa7bdba
005092,3,0,0,0,236171,0x29df1fbd2fa7bdba
005092,4,0,0,0,236171,0x29df1fbd2fa7bdba
005092,5,0,0,0,236171,0x29df1fbd2fa7bdba
005092,6,0,0,0,236171,0x29df1fbd2fa7bdba
005092,7,0,0,0,236171,0x29df1fbd2fa7bdba
005092,8,0,0,0,236171,0x29df1fbd2fa7bdba
005092,9,0,0,0,236171,0x29df1fbd2fa7bdba
005092,10,0,0,0,236171,0x29df1fbd2fa7bdba
005092,11,0,0,0,236171,0x29df1fbd2fa7bdba
005092,12,0,0,0,236171,0x29df1fbd2fa7bdba
005092,13,0,0,0,236171,0x29df1fbd2fa7bdba
005092,14,0,0,0,236171,0x29df1fbd2fa7bdba
005092,15,0,0,0,236171,0x29df1fbd2fa7bdba
005092,16,0,0,0,236171,0x29df1fbd2fa7bdba
005092,17,0,0,0,236171,0x29df1fbd2fa7bdba
005092,18,0,0,0,236171,0x29df1fbd2fa7bdba
005092,19,0,0,0,236171,0x29df1fbd2fa7bdba
005092,20,0,0,0,236171,0x29df1fbd2fa7bdba
005092,21,0,0,0,236171,0x29df1fbd2fa7bdba
005092,22,0,0,0,236171,0x29df1fbd2fa7bdba
005092,23,0,0,0,236171,0x29df1fbd2fa7bdba
005092,24,0,0,0,236171,0x29df1fbd2fa7bdba
005092,25,0,0,0,236171,0x29df1fbd2fa7bdba
005092,26,0,0,0,236171,0x29df1fbd2fa7bdba
005092,27,0,0,0,236171,0x29df1fbd2fa7bdba
005092,28,0,0,0,236171,0x29df1fbd2fa7bdba
005092,29,0,0,0,236171,0x29df1fbd2fa7bdba
005092,30,0,0,0,236171,0x29df1fbd2fa7bdba
005092,31,0,0,0,236171,0x29df1fbd2fa7bdba
005087,0,98,99,103,238014,0x68397d93bb6f627d
005087,0,97,98,99,238013,0x68397d93bb6f627d
005087,1,95,99,98,238014,0x68397d93bb6f627d
005087,2,96,99,97,238014,0x68397d93bb6f627d
005087,3,96,99,98,238014,0x68397d93bb6f627d
005087,4,98,99,103,238014,0x68397d93bb6f627d
005087,1,99,98,97,238013,0x68397d93bb6f627d
005087,2,94,98,96,238013,0x68397d93bb6f627d
005087,5,95,99,98,238014,0x68397d93bb6f627d
005087,3,99,98,102,238013,0x68397d93bb6f627d
005087,0,96,97,98,238012,0x68397d93bb6f627d
005087,6,96,99,97,238014,0x68397d93bb6f627d
005087,4,97,98,99,238013,0x68397d93bb6f627d
005087,5,99,98,97,238013,0x68397d93bb6f627d
005087,7,96,99,98,238014,0x68397d93bb6f627d
005087,6,94,98,96,238013,0x68397d93bb6f627d
005087,7,99,98,102,238013,0x68397d93bb6f627d
005087,0,92,96,97,238011,0x68397d93bb6f627d
005087,1,98,97,96,238012,0x68397d93bb6f627d
005087,2,99,97,101,238012,0x68397d93bb6f627d
005087,3,93,97,96,238012,0x68397d93bb6f627d
005087,1,97,96,100,238011,0x68397d93bb6f627d
005087,4,96,97,98,238012,0x68397d93bb6f627d
005087,2,98,96,99,238011,0x68397d93bb6f627d
005087,5,98,97,96,238012,0x68397d93bb6f627d
005087,3,97,96,99,238011,0x68397d93bb6f627d
005087,6,99,97,101,238012,0x68397d93bb6f627d
005087,4,92,96,97,238011,0x68397d93bb6f627d
005087,7,93,97,96,238012,0x68397d93bb6f627d
005087,5,97,96,100,238011,0x68397d93bb6f627d
005087,6,98,96,99,238011,0x68397d93bb6f627d
005087,7,97,96,99,238011,0x68397d93bb6f627d
005087,0,0,0,0,238014,0xe6034034905786a2
005087,1,0,0,0,238014,0xe6034034905786a2
005087,2,0,0,0,238014,0xe6034034905786a2
005087,3,0,0,0,238014,0xe6034034905786a2
005087,4,0,0,0,238014,0xe6034034905786a2
005087,5,0,0,0,238014,0xe6034034905786a2
005087,6,0,0,0,238014,0xe6034034905786a2
005087,7,0,0,0,238014,0xe6034034905786a2
005087,8,0,0,0,238014,0xe6034034905786a2
005087,9,0,0,0,238014,0xe6034034905786a2
005087,10,0,0,0,238014,0xe6034034905786a2
005087,11,0,0,0,238014,0xe6034034905786a2
005087,12,0,0,0,238014,0xe6034034905786a2
005087,13,0,0,0,238014,0xe6034034905786a2
005087,14,0,0,0,238014,0xe6034034905786a2
005087,15,0,0,0,238014,0xe6034034905786a2
005087,16,0,0,0,238014,0xe6034034905786a2
005087,17,0,0,0,238014,0xe6034034905786a2
005087,18,0,0,0,238014,0xe6034034905786a2
005087,19,0,0,0,238014,0xe6034034905786a2
005087,20,0,0,0,238014,0xe6034034905786a2
005087,21,0,0,0,238014,0xe6034034905786a2
005087,22,0,0,0,238014,0xe6034034905786a2
005087,23,0,0,0,238014,0xe6034034905786a2
005087,24,0,0,0,238014,0xe6034034905786a2
005087,25,0,0,0,238014,0xe6034034905786a2
005087,26,0,0,0,238014,0xe6034034905786a2
005087,27,0,0,0,238014,0xe6034034905786a2
005087,28,0,0,0,238014,0xe6034034905786a2
005087,29,0,0,0,238014,0xe6034034905786a2
005087,30,0,0,0,238014,0xe6034034905786a2
005087,31,0,0,0,238014,0xe6034034905786a2
005087,0,0,0,0,238012,0xc836509e3f2470b3
005087,1,0,0,0,238012,0xc836509e3f2470b3
005087,2,0,0,0,238012,0xc836509e3f2470b3
005087,3,0,0,0,238012,0xc836509e3f2470b3
005087,4,0,0,0,238012,0xc836509e3f2470b3
005087,5,0,0,0,238012,0xc836509e3f2470b3
005087,6,0,0,0,238012,0xc836509e3f2470b3
005087,7,0,0,0,238012,0xc836509e3f2470b3
005087,8,0,0,0,238012,0xc836509e3f2470b3
005087,9,0,0,0,238012,0xc836509e3f2470b3
005087,10,0,0,0,238012,0xc836509e3f2470b3
005087,11,0,0,0,238012,0xc836509e3f2470b3
005087,12,0,0,0,238012,0xc836509e3f2470b3
005087,13,0,0,0,238012,0xc836509e3f2470b3
005087,14,0,0,0,238012,0xc836509e3f2470b3
005087,15,0,0,0,238012,0xc836509e3f2470b3
005087,16,0,0,0,238012,0xc836509e3f2470b3
005087,17,0,0,0,238012,0xc836509e3f2470b3
005087,18,0,0,0,238012,0xc836509e3f2470b3
005087,19,0,0,0,238012,0xc836509e3f2470b3
005087,20,0,0,0,238012,0xc836509e3f2470b3
005087,21,0,0,0,238012,0xc836509e3f2470b3
005087,22,0,0,0,238012,0xc836509e3f2470b3
005087,23,0,0,0,238012,0xc836509e3f2470b3
005087,24,0,0,0,238012,0xc836509e3f2470b3
005087,25,0,0,0,238012,0xc836509e3f2470b3
005087,26,0,0,0,238012,0xc836509e3f2470b3
005087,27,0,0,0,238012,0xc836509e3f2470b3
005087,28,0,0,0,238012,0xc836509e3f2470b3
005087,29,0,0,0,238012,0xc836509e3f2470b3
005087,30,0,0,0,238012,0xc836509e3f2470b3
005087,31,0,0,0,238012,0xc836509e3f2470b3
005087,0,0,0,0,238011,0x5f0a760f529c1841
005087,1,0,0,0,238011,0x5f0a760f529c1841
005087,2,0,0,0,238011,0x5f0a760f529c1841
005087,3,0,0,0,238011,0x5f0a760f529c1841
005087,4,0,0,0,238011,0x5f0a760f529c1841
005087,5,0,0,0,238011,0x5f0a760f529c1841
005087,6,0,0,0,238011,0x5f0a760f529c1841
005087,7,0,0,0,238011,0x5f0a760f529c1841
005087,8,0,0,0,238011,0x5f0a760f529c1841
005087,9,0,0,0,238011,0x5f0a760f529c1841
005087,10,0,0,0,238011,0x5f0a760f529c1841
005087,11,0,0,0,238011,0x5f0a760f529c1841
005087,12,0,0,0,238011,0x5f0a760f529c1841
005087,13,0,0,0,238011,0x5f0a760f529c1841
005087,14,0,0,0,238011,0x5f0a760f529c1841
005087,15,0,0,0,238011,0x5f0a760f529c1841
005087,16,0,0,0,238011,0x5f0a760f529c1841
005087,17,0,0,0,238011,0x5f0a760f529c1841
005087,18,0,0,0,238011,0x5f0a760f529c1841
005087,19,0,0,0,238011,0x5f0a760f529c1841
005087,20,0,0,0,238011,0x5f0a760f529c1841
005087,21,0,0,0,238011,0x5f0a760f529c1841
005087,22,0,0,0,238011,0x5f0a760f529c1841
005087,23,0,0,0,238011,0x5f0a760f529c1841
005087,24,0,0,0,238011,0x5f0a760f529c1841
005087,25,0,0,0,238011,0x5f0a760f529c1841
005087,26,0,0,0,238011,0x5f0a760f529c1841
005087,27,0,0,0,238011,0x5f0a760f529c1841
005087,28,0,0,0,238011,0x5f0a760f529c1841
005087,29,0,0,0,238011,0x5f0a760f529c1841
005087,30,0,0,0,238011,0x5f0a760f529c1841
005087,31,0,0,0,238011,0x5f0a760f529c1841
005087,0,0,0,0,238013,0x15ea146643f10902
005087,1,0,0,0,238013,0x15ea146643f10902
005087,2,0,0,0,238013,0x15ea146643f10902
005087,3,0,0,0,238013,0x15ea146643f10902
005087,4,0,0,0,238013,0x15ea146643f10902
005087,5,0,0,0,238013,0x15ea146643f10902
005087,6,0,0,0,238013,0x15ea146643f10902
005087,7,0,0,0,238013,0x15ea146643f10902
005087,8,0,0,0,238013,0x15ea146643f10902
005087,9,0,0,0,238013,0x15ea146643f10902
005087,10,0,0,0,238013,0x15ea146643f10902
005087,11,0,0,0,238013,0x15ea146643f10902
005087,12,0,0,0,238013,0x15ea146643f10902
005087,13,0,0,0,238013,0x15ea146643f10902
005087,14,0,0,0,238013,0x15ea146643f10902
005087,15,0,0,0,238013,0x15ea146643f10902
005087,16,0,0,0,238013,0x15ea146643f10902
005087,17,0,0,0,238013,0x15ea146643f10902
005087,18,0,0,0,238013,0x15ea146643f10902
005087,19,0,0,0,238013,0x15ea146643f10902
005087,20,0,0,0,238013,0x15ea146643f10902
005087,21,0,0,0,238013,0x15ea146643f10902
005087,22,0,0,0,238013,0x15ea146643f10902
005087,23,0,0,0,238013,0x15ea146643f10902
005087,24,0,0,0,238013,0x15ea146643f10902
005087,25,0,0,0,238013,0x15ea146643f10902
005087,26,0,0,0,238013,0x15ea146643f10902
005087,27,0,0,0,238013,0x15ea146643f10902
005087,28,0,0,0,238013,0x15ea146643f10902
005087,29,0,0,0,238013,0x15ea146643f10902
005087,30,0,0,0,238013,0x15ea146643f10902
005087,31,0,0,0,238013,0x15ea146643f10902
005087,0,98,99,103,238014,0xe7d12636594460c0
005087,1,95,99,98,238014,0xe7d12636594460c0
005087,2,96,99,97,238014,0xe7d12636594460c0
005087,3,96,99,98,238014,0xe7d12636594460c0
005087,4,98,99,103,238014,0xe7d12636594460c0
005087,5,95,99,98,238014,0xe7d12636594460c0
005087,6,96,99,97,238014,0xe7d12636594460c0
005087,7,96,99,98,238014,0xe7d12636594460c0
005087,0,97,98,99,238013,0xe7d12636594460c0
005087,1,99,98,97,238013,0xe7d12636594460c0
005087,2,94,98,96,238013,0xe7d12636594460c0
005087,3,99,98,102,238013,0xe7d12636594460c0
005087,4,97,98,99,238013,0xe7d12636594460c0
005087,5,99,98,97,238013,0xe7d12636594460c0
005087,6,94,98,96,238013,0xe7d12636594460c0
005087,7,99,98,102,238013,0xe7d12636594460c0
005087,0,96,97,98,238012,0xe7d12636594460c0
005087,1,98,97,96,238012,0xe7d12636594460c0
005087,2,99,97,101,238012,0xe7d12636594460c0
005087,3,93,97,96,238012,0xe7d12636594460c0
005087,4,96,97,98,238012,0xe7d12636594460c0
005087,5,98,97,96,238012,0xe7d12636594460c0
005087,6,99,97,101,238012,0xe7d12636594460c0
005087,7,93,97,96,238012,0xe7d12636594460c0
005087,0,92,96,97,238011,0xe7d12636594460c0
005087,1,97,96,100,238011,0xe7d12636594460c0
005087,2,98,96,99,238011,0xe7d12636594460c0
005087,3,97,96,99,238011,0xe7d12636594460c0
005087,4,92,96,97,238011,0xe7d12636594460c0
005087,5,97,96,100,238011,0xe7d12636594460c0
005087,6,98,96,99,238011,0xe7d12636594460c0
005087,7,97,96,99,238011,0xe7d12636594460c0
005087,0,0,0,0,238012,0xb436a51d121e52f8
005087,1,0,0,0,238012,0xb436a51d121e52f8
005087,2,0,0,0,238012,0xb436a51d121e52f8
005087,3,0,0,0,238012,0xb436a51d121e52f8
005087,4,0,0,0,238012,0xb436a51d121e52f8
005087,5,0,0,0,238012,0xb436a51d121e52f8
005087,6,0,0,0,238012,0xb436a51d121e52f8
005087,7,0,0,0,238012,0xb436a51d121e52f8
005087,8,0,0,0,238012,0xb436a51d121e52f8
005087,9,0,0,0,238012,0xb436a51d121e52f8
005087,10,0,0,0,238012,0xb436a51d121e52f8
005087,11,0,0,0,238012,0xb436a51d121e52f8
005087,12,0,0,0,238012,0xb436a51d121e52f8
005087,13,0,0,0,238012,0xb436a51d121e52f8
005087,14,0,0,0,238012,0xb436a51d121e52f8
005087,15,0,0,0,238012,0xb436a51d121e52f8
005087,16,0,0,0,238012,0xb436a51d121e52f8
005087,17,0,0,0,238012,0xb436a51d121e52f8
005087,18,0,0,0,238012,0xb436a51d121e52f8
005087,19,0,0,0,238012,0xb436a51d121e52f8
005087,20,0,0,0,238012,0xb436a51d121e52f8
005087,21,0,0,0,238012,0xb436a51d121e52f8
005087,22,0,0,0,238012,0xb436a51d121e52f8
005087,23,0,0,0,238012,0xb436a51d121e52f8
005087,24,0,0,0,238012,0xb436a51d121e52f8
005087,25,0,0,0,238012,0xb436a51d121e52f8
005087,26,0,0,0,238012,0xb436a51d121e52f8
005087,27,0,0,0,238012,0xb436a51d121e52f8
005087,28,0,0,0,238012,0xb436a51d121e52f8
005087,29,0,0,0,238012,0xb436a51d121e52f8
005087,30,0,0,0,238012,0xb436a51d121e52f8
005087,31,0,0,0,238012,0xb436a51d121e52f8
005087,0,0,0,0,238013,0x1cd5422cd86296ca
005087,1,0,0,0,238013,0x1cd5422cd86296ca
005087,2,0,0,0,238013,0x1cd5422cd86296ca
005087,3,0,0,0,238013,0x1cd5422cd86296ca
005087,4,0,0,0,238013,0x1cd5422cd86296ca
005087,5,0,0,0,238013,0x1cd5422cd86296ca
005087,6,0,0,0,238013,0x1cd5422cd86296ca
005087,7,0,0,0,238013,0x1cd5422cd86296ca
005087,8,0,0,0,238013,0x1cd5422cd86296ca
005087,9,0,0,0,238013,0x1cd5422cd86296ca
005087,10,0,0,0,238013,0x1cd5422cd86296ca
005087,11,0,0,0,238013,0x1cd5422cd86296ca
005087,12,0,0,0,238013,0x1cd5422cd86296ca
005087,13,0,0,0,238013,0x1cd5422cd86296ca
005087,14,0,0,0,238013,0x1cd5422cd86296ca
005087,15,0,0,0,238013,0x1cd5422cd86296ca
005087,16,0,0,0,238013,0x1cd5422cd86296ca
005087,17,0,0,0,238013,0x1cd5422cd86296ca
005087,18,0,0,0,238013,0x1cd5422cd86296ca
005087,19,0,0,0,238013,0x1cd5422cd86296ca
005087,20,0,0,0,238013,0x1cd5422cd86296ca
005087,21,0,0,0,238013,0x1cd5422cd86296ca
005087,22,0,0,0,238013,0x1cd5422cd86296ca
005087,23,0,0,0,238013,0x1cd5422cd86296ca
005087,24,0,0,0,238013,0x1cd5422cd86296ca
005087,25,0,0,0,238013,0x1cd5422cd86296ca
005087,26,0,0,0,238013,0x1cd5422cd86296ca
005087,27,0,0,0,238013,0x1cd5422cd86296ca
005087,28,0,0,0,238013,0x1cd5422cd86296ca
005087,29,0,0,0,238013,0x1cd5422cd86296ca
005087,30,0,0,0,238013,0x1cd5422cd86296ca
005087,31,0,0,0,238013,0x1cd5422cd86296ca
005087,0,0,0,0,238014,0xdd93074df00728ce
005087,1,0,0,0,238014,0xdd93074df00728ce
005087,2,0,0,0,238014,0xdd93074df00728ce
005087,3,0,0,0,238014,0xdd93074df00728ce
005087,4,0,0,0,238014,0xdd93074df00728ce
005087,5,0,0,0,238014,0xdd93074df00728ce
005087,6,0,0,0,238014,0xdd93074df00728ce
005087,7,0,0,0,238014,0xdd93074df00728ce
005087,8,0,0,0,238014,0xdd93074df00728ce
005087,9,0,0,0,238014,0xdd93074df00728ce
005087,10,0,0,0,238014,0xdd93074df00728ce
005087,11,0,0,0,238014,0xdd93074df00728ce
005087,12,0,0,0,238014,0xdd93074df00728ce
005087,13,0,0,0,238014,0xdd93074df00728ce
005087,14,0,0,0,238014,0xdd93074df00728ce
005087,15,0,0,0,238014,0xdd93074df00728ce
005087,16,0,0,0,238014,0xdd93074df00728ce
005087,17,0,0,0,238014,0xdd93074df00728ce
005087,18,0,0,0,238014,0xdd93074df00728ce
005087,19,0,0,0,238014,0xdd93074df00728ce
005087,20,0,0,0,238014,0xdd93074df00728ce
005087,21,0,0,0,238014,0xdd93074df00728ce
005087,22,0,0,0,238014,0xdd93074df00728ce
005087,23,0,0,0,238014,0xdd93074df00728ce
005087,24,0,0,0,238014,0xdd93074df00728ce
005087,25,0,0,0,238014,0xdd93074df00728ce
005087,26,0,0,0,238014,0xdd93074df00728ce
005087,27,0,0,0,238014,0xdd93074df00728ce
005087,28,0,0,0,238014,0xdd93074df00728ce
005087,29,0,0,0,238014,0xdd93074df00728ce
005087,30,0,0,0,238014,0xdd93074df00728ce
005087,31,0,0,0,238014,0xdd93074df00728ce
005087,0,0,0,0,238011,0x1fb556a606a44013
005087,1,0,0,0,238011,0x1fb556a606a44013
005087,2,0,0,0,238011,0x1fb556a606a44013
005087,3,0,0,0,238011,0x1fb556a606a44013
005087,4,0,0,0,238011,0x1fb556a606a44013
005087,5,0,0,0,238011,0x1fb556a606a44013
005087,6,0,0,0,238011,0x1fb556a606a44013
005087,7,0,0,0,238011,0x1fb556a606a44013
005087,8,0,0,0,238011,0x1fb556a606a44013
005087,9,0,0,0,238011,0x1fb556a606a44013
005087,10,0,0,0,238011,0x1fb556a606a44013
005087,11,0,0,0,238011,0x1fb556a606a44013
005087,12,0,0,0,238011,0x1fb556a606a44013
005087,13,0,0,0,238011,0x1fb556a606a44013
005087,14,0,0,0,238011,0x1fb556a606a44013
005087,15,0,0,0,238011,0x1fb556a606a44013
005087,16,0,0,0,238011,0x1fb556a606a44013
005087,17,0,0,0,238011,0x1fb556a606a44013
005087,18,0,0,0,238011,0x1fb556a606a44013
005087,19,0,0,0,238011,0x1fb556a606a44013
005087,20,0,0,0,238011,0x1fb556a606a44013
005087,21,0,0,0,238011,0x1fb556a606a44013
005087,22,0,0,0,238011,0x1fb556a606a44013
005087,23,0,0,0,238011,0x1fb556a606a44013
005087,24,0,0,0,238011,0x1fb556a606a44013
005087,25,0,0,0,238011,0x1fb556a606a44013
005087,26,0,0,0,238011,0x1fb556a606a44013
005087,27,0,0,0,238011,0x1fb556a606a44013
005087,28,0,0,0,238011,0x1fb556a606a44013
005087,29,0,0,0,238011,0x1fb556a606a44013
005087,30,0,0,0,238011,0x1fb556a606a44013
005087,31,0,0,0,238011,0x1fb556a606a44013
005085,0,94,93,92,230184,0x68397d93bb6f627d
005085,0,93,92,96,230183,0x68397d93bb6f627d
005085,1,92,93,94,230184,0x68397d93bb6f627d
005085,2,89,93,92,230184,0x68397d93bb6f627d
005085,3,95,93,97,230184,0x68397d93bb6f627d
005085,4,94,93,92,230184,0x68397d93bb6f627d
005085,5,92,93,94,230184,0x68397d93bb6f627d
005085,6,89,93,92,230184,0x68397d93bb6f627d
005085,7,95,93,97,230184,0x68397d93bb6f627d
005085,0,91,95,94,230186,0x68397d93bb6f627d
005085,0,95,94,93,230185,0x68397d93bb6f627d
005085,1,88,92,93,230183,0x68397d93bb6f627d
005085,2,93,92,95,230183,0x68397d93bb6f627d
005085,3,94,92,95,230183,0x68397d93bb6f627d
005085,4,93,92,96,230183,0x68397d93bb6f627d
005085,5,88,92,93,230183,0x68397d93bb6f627d
005085,1,94,95,99,230186,0x68397d93bb6f627d
005085,1,93,94,95,230185,0x68397d93bb6f627d
005085,6,93,92,95,230183,0x68397d93bb6f627d
005085,7,94,92,95,230183,0x68397d93bb6f627d
005085,2,92,95,94,230186,0x68397d93bb6f627d
005085,2,95,94,98,230185,0x68397d93bb6f627d
005085,3,92,95,93,230186,0x68397d93bb6f627d
005085,3,90,94,92,230185,0x68397d93bb6f627d
005085,4,91,95,94,230186,0x68397d93bb6f627d
005085,4,95,94,93,230185,0x68397d93bb6f627d
005085,5,93,94,95,230185,0x68397d93bb6f627d
005085,5,94,95,99,230186,0x68397d93bb6f627d
005085,6,95,94,98,230185,0x68397d93bb6f627d
005085,6,92,95,94,230186,0x68397d93bb6f627d
005085,7,90,94,92,230185,0x68397d93bb6f627d
005085,7,92,95,93,230186,0x68397d93bb6f627d
005085,0,0,0,0,230184,0xf6beccbe3b9aaf8e
005085,1,0,0,0,230184,0xf6beccbe3b9aaf8e
005085,2,0,0,0,230184,0xf6beccbe3b9aaf8e
005085,3,0,0,0,230184,0xf6beccbe3b9aaf8e
005085,4,0,0,0,230184,0xf6beccbe3b9aaf8e
005085,5,0,0,0,230184,0xf6beccbe3b9aaf8e
005085,6,0,0,0,230184,0xf6beccbe3b9aaf8e
005085,7,0,0,0,230184,0xf6beccbe3b9aaf8e
005085,8,0,0,0,230184,0xf6beccbe3b9aaf8e
005085,9,0,0,0,230184,0xf6beccbe3b9aaf8e
005085,10,0,0,0,230184,0xf6beccbe3b9aaf8e
005085,11,0,0,0,230184,0xf6beccbe3b9aaf8e
005085,12,0,0,0,230184,0xf6beccbe3b9aaf8e
005085,13,0,0,0,230184,0xf6beccbe3b9aaf8e
005085,14,0,0,0,230184,0xf6beccbe3b9aaf8e
005085,15,0,0,0,230184,0xf6beccbe3b9aaf8e
005085,16,0,0,0,230184,0xf6beccbe3b9aaf8e
005085,17,0,0,0,230184,0xf6beccbe3b9aaf8e
005085,18,0,0,0,230184,0xf6beccbe3b9aaf8e
005085,19,0,0,0,230184,0xf6beccbe3b9aaf8e
005085,20,0,0,0,230184,0xf6beccbe3b9aaf8e
005085,21,0,0,0,230184,0xf6beccbe3b9aaf8e
005085,22,0,0,0,230184,0xf6beccbe3b9aaf8e
005085,23,0,0,0,230184,0xf6beccbe3b9aaf8e
005085,24,0,0,0,230184,0xf6beccbe3b9aaf8e
005085,25,0,0,0,230184,0xf6beccbe3b9aaf8e
005085,26,0,0,0,230184,0xf6beccbe3b9aaf8e
005085,27,0,0,0,230184,0xf6beccbe3b9aaf8e
005085,28,0,0,0,230184,0xf6beccbe3b9aaf8e
005085,29,0,0,0,230184,0xf6beccbe3b9aaf8e
005085,30,0,0,0,230184,0xf6beccbe3b9aaf8e
005085,31,0,0,0,230184,0xf6beccbe3b9aaf8e
005085,0,0,0,0,230185,0x2f4c28995ea5b7
005085,1,0,0,0,230185,0x2f4c28995ea5b7
005085,2,0,0,0,230185,0x2f4c28995ea5b7
005085,3,0,0,0,230185,0x2f4c28995ea5b7
005085,4,0,0,0,230185,0x2f4c28995ea5b7
005085,5,0,0,0,230185,0x2f4c28995ea5b7
005085,6,0,0,0,230185,0x2f4c28995ea5b7
005085,7,0,0,0,230185,0x2f4c28995ea5b7
005085,8,0,0,0,230185,0x2f4c28995ea5b7
005085,9,0,0,0,230185,0x2f4c28995ea5b7
005085,10,0,0,0,230185,0x2f4c28995ea5b7
005085,11,0,0,0,230185,0x2f4c28995ea5b7
005085,12,0,0,0,230185,0x2f4c28995ea5b7
005085,13,0,0,0,230185,0x2f4c28995ea5b7
005085,14,0,0,0,230185,0x2f4c28995ea5b7
005085,15,0,0,0,230185,0x2f4c28995ea5b7
005085,16,0,0,0,230185,0x2f4c28995ea5b7
005085,17,0,0,0,230185,0x2f4c28995ea5b7
005085,18,0,0,0,230185,0x2f4c28995ea5b7
005085,19,0,0,0,230185,0x2f4c28995ea5b7
005085,20,0,0,0,230185,0x2f4c28995ea5b7
005085,21,0,0,0,230185,0x2f4c28995ea5b7
005085,22,0,0,0,230185,0x2f4c28995ea5b7
005085,23,0,0,0,230185,0x2f4c28995ea5b7
005085,24,0,0,0,230185,0x2f4c28995ea5b7
005085,25,0,0,0,230185,0x2f4c28995ea5b7
005085,26,0,0,0,230185,0x2f4c28995ea5b7
005085,27,0,0,0,230185,0x2f4c28995ea5b7
005085,28,0,0,0,230185,0x2f4c28995ea5b7
005085,29,0,0,0,230185,0x2f4c28995ea5b7
005085,30,0,0,0,230185,0x2f4c28995ea5b7
005085,31,0,0,0,230185,0x2f4c28995ea5b7
005085,0,0,0,0,230186,0x209a1300693a583d
005085,1,0,0,0,230186,0x209a1300693a583d
005085,2,0,0,0,230186,0x209a1300693a583d
005085,3,0,0,0,230186,0x209a1300693a583d
005085,4,0,0,0,230186,0x209a1300693a583d
005085,5,0,0,0,230186,0x209a1300693a583d
005085,6,0,0,0,230186,0x209a1300693a583d
005085,7,0,0,0,230186,0x209a1300693a583d
005085,8,0,0,0,230186,0x209a1300693a583d
005085,9,0,0,0,230186,0x209a1300693a583d
005085,10,0,0,0,230186,0x209a1300693a583d
005085,11,0,0,0,230186,0x209a1300693a583d
005085,12,0,0,0,230186,0x209a1300693a583d
005085,13,0,0,0,230186,0x209a1300693a583d
005085,14,0,0,0,230186,0x209a1300693a583d
005085,15,0,0,0,230186,0x209a1300693a583d
005085,16,0,0,0,230186,0x209a1300693a583d
005085,17,0,0,0,230186,0x209a1300693a583d
005085,18,0,0,0,230186,0x209a1300693a583d
005085,19,0,0,0,230186,0x209a1300693a583d
005085,20,0,0,0,230186,0x209a1300693a583d
005085,21,0,0,0,230186,0x209a1300693a583d
005085,22,0,0,0,230186,0x209a1300693a583d
005085,23,0,0,0,230186,0x209a1300693a583d
005085,24,0,0,0,230186,0x209a1300693a583d
005085,25,0,0,0,230186,0x209a1300693a583d
005085,26,0,0,0,230186,0x209a1300693a583d
005085,27,0,0,0,230186,0x209a1300693a583d
005085,28,0,0,0,230186,0x209a1300693a583d
005085,29,0,0,0,230186,0x209a1300693a583d
005085,30,0,0,0,230186,0x209a1300693a583d
005085,31,0,0,0,230186,0x209a1300693a583d
005085,0,0,0,0,230183,0xf7baee96b6e588b9
005085,1,0,0,0,230183,0xf7baee96b6e588b9
005085,2,0,0,0,230183,0xf7baee96b6e588b9
005085,3,0,0,0,230183,0xf7baee96b6e588b9
005085,4,0,0,0,230183,0xf7baee96b6e588b9
005085,5,0,0,0,230183,0xf7baee96b6e588b9
005085,6,0,0,0,230183,0xf7baee96b6e588b9
005085,7,0,0,0,230183,0xf7baee96b6e588b9
005085,8,0,0,0,230183,0xf7baee96b6e588b9
005085,9,0,0,0,230183,0xf7baee96b6e588b9
005085,10,0,0,0,230183,0xf7baee96b6e588b9
005085,11,0,0,0,230183,0xf7baee96b6e588b9
005085,12,0,0,0,230183,0xf7baee96b6e588b9
005085,13,0,0,0,230183,0xf7baee96b6e588b9
005085,14,0,0,0,230183,0xf7baee96b6e588b9
005085,15,0,0,0,230183,0xf7baee96b6e588b9
005085,16,0,0,0,230183,0xf7baee96b6e588b9
005085,17,0,0,0,230183,0xf7baee96b6e588b9
005085,18,0,0,0,230183,0xf7baee96b6e588b9
005085,19,0,0,0,230183,0xf7baee96b6e588b9
005085,20,0,0,0,230183,0xf7baee96b6e588b9
005085,21,0,0,0,230183,0xf7baee96b6e588b9
005085,22,0,0,0,230183,0xf7baee96b6e588b9
005085,23,0,0,0,230183,0xf7baee96b6e588b9
005085,24,0,0,0,230183,0xf7baee96b6e588b9
005085,25,0,0,0,230183,0xf7baee96b6e588b9
005085,26,0,0,0,230183,0xf7baee96b6e588b9
005085,27,0,0,0,230183,0xf7baee96b6e588b9
005085,28,0,0,0,230183,0xf7baee96b6e588b9
005085,29,0,0,0,230183,0xf7baee96b6e588b9
005085,30,0,0,0,230183,0xf7baee96b6e588b9
005085,31,0,0,0,230183,0xf7baee96b6e588b9
005085,0,91,95,94,230186,0xe7d12636594460c0
005085,1,94,95,99,230186,0xe7d12636594460c0
005085,2,92,95,94,230186,0xe7d12636594460c0
005085,3,92,95,93,230186,0xe7d12636594460c0
005085,4,91,95,94,230186,0xe7d12636594460c0
005085,5,94,95,99,230186,0xe7d12636594460c0
005085,6,92,95,94,230186,0xe7d12636594460c0
005085,7,92,95,93,230186,0xe7d12636594460c0
005085,0,95,94,93,230185,0xe7d12636594460c0
005085,1,93,94,95,230185,0xe7d12636594460c0
005085,2,95,94,98,230185,0xe7d12636594460c0
005085,3,90,94,92,230185,0xe7d12636594460c0
005085,4,95,94,93,230185,0xe7d12636594460c0
005085,5,93,94,95,230185,0xe7d12636594460c0
005085,6,95,94,98,230185,0xe7d12636594460c0
005085,7,90,94,92,230185,0xe7d12636594460c0
005085,0,94,93,92,230184,0xe7d12636594460c0
005085,1,92,93,94,230184,0xe7d12636594460c0
005085,2,89,93,92,230184,0xe7d12636594460c0
005085,3,95,93,97,230184,0xe7d12636594460c0
005085,4,94,93,92,230184,0xe7d12636594460c0
005085,5,92,93,94,230184,0xe7d12636594460c0
005085,6,89,93,92,230184,0xe7d12636594460c0
005085,7,95,93,97,230184,0xe7d12636594460c0
005085,0,93,92,96,230183,0xe7d12636594460c0
005085,1,88,92,93,230183,0xe7d12636594460c0
005085,2,93,92,95,230183,0xe7d12636594460c0
005085,3,94,92,95,230183,0xe7d12636594460c0
005085,4,93,92,96,230183,0xe7d12636594460c0
005085,5,88,92,93,230183,0xe7d12636594460c0
005085,6,93,92,95,230183,0xe7d12636594460c0
005085,7,94,92,95,230183,0xe7d12636594460c0
005085,0,0,0,0,230186,0xfb779fed84e63370
005085,1,0,0,0,230186,0xfb779fed84e63370
005085,2,0,0,0,230186,0xfb779fed84e63370
005085,3,0,0,0,230186,0xfb779fed84e63370
005085,4,0,0,0,230186,0xfb779fed84e63370
005085,5,0,0,0,230186,0xfb779fed84e63370
005085,6,0,0,0,230186,0xfb779fed84e63370
005085,7,0,0,0,230186,0xfb779fed84e63370
005085,8,0,0,0,230186,0xfb779fed84e63370
005085,9,0,0,0,230186,0xfb779fed84e63370
005085,10,0,0,0,230186,0xfb779fed84e63370
005085,11,0,0,0,230186,0xfb779fed84e63370
005085,12,0,0,0,230186,0xfb779fed84e63370
005085,13,0,0,0,230186,0xfb779fed84e63370
005085,14,0,0,0,230186,0xfb779fed84e63370
005085,15,0,0,0,230186,0xfb779fed84e63370
005085,16,0,0,0,230186,0xfb779fed84e63370
005085,17,0,0,0,230186,0xfb779fed84e63370
005085,18,0,0,0,230186,0xfb779fed84e63370
005085,19,0,0,0,230186,0xfb779fed84e63370
005085,20,0,0,0,230186,0xfb779fed84e63370
005085,21,0,0,0,230186,0xfb779fed84e63370
005085,22,0,0,0,230186,0xfb779fed84e63370
005085,23,0,0,0,230186,0xfb779fed84e63370
005085,24,0,0,0,230186,0xfb779fed84e63370
005085,25,0,0,0,230186,0xfb779fed84e63370
005085,26,0,0,0,230186,0xfb779fed84e63370
005085,27,0,0,0,230186,0xfb779fed84e63370
005085,28,0,0,0,230186,0xfb779fed84e63370
005085,29,0,0,0,230186,0xfb779fed84e63370
005085,30,0,0,0,230186,0xfb779fed84e63370
005085,31,0,0,0,230186,0xfb779fed84e63370
005085,0,0,0,0,230184,0xa17b1cc76da6f983
005085,1,0,0,0,230184,0xa17b1cc76da6f983
005085,2,0,0,0,230184,0xa17b1cc76da6f983
005085,3,0,0,0,230184,0xa17b1cc76da6f983
005085,4,0,0,0,230184,0xa17b1cc76da6f983
005085,5,0,0,0,230184,0xa17b1cc76da6f983
005085,6,0,0,0,230184,0xa17b1cc76da6f983
005085,7,0,0,0,230184,0xa17b1cc76da6f983
005085,8,0,0,0,230184,0xa17b1cc76da6f983
005085,9,0,0,0,230184,0xa17b1cc76da6f983
005085,10,0,0,0,230184,0xa17b1cc76da6f983
005085,11,0,0,0,230184,0xa17b1cc76da6f983
005085,12,0,0,0,230184,0xa17b1cc76da6f983
005085,13,0,0,0,230184,0xa17b1cc76da6f983
005085,14,0,0,0,230184,0xa17b1cc76da6f983
005085,15,0,0,0,230184,0xa17b1cc76da6f983
005085,16,0,0,0,230184,0xa17b1cc76da6f983
005085,17,0,0,0,230184,0xa17b1cc76da6f983
005085,18,0,0,0,230184,0xa17b1cc76da6f983
005085,19,0,0,0,230184,0xa17b1cc76da6f983
005085,20,0,0,0,230184,0xa17b1cc76da6f983
005085,21,0,0,0,230184,0xa17b1cc76da6f983
005085,22,0,0,0,230184,0xa17b1cc76da6f983
005085,23,0,0,0,230184,0xa17b1cc76da6f983
005085,24,0,0,0,230184,0xa17b1cc76da6f983
005085,25,0,0,0,230184,0xa17b1cc76da6f983
005085,26,0,0,0,230184,0xa17b1cc76da6f983
005085,27,0,0,0,230184,0xa17b1cc76da6f983
005085,28,0,0,0,230184,0xa17b1cc76da6f983
005085,29,0,0,0,230184,0xa17b1cc76da6f983
005085,30,0,0,0,230184,0xa17b1cc76da6f983
005085,31,0,0,0,230184,0xa17b1cc76da6f983
005085,0,0,0,0,230185,0xfb40655213779bf3
005085,1,0,0,0,230185,0xfb40655213779bf3
005085,2,0,0,0,230185,0xfb40655213779bf3
005085,3,0,0,0,230185,0xfb40655213779bf3
005085,4,0,0,0,230185,0xfb40655213779bf3
005085,5,0,0,0,230185,0xfb40655213779bf3
005085,6,0,0,0,230185,0xfb40655213779bf3
005085,7,0,0,0,230185,0xfb40655213779bf3
005085,8,0,0,0,230185,0xfb40655213779bf3
005085,9,0,0,0,230185,0xfb40655213779bf3
005085,10,0,0,0,230185,0xfb40655213779bf3
005085,11,0,0,0,230185,0xfb40655213779bf3
005085,12,0,0,0,230185,0xfb40655213779bf3
005085,13,0,0,0,230185,0xfb40655213779bf3
005085,14,0,0,0,230185,0xfb40655213779bf3
005085,15,0,0,0,230185,0xfb40655213779bf3
005085,16,0,0,0,230185,0xfb40655213779bf3
005085,17,0,0,0,230185,0xfb40655213779bf3
005085,18,0,0,0,230185,0xfb40655213779bf3
005085,19,0,0,0,230185,0xfb40655213779bf3
005085,20,0,0,0,230185,0xfb40655213779bf3
005085,21,0,0,0,230185,0xfb40655213779bf3
005085,22,0,0,0,230185,0xfb40655213779bf3
005085,23,0,0,0,230185,0xfb40655213779bf3
005085,24,0,0,0,230185,0xfb40655213779bf3
005085,25,0,0,0,230185,0xfb40655213779bf3
005085,26,0,0,0,230185,0xfb40655213779bf3
005085,27,0,0,0,230185,0xfb40655213779bf3
005085,28,0,0,0,230185,0xfb40655213779bf3
005085,29,0,0,0,230185,0xfb40655213779bf3
005085,30,0,0,0,230185,0xfb40655213779bf3
005085,31,0,0,0,230185,0xfb40655213779bf3
005085,0,0,0,0,230183,0x4c2ef58b608a6d22
005085,1,0,0,0,230183,0x4c2ef58b608a6d22
005085,2,0,0,0,230183,0x4c2ef58b608a6d22
005085,3,0,0,0,230183,0x4c2ef58b608a6d22
005085,4,0,0,0,230183,0x4c2ef58b608a6d22
005085,5,0,0,0,230183,0x4c2ef58b608a6d22
005085,6,0,0,0,230183,0x4c2ef58b608a6d22
005085,7,0,0,0,230183,0x4c2ef58b608a6d22
005085,8,0,0,0,230183,0x4c2ef58b608a6d22
005085,9,0,0,0,230183,0x4c2ef58b608a6d22
005085,10,0,0,0,230183,0x4c2ef58b608a6d22
005085,11,0,0,0,230183,0x4c2ef58b608a6d22
005085,12,0,0,0,230183,0x4c2ef58b608a6d22
005085,13,0,0,0,230183,0x4c2ef58b608a6d22
005085,14,0,0,0,230183,0x4c2ef58b608a6d22
005085,15,0,0,0,230183,0x4c2ef58b608a6d22
005085,16,0,0,0,230183,0x4c2ef58b608a6d22
005085,17,0,0,0,230183,0x4c2ef58b608a6d22
005085,18,0,0,0,230183,0x4c2ef58b608a6d22
005085,19,0,0,0,230183,0x4c2ef58b608a6d22
005085,20,0,0,0,230183,0x4c2ef58b608a6d22
005085,21,0,0,0,230183,0x4c2ef58b608a6d22
005085,22,0,0,0,230183,0x4c2ef58b608a6d22
005085,23,0,0,0,230183,0x4c2ef58b608a6d22
005085,24,0,0,0,230183,0x4c2ef58b608a6d22
005085,25,0,0,0,230183,0x4c2ef58b608a6d22
005085,26,0,0,0,230183,0x4c2ef58b608a6d22
005085,27,0,0,0,230183,0x4c2ef58b608a6d22
005085,28,0,0,0,230183,0x4c2ef58b608a6d22
005085,29,0,0,0,230183,0x4c2ef58b608a6d22
005085,30,0,0,0,230183,0x4c2ef58b608a6d22
005085,31,0,0,0,230183,0x4c2ef58b608a6d22
005059,0,3,7,6,267780,0x68397d93bb6f627d
005059,1,6,7,11,267780,0x68397d93bb6f627d
005059,2,4,7,6,267780,0x68397d93bb6f627d
005059,3,4,7,5,267780,0x68397d93bb6f627d
005059,4,3,7,6,267780,0x68397d93bb6f627d
005059,5,6,7,11,267780,0x68397d93bb6f627d
005059,6,4,7,6,267780,0x68397d93bb6f627d
005059,7,4,7,5,267780,0x68397d93bb6f627d
005059,0,7,6,5,267779,0x68397d93bb6f627d
005059,1,5,6,7,267779,0x68397d93bb6f627d
005059,2,7,6,10,267779,0x68397d93bb6f627d
005059,3,2,6,4,267779,0x68397d93bb6f627d
005059,4,7,6,5,267779,0x68397d93bb6f627d
005059,5,5,6,7,267779,0x68397d93bb6f627d
005059,6,7,6,10,267779,0x68397d93bb6f627d
005059,7,2,6,4,267779,0x68397d93bb6f627d
005059,0,6,5,4,267778,0x68397d93bb6f627d
005059,0,5,4,8,267777,0x68397d93bb6f627d
005059,1,4,5,6,267778,0x68397d93bb6f627d
005059,2,1,5,4,267778,0x68397d93bb6f627d
005059,3,7,5,9,267778,0x68397d93bb6f627d
005059,4,6,5,4,267778,0x68397d93bb6f627d
005059,5,4,5,6,267778,0x68397d93bb6f627d
005059,6,1,5,4,267778,0x68397d93bb6f627d
005059,7,7,5,9,267778,0x68397d93bb6f627d
005059,1,0,4,5,267777,0x68397d93bb6f627d
005059,2,5,4,7,267777,0x68397d93bb6f627d
005059,3,6,4,7,267777,0x68397d93bb6f627d
005059,4,5,4,8,267777,0x68397d93bb6f627d
005059,5,0,4,5,267777,0x68397d93bb6f627d
005059,6,5,4,7,267777,0x68397d93bb6f627d
005059,7,6,4,7,267777,0x68397d93bb6f627d
005059,0,0,0,0,267780,0xd8348dc88ea867a9
005059,1,0,0,0,267780,0xd8348dc88ea867a9
005059,2,0,0,0,267780,0xd8348dc88ea867a9
005059,3,0,0,0,267780,0xd8348dc88ea867a9
005059,4,0,0,0,267780,0xd8348dc88ea867a9
005059,5,0,0,0,267780,0xd8348dc88ea867a9
005059,6,0,0,0,267780,0xd8348dc88ea867a9
005059,7,0,0,0,267780,0xd8348dc88ea867a9
005059,8,0,0,0,267780,0xd8348dc88ea867a9
005059,9,0,0,0,267780,0xd8348dc88ea867a9
005059,10,0,0,0,267780,0xd8348dc88ea867a9
005059,11,0,0,0,267780,0xd8348dc88ea867a9
005059,12,0,0,0,267780,0xd8348dc88ea867a9
005059,13,0,0,0,267780,0xd8348dc88ea867a9
005059,14,0,0,0,267780,0xd8348dc88ea867a9
005059,15,0,0,0,267780,0xd8348dc88ea867a9
005059,16,0,0,0,267780,0xd8348dc88ea867a9
005059,17,0,0,0,267780,0xd8348dc88ea867a9
005059,18,0,0,0,267780,0xd8348dc88ea867a9
005059,19,0,0,0,267780,0xd8348dc88ea867a9
005059,20,0,0,0,267780,0xd8348dc88ea867a9
005059,21,0,0,0,267780,0xd8348dc88ea867a9
005059,22,0,0,0,267780,0xd8348dc88ea867a9
005059,23,0,0,0,267780,0xd8348dc88ea867a9
005059,24,0,0,0,267780,0xd8348dc88ea867a9
005059,25,0,0,0,267780,0xd8348dc88ea867a9
005059,26,0,0,0,267780,0xd8348dc88ea867a9
005059,27,0,0,0,267780,0xd8348dc88ea867a9
005059,28,0,0,0,267780,0xd8348dc88ea867a9
005059,29,0,0,0,267780,0xd8348dc88ea867a9
005059,30,0,0,0,267780,0xd8348dc88ea867a9
005059,31,0,0,0,267780,0xd8348dc88ea867a9
005059,0,0,0,0,267778,0x8723b062a2391de6
005059,1,0,0,0,267778,0x8723b062a2391de6
005059,2,0,0,0,267778,0x8723b062a2391de6
005059,3,0,0,0,267778,0x8723b062a2391de6
005059,4,0,0,0,267778,0x8723b062a2391de6
005059,5,0,0,0,267778,0x8723b062a2391de6
005059,6,0,0,0,267778,0x8723b062a2391de6
005059,7,0,0,0,267778,0x8723b062a2391de6
005059,8,0,0,0,267778,0x8723b062a2391de6
005059,9,0,0,0,267778,0x8723b062a2391de6
005059,10,0,0,0,267778,0x8723b062a2391de6
005059,11,0,0,0,267778,0x8723b062a2391de6
005059,12,0,0,0,267778,0x8723b062a2391de6
005059,13,0,0,0,267778,0x8723b062a2391de6
005059,14,0,0,0,267778,0x8723b062a2391de6
005059,15,0,0,0,267778,0x8723b062a2391de6
005059,16,0,0,0,267778,0x8723b062a2391de6
005059,17,0,0,0,267778,0x8723b062a2391de6
005059,18,0,0,0,267778,0x8723b062a2391de6
005059,19,0,0,0,267778,0x8723b062a2391de6
005059,20,0,0,0,267778,0x8723b062a2391de6
005059,21,0,0,0,267778,0x8723b062a2391de6
005059,22,0,0,0,267778,0x8723b062a2391de6
005059,23,0,0,0,267778,0x8723b062a2391de6
005059,24,0,0,0,267778,0x8723b062a2391de6
005059,25,0,0,0,267778,0x8723b062a2391de6
005059,26,0,0,0,267778,0x8723b062a2391de6
005059,27,0,0,0,267778,0x8723b062a2391de6
005059,28,0,0,0,267778,0x8723b062a2391de6
005059,29,0,0,0,267778,0x8723b062a2391de6
005059,30,0,0,0,267778,0x8723b062a2391de6
005059,31,0,0,0,267778,0x8723b062a2391de6
005059,0,0,0,0,267779,0xe29aad0c91c207a6
005059,1,0,0,0,267779,0xe29aad0c91c207a6
005059,2,0,0,0,267779,0xe29aad0c91c207a6
005059,3,0,0,0,267779,0xe29aad0c91c207a6
005059,4,0,0,0,267779,0xe29aad0c91c207a6
005059,5,0,0,0,267779,0xe29aad0c91c207a6
005059,6,0,0,0,267779,0xe29aad0c91c207a6
005059,7,0,0,0,267779,0xe29aad0c91c207a6
005059,8,0,0,0,267779,0xe29aad0c91c207a6
005059,9,0,0,0,267779,0xe29aad0c91c207a6
005059,10,0,0,0,267779,0xe29aad0c91c207a6
005059,11,0,0,0,267779,0xe29aad0c91c207a6
005059,12,0,0,0,267779,0xe29aad0c91c207a6
005059,13,0,0,0,267779,0xe29aad0c91c207a6
005059,14,0,0,0,267779,0xe29aad0c91c207a6
005059,15,0,0,0,267779,0xe29aad0c91c207a6
005059,16,0,0,0,267779,0xe29aad0c91c207a6
005059,17,0,0,0,267779,0xe29aad0c91c207a6
005059,18,0,0,0,267779,0xe29aad0c91c207a6
005059,19,0,0,0,267779,0xe29aad0c91c207a6
005059,20,0,0,0,267779,0xe29aad0c91c207a6
005059,21,0,0,0,267779,0xe29aad0c91c207a6
005059,22,0,0,0,267779,0xe29aad0c91c207a6
005059,23,0,0,0,267779,0xe29aad0c91c207a6
005059,24,0,0,0,267779,0xe29aad0c91c207a6
005059,25,0,0,0,267779,0xe29aad0c91c207a6
005059,26,0,0,0,267779,0xe29aad0c91c207a6
005059,27,0,0,0,267779,0xe29aad0c91c207a6
005059,28,0,0,0,267779,0xe29aad0c91c207a6
005059,29,0,0,0,267779,0xe29aad0c91c207a6
005059,30,0,0,0,267779,0xe29aad0c91c207a6
005059,31,0,0,0,267779,0xe29aad0c91c207a6
005059,0,0,0,0,267777,0xbe98c6b36943db68
005059,1,0,0,0,267777,0xbe98c6b36943db68
005059,2,0,0,0,267777,0xbe98c6b36943db68
005059,3,0,0,0,267777,0xbe98c6b36943db68
005059,4,0,0,0,267777,0xbe98c6b36943db68
005059,5,0,0,0,267777,0xbe98c6b36943db68
005059,6,0,0,0,267777,0xbe98c6b36943db68
005059,7,0,0,0,267777,0xbe98c6b36943db68
005059,8,0,0,0,267777,0xbe98c6b36943db68
005059,9,0,0,0,267777,0xbe98c6b36943db68
005059,10,0,0,0,267777,0xbe98c6b36943db68
005059,11,0,0,0,267777,0xbe98c6b36943db68
005059,12,0,0,0,267777,0xbe98c6b36943db68
005059,13,0,0,0,267777,0xbe98c6b36943db68
005059,14,0,0,0,267777,0xbe98c6b36943db68
005059,15,0,0,0,267777,0xbe98c6b36943db68
005059,16,0,0,0,267777,0xbe98c6b36943db68
005059,17,0,0,0,267777,0xbe98c6b36943db68
005059,18,0,0,0,267777,0xbe98c6b36943db68
005059,19,0,0,0,267777,0xbe98c6b36943db68
005059,20,0,0,0,267777,0xbe98c6b36943db68
005059,21,0,0,0,267777,0xbe98c6b36943db68
005059,22,0,0,0,267777,0xbe98c6b36943db68
005059,23,0,0,0,267777,0xbe98c6b36943db68
005059,24,0,0,0,267777,0xbe98c6b36943db68
005059,25,0,0,0,267777,0xbe98c6b36943db68
005059,26,0,0,0,267777,0xbe98c6b36943db68
005059,27,0,0,0,267777,0xbe98c6b36943db68
005059,28,0,0,0,267777,0xbe98c6b36943db68
005059,29,0,0,0,267777,0xbe98c6b36943db68
005059,30,0,0,0,267777,0xbe98c6b36943db68
005059,31,0,0,0,267777,0xbe98c6b36943db68
005059,0,6,5,4,267778,0xe7d12636594460c0
005059,0,7,6,5,267779,0xe7d12636594460c0
005059,1,4,5,6,267778,0xe7d12636594460c0
005059,2,1,5,4,267778,0xe7d12636594460c0
005059,3,7,5,9,267778,0xe7d12636594460c0
005059,4,6,5,4,267778,0xe7d12636594460c0
005059,5,4,5,6,267778,0xe7d12636594460c0
005059,6,1,5,4,267778,0xe7d12636594460c0
005059,7,7,5,9,267778,0xe7d12636594460c0
005059,1,5,6,7,267779,0xe7d12636594460c0
005059,2,7,6,10,267779,0xe7d12636594460c0
005059,3,2,6,4,267779,0xe7d12636594460c0
005059,4,7,6,5,267779,0xe7d12636594460c0
005059,0,5,4,8,267777,0xe7d12636594460c0
005059,5,5,6,7,267779,0xe7d12636594460c0
005059,6,7,6,10,267779,0xe7d12636594460c0
005059,7,2,6,4,267779,0xe7d12636594460c0
005059,1,0,4,5,267777,0xe7d12636594460c0
005059,2,5,4,7,267777,0xe7d12636594460c0
005059,3,6,4,7,267777,0xe7d12636594460c0
005059,4,5,4,8,267777,0xe7d12636594460c0
005059,0,3,7,6,267780,0xe7d12636594460c0
005059,5,0,4,5,267777,0xe7d12636594460c0
005059,6,5,4,7,267777,0xe7d12636594460c0
005059,7,6,4,7,267777,0xe7d12636594460c0
005059,1,6,7,11,267780,0xe7d12636594460c0
005059,2,4,7,6,267780,0xe7d12636594460c0
005059,3,4,7,5,267780,0xe7d12636594460c0
005059,4,3,7,6,267780,0xe7d12636594460c0
005059,5,6,7,11,267780,0xe7d12636594460c0
005059,6,4,7,6,267780,0xe7d12636594460c0
005059,7,4,7,5,267780,0xe7d12636594460c0
005059,0,0,0,0,267778,0x459112c1b891bb81
005059,1,0,0,0,267778,0x459112c1b891bb81
005059,2,0,0,0,267778,0x459112c1b891bb81
005059,3,0,0,0,267778,0x459112c1b891bb81
005059,4,0,0,0,267778,0x459112c1b891bb81
005059,5,0,0,0,267778,0x459112c1b891bb81
005059,6,0,0,0,267778,0x459112c1b891bb81
005059,7,0,0,0,267778,0x459112c1b891bb81
005059,8,0,0,0,267778,0x459112c1b891bb81
005059,9,0,0,0,267778,0x459112c1b891bb81
005059,10,0,0,0,267778,0x459112c1b891bb81
005059,11,0,0,0,267778,0x459112c1b891bb81
005059,12,0,0,0,267778,0x459112c1b891bb81
005059,13,0,0,0,267778,0x459112c1b891bb81
005059,14,0,0,0,267778,0x459112c1b891bb81
005059,15,0,0,0,267778,0x459112c1b891bb81
005059,16,0,0,0,267778,0x459112c1b891bb81
005059,17,0,0,0,267778,0x459112c1b891bb81
005059,18,0,0,0,267778,0x459112c1b891bb81
005059,19,0,0,0,267778,0x459112c1b891bb81
005059,20,0,0,0,267778,0x459112c1b891bb81
005059,21,0,0,0,267778,0x459112c1b891bb81
005059,22,0,0,0,267778,0x459112c1b891bb81
005059,23,0,0,0,267778,0x459112c1b891bb81
005059,24,0,0,0,267778,0x459112c1b891bb81
005059,25,0,0,0,267778,0x459112c1b891bb81
005059,26,0,0,0,267778,0x459112c1b891bb81
005059,27,0,0,0,267778,0x459112c1b891bb81
005059,28,0,0,0,267778,0x459112c1b891bb81
005059,29,0,0,0,267778,0x459112c1b891bb81
005059,30,0,0,0,267778,0x459112c1b891bb81
005059,31,0,0,0,267778,0x459112c1b891bb81
005059,0,0,0,0,267779,0xe96632a5b9a0b442
005059,1,0,0,0,267779,0xe96632a5b9a0b442
005059,2,0,0,0,267779,0xe96632a5b9a0b442
005059,3,0,0,0,267779,0xe96632a5b9a0b442
005059,4,0,0,0,267779,0xe96632a5b9a0b442
005059,5,0,0,0,267779,0xe96632a5b9a0b442
005059,6,0,0,0,267779,0xe96632a5b9a0b442
005059,7,0,0,0,267779,0xe96632a5b9a0b442
005059,8,0,0,0,267779,0xe96632a5b9a0b442
005059,9,0,0,0,267779,0xe96632a5b9a0b442
005059,10,0,0,0,267779,0xe96632a5b9a0b442
005059,11,0,0,0,267779,0xe96632a5b9a0b442
005059,12,0,0,0,267779,0xe96632a5b9a0b442
005059,13,0,0,0,267779,0xe96632a5b9a0b442
005059,14,0,0,0,267779,0xe96632a5b9a0b442
005059,15,0,0,0,267779,0xe96632a5b9a0b442
005059,16,0,0,0,267779,0xe96632a5b9a0b442
005059,17,0,0,0,267779,0xe96632a5b9a0b442
005059,18,0,0,0,267779,0xe96632a5b9a0b442
005059,19,0,0,0,267779,0xe96632a5b9a0b442
005059,20,0,0,0,267779,0xe96632a5b9a0b442
005059,21,0,0,0,267779,0xe96632a5b9a0b442
005059,22,0,0,0,267779,0xe96632a5b9a0b442
005059,23,0,0,0,267779,0xe96632a5b9a0b442
005059,24,0,0,0,267779,0xe96632a5b9a0b442
005059,25,0,0,0,267779,0xe96632a5b9a0b442
005059,26,0,0,0,267779,0xe96632a5b9a0b442
005059,27,0,0,0,267779,0xe96632a5b9a0b442
005059,28,0,0,0,267779,0xe96632a5b9a0b442
005059,29,0,0,0,267779,0xe96632a5b9a0b442
005059,30,0,0,0,267779,0xe96632a5b9a0b442
005059,31,0,0,0,267779,0xe96632a5b9a0b442
005059,0,0,0,0,267780,0x99db367455d2a6c9
005059,1,0,0,0,267780,0x99db367455d2a6c9
005059,2,0,0,0,267780,0x99db367455d2a6c9
005059,3,0,0,0,267780,0x99db367455d2a6c9
005059,4,0,0,0,267780,0x99db367455d2a6c9
005059,5,0,0,0,267780,0x99db367455d2a6c9
005059,6,0,0,0,267780,0x99db367455d2a6c9
005059,7,0,0,0,267780,0x99db367455d2a6c9
005059,8,0,0,0,267780,0x99db367455d2a6c9
005059,9,0,0,0,267780,0x99db367455d2a6c9
005059,10,0,0,0,267780,0x99db367455d2a6c9
005059,11,0,0,0,267780,0x99db367455d2a6c9
005059,12,0,0,0,267780,0x99db367455d2a6c9
005059,13,0,0,0,267780,0x99db367455d2a6c9
005059,14,0,0,0,267780,0x99db367455d2a6c9
005059,15,0,0,0,267780,0x99db367455d2a6c9
005059,16,0,0,0,267780,0x99db367455d2a6c9
005059,17,0,0,0,267780,0x99db367455d2a6c9
005059,18,0,0,0,267780,0x99db367455d2a6c9
005059,19,0,0,0,267780,0x99db367455d2a6c9
005059,20,0,0,0,267780,0x99db367455d2a6c9
005059,21,0,0,0,267780,0x99db367455d2a6c9
005059,22,0,0,0,267780,0x99db367455d2a6c9
005059,23,0,0,0,267780,0x99db367455d2a6c9
005059,24,0,0,0,267780,0x99db367455d2a6c9
005059,25,0,0,0,267780,0x99db367455d2a6c9
005059,26,0,0,0,267780,0x99db367455d2a6c9
005059,27,0,0,0,267780,0x99db367455d2a6c9
005059,28,0,0,0,267780,0x99db367455d2a6c9
005059,29,0,0,0,267780,0x99db367455d2a6c9
005059,30,0,0,0,267780,0x99db367455d2a6c9
005059,31,0,0,0,267780,0x99db367455d2a6c9
005059,0,0,0,0,267777,0xdd26016c2bb9c167
005059,1,0,0,0,267777,0xdd26016c2bb9c167
005059,2,0,0,0,267777,0xdd26016c2bb9c167
005059,3,0,0,0,267777,0xdd26016c2bb9c167
005059,4,0,0,0,267777,0xdd26016c2bb9c167
005059,5,0,0,0,267777,0xdd26016c2bb9c167
005059,6,0,0,0,267777,0xdd26016c2bb9c167
005059,7,0,0,0,267777,0xdd26016c2bb9c167
005059,8,0,0,0,267777,0xdd26016c2bb9c167
005059,9,0,0,0,267777,0xdd26016c2bb9c167
005059,10,0,0,0,267777,0xdd26016c2bb9c167
005059,11,0,0,0,267777,0xdd26016c2bb9c167
005059,12,0,0,0,267777,0xdd26016c2bb9c167
005059,13,0,0,0,267777,0xdd26016c2bb9c167
005059,14,0,0,0,267777,0xdd26016c2bb9c167
005059,15,0,0,0,267777,0xdd26016c2bb9c167
005059,16,0,0,0,267777,0xdd26016c2bb9c167
005059,17,0,0,0,267777,0xdd26016c2bb9c167
005059,18,0,0,0,267777,0xdd26016c2bb9c167
005059,19,0,0,0,267777,0xdd26016c2bb9c167
005059,20,0,0,0,267777,0xdd26016c2bb9c167
005059,21,0,0,0,267777,0xdd26016c2bb9c167
005059,22,0,0,0,267777,0xdd26016c2bb9c167
005059,23,0,0,0,267777,0xdd26016c2bb9c167
005059,24,0,0,0,267777,0xdd26016c2bb9c167
005059,25,0,0,0,267777,0xdd26016c2bb9c167
005059,26,0,0,0,267777,0xdd26016c2bb9c167
005059,27,0,0,0,267777,0xdd26016c2bb9c167
005059,28,0,0,0,267777,0xdd26016c2bb9c167
005059,29,0,0,0,267777,0xdd26016c2bb9c167
005059,30,0,0,0,267777,0xdd26016c2bb9c167
005059,31,0,0,0,267777,0xdd26016c2bb9c167
005097,0,119,118,117,178977,0x68397d93bb6f627d
005097,0,118,117,116,178976,0x68397d93bb6f627d
005097,0,115,119,118,178978,0x68397d93bb6f627d
005097,1,117,118,119,178977,0x68397d93bb6f627d
005097,2,119,118,122,178977,0x68397d93bb6f627d
005097,3,114,118,116,178977,0x68397d93bb6f627d
005097,4,119,118,117,178977,0x68397d93bb6f627d
005097,5,117,118,119,178977,0x68397d93bb6f627d
005097,6,119,118,122,178977,0x68397d93bb6f627d
005097,7,114,118,116,178977,0x68397d93bb6f627d
005097,1,116,117,118,178976,0x68397d93bb6f627d
005097,1,118,119,123,178978,0x68397d93bb6f627d
005097,2,113,117,116,178976,0x68397d93bb6f627d
005097,2,116,119,118,178978,0x68397d93bb6f627d
005097,3,119,117,121,178976,0x68397d93bb6f627d
005097,0,117,116,120,178975,0x68397d93bb6f627d
005097,4,118,117,116,178976,0x68397d93bb6f627d
005097,3,116,119,117,178978,0x68397d93bb6f627d
005097,5,116,117,118,178976,0x68397d93bb6f627d
005097,4,115,119,118,178978,0x68397d93bb6f627d
005097,6,113,117,116,178976,0x68397d93bb6f627d
005097,5,118,119,123,178978,0x68397d93bb6f627d
005097,7,119,117,121,178976,0x68397d93bb6f627d
005097,6,116,119,118,178978,0x68397d93bb6f627d
005097,7,116,119,117,178978,0x68397d93bb6f627d
005097,1,112,116,117,178975,0x68397d93bb6f627d
005097,2,117,116,119,178975,0x68397d93bb6f627d
005097,3,118,116,119,178975,0x68397d93bb6f627d
005097,4,117,116,120,178975,0x68397d93bb6f627d
005097,5,112,116,117,178975,0x68397d93bb6f627d
005097,6,117,116,119,178975,0x68397d93bb6f627d
005097,7,118,116,119,178975,0x68397d93bb6f627d
005097,0,0,0,0,178975,0x5d84ad200a82788c
005097,1,0,0,0,178975,0x5d84ad200a82788c
005097,2,0,0,0,178975,0x5d84ad200a82788c
005097,3,0,0,0,178975,0x5d84ad200a82788c
005097,4,0,0,0,178975,0x5d84ad200a82788c
005097,5,0,0,0,178975,0x5d84ad200a82788c
005097,6,0,0,0,178975,0x5d84ad200a82788c
005097,7,0,0,0,178975,0x5d84ad200a82788c
005097,8,0,0,0,178975,0x5d84ad200a82788c
005097,9,0,0,0,178975,0x5d84ad200a82788c
005097,10,0,0,0,178975,0x5d84ad200a82788c
005097,11,0,0,0,178975,0x5d84ad200a82788c
005097,12,0,0,0,178975,0x5d84ad200a82788c
005097,13,0,0,0,178975,0x5d84ad200a82788c
005097,14,0,0,0,178975,0x5d84ad200a82788c
005097,15,0,0,0,178975,0x5d84ad200a82788c
005097,16,0,0,0,178975,0x5d84ad200a82788c
005097,17,0,0,0,178975,0x5d84ad200a82788c
005097,18,0,0,0,178975,0x5d84ad200a82788c
005097,19,0,0,0,178975,0x5d84ad200a82788c
005097,20,0,0,0,178975,0x5d84ad200a82788c
005097,21,0,0,0,178975,0x5d84ad200a82788c
005097,22,0,0,0,178975,0x5d84ad200a82788c
005097,23,0,0,0,178975,0x5d84ad200a82788c
005097,24,0,0,0,178975,0x5d84ad200a82788c
005097,25,0,0,0,178975,0x5d84ad200a82788c
005097,26,0,0,0,178975,0x5d84ad200a82788c
005097,27,0,0,0,178975,0x5d84ad200a82788c
005097,28,0,0,0,178975,0x5d84ad200a82788c
005097,29,0,0,0,178975,0x5d84ad200a82788c
005097,30,0,0,0,178975,0x5d84ad200a82788c
005097,31,0,0,0,178975,0x5d84ad200a82788c
005097,0,0,0,0,178977,0x6dbb28ce2a2a7dd5
005097,1,0,0,0,178977,0x6dbb28ce2a2a7dd5
005097,2,0,0,0,178977,0x6dbb28ce2a2a7dd5
005097,3,0,0,0,178977,0x6dbb28ce2a2a7dd5
005097,4,0,0,0,178977,0x6dbb28ce2a2a7dd5
005097,5,0,0,0,178977,0x6dbb28ce2a2a7dd5
005097,6,0,0,0,178977,0x6dbb28ce2a2a7dd5
005097,7,0,0,0,178977,0x6dbb28ce2a2a7dd5
005097,8,0,0,0,178977,0x6dbb28ce2a2a7dd5
005097,9,0,0,0,178977,0x6dbb28ce2a2a7dd5
005097,10,0,0,0,178977,0x6dbb28ce2a2a7dd5
005097,11,0,0,0,178977,0x6dbb28ce2a2a7dd5
005097,12,0,0,0,178977,0x6dbb28ce2a2a7dd5
005097,13,0,0,0,178977,0x6dbb28ce2a2a7dd5
005097,14,0,0,0,178977,0x6dbb28ce2a2a7dd5
005097,15,0,0,0,178977,0x6dbb28ce2a2a7dd5
005097,16,0,0,0,178977,0x6dbb28ce2a2a7dd5
005097,17,0,0,0,178977,0x6dbb28ce2a2a7dd5
005097,18,0,0,0,178977,0x6dbb28ce2a2a7dd5
005097,19,0,0,0,178977,0x6dbb28ce2a2a7dd5
005097,20,0,0,0,178977,0x6dbb28ce2a2a7dd5
005097,21,0,0,0,178977,0x6dbb28ce2a2a7dd5
005097,22,0,0,0,178977,0x6dbb28ce2a2a7dd5
005097,23,0,0,0,178977,0x6dbb28ce2a2a7dd5
005097,24,0,0,0,178977,0x6dbb28ce2a2a7dd5
005097,25,0,0,0,178977,0x6dbb28ce2a2a7dd5
005097,26,0,0,0,178977,0x6dbb28ce2a2a7dd5
005097,27,0,0,0,178977,0x6dbb28ce2a2a7dd5
005097,28,0,0,0,178977,0x6dbb28ce2a2a7dd5
005097,29,0,0,0,178977,0x6dbb28ce2a2a7dd5
005097,30,0,0,0,178977,0x6dbb28ce2a2a7dd5
005097,31,0,0,0,178977,0x6dbb28ce2a2a7dd5
005097,0,0,0,0,178978,0xa005e15893e6b651
005097,1,0,0,0,178978,0xa005e15893e6b651
005097,2,0,0,0,178978,0xa005e15893e6b651
005097,3,0,0,0,178978,0xa005e15893e6b651
005097,4,0,0,0,178978,0xa005e15893e6b651
005097,5,0,0,0,178978,0xa005e15893e6b651
005097,6,0,0,0,178978,0xa005e15893e6b651
005097,7,0,0,0,178978,0xa005e15893e6b651
005097,8,0,0,0,178978,0xa005e15893e6b651
005097,9,0,0,0,178978,0xa005e15893e6b651
005097,10,0,0,0,178978,0xa005e15893e6b651
005097,11,0,0,0,178978,0xa005e15893e6b651
005097,12,0,0,0,178978,0xa005e15893e6b651
005097,13,0,0,0,178978,0xa005e15893e6b651
005097,14,0,0,0,178978,0xa005e15893e6b651
005097,15,0,0,0,178978,0xa005e15893e6b651
005097,16,0,0,0,178978,0xa005e15893e6b651
005097,17,0,0,0,178978,0xa005e15893e6b651
005097,18,0,0,0,178978,0xa005e15893e6b651
005097,19,0,0,0,178978,0xa005e15893e6b651
005097,20,0,0,0,178978,0xa005e15893e6b651
005097,21,0,0,0,178978,0xa005e15893e6b651
005097,22,0,0,0,178978,0xa005e15893e6b651
005097,23,0,0,0,178978,0xa005e15893e6b651
005097,24,0,0,0,178978,0xa005e15893e6b651
005097,25,0,0,0,178978,0xa005e15893e6b651
005097,26,0,0,0,178978,0xa005e15893e6b651
005097,27,0,0,0,178978,0xa005e15893e6b651
005097,28,0,0,0,178978,0xa005e15893e6b651
005097,29,0,0,0,178978,0xa005e15893e6b651
005097,30,0,0,0,178978,0xa005e15893e6b651
005097,31,0,0,0,178978,0xa005e15893e6b651
005097,0,0,0,0,178976,0xcfd692c17bc57083
005097,1,0,0,0,178976,0xcfd692c17bc57083
005097,2,0,0,0,178976,0xcfd692c17bc57083
005097,3,0,0,0,178976,0xcfd692c17bc57083
005097,4,0,0,0,178976,0xcfd692c17bc57083
005097,5,0,0,0,178976,0xcfd692c17bc57083
005097,6,0,0,0,178976,0xcfd692c17bc57083
005097,7,0,0,0,178976,0xcfd692c17bc57083
005097,8,0,0,0,178976,0xcfd692c17bc57083
005097,9,0,0,0,178976,0xcfd692c17bc57083
005097,10,0,0,0,178976,0xcfd692c17bc57083
005097,11,0,0,0,178976,0xcfd692c17bc57083
005097,12,0,0,0,178976,0xcfd692c17bc57083
005097,13,0,0,0,178976,0xcfd692c17bc57083
005097,14,0,0,0,178976,0xcfd692c17bc57083
005097,15,0,0,0,178976,0xcfd692c17bc57083
005097,16,0,0,0,178976,0xcfd692c17bc57083
005097,17,0,0,0,178976,0xcfd692c17bc57083
005097,18,0,0,0,178976,0xcfd692c17bc57083
005097,19,0,0,0,178976,0xcfd692c17bc57083
005097,20,0,0,0,178976,0xcfd692c17bc57083
005097,21,0,0,0,178976,0xcfd692c17bc57083
005097,22,0,0,0,178976,0xcfd692c17bc57083
005097,23,0,0,0,178976,0xcfd692c17bc57083
005097,24,0,0,0,178976,0xcfd692c17bc57083
005097,25,0,0,0,178976,0xcfd692c17bc57083
005097,26,0,0,0,178976,0xcfd692c17bc57083
005097,27,0,0,0,178976,0xcfd692c17bc57083
005097,28,0,0,0,178976,0xcfd692c17bc57083
005097,29,0,0,0,178976,0xcfd692c17bc57083
005097,30,0,0,0,178976,0xcfd692c17bc57083
005097,31,0,0,0,178976,0xcfd692c17bc57083
005097,0,119,118,117,178977,0xe7d12636594460c0
005097,1,117,118,119,178977,0xe7d12636594460c0
005097,2,119,118,122,178977,0xe7d12636594460c0
005097,3,114,118,116,178977,0xe7d12636594460c0
005097,4,119,118,117,178977,0xe7d12636594460c0
005097,5,117,118,119,178977,0xe7d12636594460c0
005097,6,119,118,122,178977,0xe7d12636594460c0
005097,7,114,118,116,178977,0xe7d12636594460c0
005097,0,115,119,118,178978,0xe7d12636594460c0
005097,0,118,117,116,178976,0xe7d12636594460c0
005097,0,117,116,120,178975,0xe7d12636594460c0
005097,1,116,117,118,178976,0xe7d12636594460c0
005097,1,118,119,123,178978,0xe7d12636594460c0
005097,2,113,117,116,178976,0xe7d12636594460c0
005097,3,119,117,121,178976,0xe7d12636594460c0
005097,2,116,119,118,178978,0xe7d12636594460c0
005097,3,116,119,117,178978,0xe7d12636594460c0
005097,4,118,117,116,178976,0xe7d12636594460c0
005097,4,115,119,118,178978,0xe7d12636594460c0
005097,5,116,117,118,178976,0xe7d12636594460c0
005097,1,112,116,117,178975,0xe7d12636594460c0
005097,6,113,117,116,178976,0xe7d12636594460c0
005097,5,118,119,123,178978,0xe7d12636594460c0
005097,2,117,116,119,178975,0xe7d12636594460c0
005097,7,119,117,121,178976,0xe7d12636594460c0
005097,6,116,119,118,178978,0xe7d12636594460c0
005097,3,118,116,119,178975,0xe7d12636594460c0
005097,7,116,119,117,178978,0xe7d12636594460c0
005097,4,117,116,120,178975,0xe7d12636594460c0
005097,5,112,116,117,178975,0xe7d12636594460c0
005097,6,117,116,119,178975,0xe7d12636594460c0
005097,7,118,116,119,178975,0xe7d12636594460c0
005097,0,0,0,0,178977,0xf27a06ce4fe61181
005097,1,0,0,0,178977,0xf27a06ce4fe61181
005097,2,0,0,0,178977,0xf27a06ce4fe61181
005097,3,0,0,0,178977,0xf27a06ce4fe61181
005097,4,0,0,0,178977,0xf27a06ce4fe61181
005097,5,0,0,0,178977,0xf27a06ce4fe61181
005097,6,0,0,0,178977,0xf27a06ce4fe61181
005097,7,0,0,0,178977,0xf27a06ce4fe61181
005097,8,0,0,0,178977,0xf27a06ce4fe61181
005097,9,0,0,0,178977,0xf27a06ce4fe61181
005097,10,0,0,0,178977,0xf27a06ce4fe61181
005097,11,0,0,0,178977,0xf27a06ce4fe61181
005097,12,0,0,0,178977,0xf27a06ce4fe61181
005097,13,0,0,0,178977,0xf27a06ce4fe61181
005097,14,0,0,0,178977,0xf27a06ce4fe61181
005097,15,0,0,0,178977,0xf27a06ce4fe61181
005097,16,0,0,0,178977,0xf27a06ce4fe61181
005097,17,0,0,0,178977,0xf27a06ce4fe61181
005097,18,0,0,0,178977,0xf27a06ce4fe61181
005097,19,0,0,0,178977,0xf27a06ce4fe61181
005097,20,0,0,0,178977,0xf27a06ce4fe61181
005097,21,0,0,0,178977,0xf27a06ce4fe61181
005097,22,0,0,0,178977,0xf27a06ce4fe61181
005097,23,0,0,0,178977,0xf27a06ce4fe61181
005097,24,0,0,0,178977,0xf27a06ce4fe61181
005097,25,0,0,0,178977,0xf27a06ce4fe61181
005097,26,0,0,0,178977,0xf27a06ce4fe61181
005097,27,0,0,0,178977,0xf27a06ce4fe61181
005097,28,0,0,0,178977,0xf27a06ce4fe61181
005097,29,0,0,0,178977,0xf27a06ce4fe61181
005097,30,0,0,0,178977,0xf27a06ce4fe61181
005097,31,0,0,0,178977,0xf27a06ce4fe61181
005097,0,0,0,0,178978,0x9e9f8cda53d62377
005097,1,0,0,0,178978,0x9e9f8cda53d62377
005097,2,0,0,0,178978,0x9e9f8cda53d62377
005097,3,0,0,0,178978,0x9e9f8cda53d62377
005097,4,0,0,0,178978,0x9e9f8cda53d62377
005097,5,0,0,0,178978,0x9e9f8cda53d62377
005097,6,0,0,0,178978,0x9e9f8cda53d62377
005097,7,0,0,0,178978,0x9e9f8cda53d62377
005097,8,0,0,0,178978,0x9e9f8cda53d62377
005097,9,0,0,0,178978,0x9e9f8cda53d62377
005097,10,0,0,0,178978,0x9e9f8cda53d62377
005097,11,0,0,0,178978,0x9e9f8cda53d62377
005097,12,0,0,0,178978,0x9e9f8cda53d62377
005097,13,0,0,0,178978,0x9e9f8cda53d62377
005097,14,0,0,0,178978,0x9e9f8cda53d62377
005097,15,0,0,0,178978,0x9e9f8cda53d62377
005097,16,0,0,0,178978,0x9e9f8cda53d62377
005097,17,0,0,0,178978,0x9e9f8cda53d62377
005097,18,0,0,0,178978,0x9e9f8cda53d62377
005097,19,0,0,0,178978,0x9e9f8cda53d62377
005097,20,0,0,0,178978,0x9e9f8cda53d62377
005097,21,0,0,0,178978,0x9e9f8cda53d62377
005097,22,0,0,0,178978,0x9e9f8cda53d62377
005097,23,0,0,0,178978,0x9e9f8cda53d62377
005097,24,0,0,0,178978,0x9e9f8cda53d62377
005097,25,0,0,0,178978,0x9e9f8cda53d62377
005097,26,0,0,0,178978,0x9e9f8cda53d62377
005097,27,0,0,0,178978,0x9e9f8cda53d62377
005097,28,0,0,0,178978,0x9e9f8cda53d62377
005097,29,0,0,0,178978,0x9e9f8cda53d62377
005097,30,0,0,0,178978,0x9e9f8cda53d62377
005097,31,0,0,0,178978,0x9e9f8cda53d62377
005097,0,0,0,0,178976,0xff626d96d36b9815
005097,1,0,0,0,178976,0xff626d96d36b9815
005097,2,0,0,0,178976,0xff626d96d36b9815
005097,3,0,0,0,178976,0xff626d96d36b9815
005097,4,0,0,0,178976,0xff626d96d36b9815
005097,5,0,0,0,178976,0xff626d96d36b9815
005097,6,0,0,0,178976,0xff626d96d36b9815
005097,7,0,0,0,178976,0xff626d96d36b9815
005097,8,0,0,0,178976,0xff626d96d36b9815
005097,9,0,0,0,178976,0xff626d96d36b9815
005097,10,0,0,0,178976,0xff626d96d36b9815
005097,11,0,0,0,178976,0xff626d96d36b9815
005097,12,0,0,0,178976,0xff626d96d36b9815
005097,13,0,0,0,178976,0xff626d96d36b9815
005097,14,0,0,0,178976,0xff626d96d36b9815
005097,15,0,0,0,178976,0xff626d96d36b9815
005097,16,0,0,0,178976,0xff626d96d36b9815
005097,17,0,0,0,178976,0xff626d96d36b9815
005097,18,0,0,0,178976,0xff626d96d36b9815
005097,19,0,0,0,178976,0xff626d96d36b9815
005097,20,0,0,0,178976,0xff626d96d36b9815
005097,21,0,0,0,178976,0xff626d96d36b9815
005097,22,0,0,0,178976,0xff626d96d36b9815
005097,23,0,0,0,178976,0xff626d96d36b9815
005097,24,0,0,0,178976,0xff626d96d36b9815
005097,25,0,0,0,178976,0xff626d96d36b9815
005097,26,0,0,0,178976,0xff626d96d36b9815
005097,27,0,0,0,178976,0xff626d96d36b9815
005097,28,0,0,0,178976,0xff626d96d36b9815
005097,29,0,0,0,178976,0xff626d96d36b9815
005097,30,0,0,0,178976,0xff626d96d36b9815
005097,31,0,0,0,178976,0xff626d96d36b9815
005097,0,0,0,0,178975,0xae9505d86e88b92b
005097,1,0,0,0,178975,0xae9505d86e88b92b
005097,2,0,0,0,178975,0xae9505d86e88b92b
005097,3,0,0,0,178975,0xae9505d86e88b92b
005097,4,0,0,0,178975,0xae9505d86e88b92b
005097,5,0,0,0,178975,0xae9505d86e88b92b
005097,6,0,0,0,178975,0xae9505d86e88b92b
005097,7,0,0,0,178975,0xae9505d86e88b92b
005097,8,0,0,0,178975,0xae9505d86e88b92b
005097,9,0,0,0,178975,0xae9505d86e88b92b
005097,10,0,0,0,178975,0xae9505d86e88b92b
005097,11,0,0,0,178975,0xae9505d86e88b92b
005097,12,0,0,0,178975,0xae9505d86e88b92b
005097,13,0,0,0,178975,0xae9505d86e88b92b
005097,14,0,0,0,178975,0xae9505d86e88b92b
005097,15,0,0,0,178975,0xae9505d86e88b92b
005097,16,0,0,0,178975,0xae9505d86e88b92b
005097,17,0,0,0,178975,0xae9505d86e88b92b
005097,18,0,0,0,178975,0xae9505d86e88b92b
005097,19,0,0,0,178975,0xae9505d86e88b92b
005097,20,0,0,0,178975,0xae9505d86e88b92b
005097,21,0,0,0,178975,0xae9505d86e88b92b
005097,22,0,0,0,178975,0xae9505d86e88b92b
005097,23,0,0,0,178975,0xae9505d86e88b92b
005097,24,0,0,0,178975,0xae9505d86e88b92b
005097,25,0,0,0,178975,0xae9505d86e88b92b
005097,26,0,0,0,178975,0xae9505d86e88b92b
005097,27,0,0,0,178975,0xae9505d86e88b92b
005097,28,0,0,0,178975,0xae9505d86e88b92b
005097,29,0,0,0,178975,0xae9505d86e88b92b
005097,30,0,0,0,178975,0xae9505d86e88b92b
005097,31,0,0,0,178975,0xae9505d86e88b92b
