nodeId,pid,goal_rank,participant,nranks,eventId,commId,collective,stream,start,end,groupId,parallelism,context_label,instance_ordinal,instance_id,algo,proto,root,redOp,data_size,type_size,chunkSteps,sliceSteps,stepSize,channels,channel_work_bytes,channel_chunk_bytes
7464,73519,55,3,64,24442,0x7189126babc21873,AllGather,0xaaacafa15ac0,19619933660,19623181116,1,Other,0,0,0x7189126babc21873_allgather_0,ring,simple,0,0,1048576,1,4,2,524288,1,1048576,2097152
7464,73519,55,3,64,24460,0x7189126babc21873,AllGather,0xaaacafa15ac0,19641301724,19643114396,3,Other,0,1,0x7189126babc21873_allgather_1,ring,simple,0,0,524288,1,4,2,524288,1,524288,2097152
7464,73519,55,3,64,24469,0x7189126babc21873,AllGather,0xaaacafa15ac0,19644205212,19656231836,4,Other,0,2,0x7189126babc21873_allgather_2,ring,simple,0,0,4194304,1,4,2,524288,1,4194304,2097152
7464,73519,55,3,64,24487,0x7189126babc21873,AllGather,0xaaacafa15ac0,19683494300,19685405564,6,Other,0,3,0x7189126babc21873_allgather_3,ring,simple,0,0,524288,1,4,2,524288,1,524288,2097152
7464,73519,55,3,64,24523,0x7189126babc21873,AllGather,0xaaacafa15ac0,19732742013,19734557693,10,Other,0,4,0x7189126babc21873_allgather_4,ring,simple,0,0,524288,1,4,2,524288,1,524288,2097152
7464,73519,55,3,64,24532,0x7189126babc21873,AllGather,0xaaacafa15ac0,19735061597,19738218749,11,Other,0,5,0x7189126babc21873_allgather_5,ring,simple,0,0,1048576,1,4,2,524288,1,1048576,2097152
7464,73519,55,3,64,24541,0x7189126babc21873,AllGather,0xaaacafa15ac0,19739937533,19751582429,12,Other,0,6,0x7189126babc21873_allgather_6,ring,simple,0,0,4194304,1,4,2,524288,1,4194304,2097152
7464,73519,55,3,64,24550,0x7189126babc21873,AllGather,0xaaacafa15ac0,19753374749,19755218685,13,Other,0,7,0x7189126babc21873_allgather_7,ring,simple,0,0,524288,1,4,2,524288,1,524288,2097152
7464,73519,55,3,64,24559,0x7189126babc21873,AllGather,0xaaacafa15ac0,19756457085,19758322109,14,Other,0,8,0x7189126babc21873_allgather_8,ring,simple,0,0,524288,1,4,2,524288,1,524288,2097152
7464,73519,55,3,64,24568,0x7189126babc21873,AllGather,0xaaacafa15ac0,19762174813,19773837693,15,Other,0,9,0x7189126babc21873_allgather_9,ring,simple,0,0,4194304,1,4,2,524288,1,4194304,2097152
7464,73519,55,3,64,24604,0x7189126babc21873,AllGather,0xaaacafa15ac0,19802781597,19804659869,19,Other,0,10,0x7189126babc21873_allgather_10,ring,simple,0,0,524288,1,4,2,524288,1,524288,2097152
7464,73519,55,3,64,24433,0x7189126babc21873,AllReduce,0xaaacafa15ac0,19615454972,19619087708,0,Other,0,0,0x7189126babc21873_allreduce_0,ring,simple,0,0,33554432,4,4,2,524288,1,33554432,2097152
7464,73519,55,3,64,24451,0x7189126babc21873,AllReduce,0xaaacafa15ac0,19627023612,19638111836,2,Other,0,1,0x7189126babc21873_allreduce_1,ring,simple,0,0,134217728,4,4,2,524288,1,134217728,2097152
7464,73519,55,3,64,24478,0x7189126babc21873,AllReduce,0xaaacafa15ac0,19659692188,19681856924,5,Other,0,2,0x7189126babc21873_allreduce_2,ring,simple,0,0,268435456,4,4,2,524288,1,268435456,2097152
7464,73519,55,3,64,24496,0x7189126babc21873,AllReduce,0xaaacafa15ac0,19689447836,19700596796,7,Other,0,3,0x7189126babc21873_allreduce_3,ring,simple,0,0,134217728,4,4,2,524288,1,134217728,2097152
7464,73519,55,3,64,24505,0x7189126babc21873,AllReduce,0xaaacafa15ac0,19703230172,19706461180,8,Other,0,4,0x7189126babc21873_allreduce_4,ring,simple,0,0,33554432,4,4,2,524288,1,33554432,2097152
7464,73519,55,3,64,24514,0x7189126babc21873,AllReduce,0xaaacafa15ac0,19709090012,19731362589,9,Other,0,5,0x7189126babc21873_allreduce_5,ring,simple,0,0,268435456,4,4,2,524288,1,268435456,2097152
7464,73519,55,3,64,24577,0x7189126babc21873,AllReduce,0xaaacafa15ac0,19774922301,19786093117,16,Other,0,6,0x7189126babc21873_allreduce_6,ring,simple,0,0,134217728,4,4,2,524288,1,134217728,2097152
7464,73519,55,3,64,24586,0x7189126babc21873,AllReduce,0xaaacafa15ac0,19789557597,19792807325,17,Other,0,7,0x7189126babc21873_allreduce_7,ring,simple,0,0,33554432,4,4,2,524288,1,33554432,2097152
7464,73519,55,3,64,24595,0x7189126babc21873,AllReduce,0xaaacafa15ac0,19793370877,19799199741,18,Other,0,8,0x7189126babc21873_allreduce_8,ring,simple,0,0,67108864,4,4,2,524288,1,67108864,2097152
7464,73544,36,0,64,16090,0x7189126babc21873,AllGather,0xaaabc02458d0,19619361446,19622672902,1,Other,0,0,0x7189126babc21873_allgather_0,ring,simple,0,0,1048576,1,4,2,524288,1,1048576,2097152
7464,73544,36,0,64,16108,0x7189126babc21873,AllGather,0xaaabc02458d0,19640734758,19642578630,3,Other,0,1,0x7189126babc21873_allgather_1,ring,simple,0,0,524288,1,4,2,524288,1,524288,2097152
7464,73544,36,0,64,16117,0x7189126babc21873,AllGather,0xaaabc02458d0,19643632166,19655592230,4,Other,0,2,0x7189126babc21873_allgather_2,ring,simple,0,0,4194304,1,4,2,524288,1,4194304,2097152
7464,73544,36,0,64,16135,0x7189126babc21873,AllGather,0xaaabc02458d0,19682917510,19684872198,6,Other,0,3,0x7189126babc21873_allgather_3,ring,simple,0,0,524288,1,4,2,524288,1,524288,2097152
7464,73544,36,0,64,16171,0x7189126babc21873,AllGather,0xaaabc02458d0,19732173733,19734021893,10,Other,0,4,0x7189126babc21873_allgather_4,ring,simple,0,0,524288,1,4,2,524288,1,524288,2097152
7464,73544,36,0,64,16180,0x7189126babc21873,AllGather,0xaaabc02458d0,19734497765,19737709989,11,Other,0,5,0x7189126babc21873_allgather_5,ring,simple,0,0,1048576,1,4,2,524288,1,1048576,2097152
7464,73544,36,0,64,16189,0x7189126babc21873,AllGather,0xaaabc02458d0,19739368581,19751128997,12,Other,0,6,0x7189126babc21873_allgather_6,ring,simple,0,0,4194304,1,4,2,524288,1,4194304,2097152
7464,73544,36,0,64,16198,0x7189126babc21873,AllGather,0xaaabc02458d0,19752808581,19754680933,13,Other,0,7,0x7189126babc21873_allgather_7,ring,simple,0,0,524288,1,4,2,524288,1,524288,2097152
7464,73544,36,0,64,16207,0x7189126babc21873,AllGather,0xaaabc02458d0,19755886373,19757787205,14,Other,0,8,0x7189126babc21873_allgather_8,ring,simple,0,0,524288,1,4,2,524288,1,524288,2097152
7464,73544,36,0,64,16216,0x7189126babc21873,AllGather,0xaaabc02458d0,19761607173,19773382533,15,Other,0,9,0x7189126babc21873_allgather_9,ring,simple,0,0,4194304,1,4,2,524288,1,4194304,2097152
7464,73544,36,0,64,16252,0x7189126babc21873,AllGather,0xaaabc02458d0,19802213445,19804123493,19,Other,0,10,0x7189126babc21873_allgather_10,ring,simple,0,0,524288,1,4,2,524288,1,524288,2097152
7464,73544,36,0,64,16081,0x7189126babc21873,AllReduce,0xaaabc02458d0,19614858886,19618551302,0,Other,0,0,0x7189126babc21873_allreduce_0,ring,simple,0,0,33554432,4,4,2,524288,1,33554432,2097152
7464,73544,36,0,64,16099,0x7189126babc21873,AllReduce,0xaaabc02458d0,19626454598,19637656198,2,Other,0,1,0x7189126babc21873_allreduce_1,ring,simple,0,0,134217728,4,4,2,524288,1,134217728,2097152
7464,73544,36,0,64,16126,0x7189126babc21873,AllReduce,0xaaabc02458d0,19659118886,19681398406,5,Other,0,2,0x7189126babc21873_allreduce_2,ring,simple,0,0,268435456,4,4,2,524288,1,268435456,2097152
7464,73544,36,0,64,16144,0x7189126babc21873,AllReduce,0xaaabc02458d0,19688878054,19700138950,7,Other,0,3,0x7189126babc21873_allreduce_3,ring,simple,0,0,134217728,4,4,2,524288,1,134217728,2097152
7464,73544,36,0,64,16153,0x7189126babc21873,AllReduce,0xaaabc02458d0,19702664934,19705921446,8,Other,0,4,0x7189126babc21873_allreduce_4,ring,simple,0,0,33554432,4,4,2,524288,1,33554432,2097152
7464,73544,36,0,64,16162,0x7189126babc21873,AllReduce,0xaaabc02458d0,19708511014,19730904133,9,Other,0,5,0x7189126babc21873_allreduce_5,ring,simple,0,0,268435456,4,4,2,524288,1,268435456,2097152
7464,73544,36,0,64,16225,0x7189126babc21873,AllReduce,0xaaabc02458d0,19774352773,19785635493,16,Other,0,6,0x7189126babc21873_allreduce_6,ring,simple,0,0,134217728,4,4,2,524288,1,134217728,2097152
7464,73544,36,0,64,16234,0x7189126babc21873,AllReduce,0xaaabc02458d0,19788988805,19792253061,17,Other,0,7,0x7189126babc21873_allreduce_7,ring,simple,0,0,33554432,4,4,2,524288,1,33554432,2097152
7464,73544,36,0,64,16243,0x7189126babc21873,AllReduce,0xaaabc02458d0,19792800005,19798688197,18,Other,0,8,0x7189126babc21873_allreduce_8,ring,simple,0,0,67108864,4,4,2,524288,1,67108864,2097152
7464,73563,4,1,64,2025,0x7189126babc21873,AllGather,0xaaad4a485f60,19153358808,19156668472,1,Other,0,0,0x7189126babc21873_allgather_0,ring,simple,0,0,1048576,1,4,2,524288,1,1048576,2097152
7464,73563,4,1,64,2043,0x7189126babc21873,AllGather,0xaaad4a485f60,19174728728,19176579864,3,Other,0,1,0x7189126babc21873_allgather_1,ring,simple,0,0,524288,1,4,2,524288,1,524288,2097152
7464,73563,4,1,64,2052,0x7189126babc21873,AllGather,0xaaad4a485f60,19177631225,19189575833,4,Other,0,2,0x7189126babc21873_allgather_2,ring,simple,0,0,4194304,1,4,2,524288,1,4194304,2097152
7464,73563,4,1,64,2070,0x7189126babc21873,AllGather,0xaaad4a485f60,19216914329,19218874105,6,Other,0,3,0x7189126babc21873_allgather_3,ring,simple,0,0,524288,1,4,2,524288,1,524288,2097152
7464,73563,4,1,64,2106,0x7189126babc21873,AllGather,0xaaad4a485f60,19266167609,19268023289,10,Other,0,4,0x7189126babc21873_allgather_4,ring,simple,0,0,524288,1,4,2,524288,1,524288,2097152
7464,73563,4,1,64,2115,0x7189126babc21873,AllGather,0xaaad4a485f60,19268493081,19271705401,11,Other,0,5,0x7189126babc21873_allgather_5,ring,simple,0,0,1048576,1,4,2,524288,1,1048576,2097152
7464,73563,4,1,64,2124,0x7189126babc21873,AllGather,0xaaad4a485f60,19273367065,19285114201,12,Other,0,6,0x7189126babc21873_allgather_6,ring,simple,0,0,4194304,1,4,2,524288,1,4194304,2097152
7464,73563,4,1,64,2133,0x7189126babc21873,AllGather,0xaaad4a485f60,19286803097,19288683641,13,Other,0,7,0x7189126babc21873_allgather_7,ring,simple,0,0,524288,1,4,2,524288,1,524288,2097152
7464,73563,4,1,64,2142,0x7189126babc21873,AllGather,0xaaad4a485f60,19289886681,19291788825,14,Other,0,8,0x7189126babc21873_allgather_8,ring,simple,0,0,524288,1,4,2,524288,1,524288,2097152
7464,73563,4,1,64,2151,0x7189126babc21873,AllGather,0xaaad4a485f60,19295604345,19307367770,15,Other,0,9,0x7189126babc21873_allgather_9,ring,simple,0,0,4194304,1,4,2,524288,1,4194304,2097152
7464,73563,4,1,64,2187,0x7189126babc21873,AllGather,0xaaad4a485f60,19336211354,19338125146,19,Other,0,10,0x7189126babc21873_allgather_10,ring,simple,0,0,524288,1,4,2,524288,1,524288,2097152
7464,73563,4,1,64,2016,0x7189126babc21873,AllReduce,0xaaad4a485f60,19148851288,19152553080,0,Other,0,0,0x7189126babc21873_allreduce_0,ring,simple,0,0,33554432,4,4,2,524288,1,33554432,2097152
7464,73563,4,1,64,2034,0x7189126babc21873,AllReduce,0xaaad4a485f60,19160451896,19171641816,2,Other,0,1,0x7189126babc21873_allreduce_1,ring,simple,0,0,134217728,4,4,2,524288,1,134217728,2097152
7464,73563,4,1,64,2061,0x7189126babc21873,AllReduce,0xaaad4a485f60,19193117113,19215385305,5,Other,0,2,0x7189126babc21873_allreduce_2,ring,simple,0,0,268435456,4,4,2,524288,1,268435456,2097152
7464,73563,4,1,64,2079,0x7189126babc21873,AllReduce,0xaaad4a485f60,19222874073,19234125369,7,Other,0,3,0x7189126babc21873_allreduce_3,ring,simple,0,0,134217728,4,4,2,524288,1,134217728,2097152
7464,73563,4,1,64,2088,0x7189126babc21873,AllReduce,0xaaad4a485f60,19236658297,19239924665,8,Other,0,4,0x7189126babc21873_allreduce_4,ring,simple,0,0,33554432,4,4,2,524288,1,33554432,2097152
7464,73563,4,1,64,2097,0x7189126babc21873,AllReduce,0xaaad4a485f60,19242506329,19264890617,9,Other,0,5,0x7189126babc21873_allreduce_5,ring,simple,0,0,268435456,4,4,2,524288,1,268435456,2097152
7464,73563,4,1,64,2160,0x7189126babc21873,AllReduce,0xaaad4a485f60,19308354170,19319620346,16,Other,0,6,0x7189126babc21873_allreduce_6,ring,simple,0,0,134217728,4,4,2,524288,1,134217728,2097152
7464,73563,4,1,64,2169,0x7189126babc21873,AllReduce,0xaaad4a485f60,19322985338,19326255866,17,Other,0,7,0x7189126babc21873_allreduce_7,ring,simple,0,0,33554432,4,4,2,524288,1,33554432,2097152
7464,73563,4,1,64,2178,0x7189126babc21873,AllReduce,0xaaad4a485f60,19326798714,19332685114,18,Other,0,8,0x7189126babc21873_allreduce_8,ring,simple,0,0,67108864,4,4,2,524288,1,67108864,2097152
7464,73581,2,2,64,1147,0x7189126babc21873,AllGather,0xaaac6d406860,19153315095,19156600183,1,Other,0,0,0x7189126babc21873_allgather_0,ring,simple,0,0,1048576,1,4,2,524288,1,1048576,2097152
7464,73581,2,2,64,1165,0x7189126babc21873,AllGather,0xaaac6d406860,19174687480,19176522904,3,Other,0,1,0x7189126babc21873_allgather_1,ring,simple,0,0,524288,1,4,2,524288,1,524288,2097152
7464,73581,2,2,64,1174,0x7189126babc21873,AllGather,0xaaac6d406860,19177586776,19189575864,4,Other,0,2,0x7189126babc21873_allgather_2,ring,simple,0,0,4194304,1,4,2,524288,1,4194304,2097152
7464,73581,2,2,64,1192,0x7189126babc21873,AllGather,0xaaac6d406860,19216873240,19218815352,6,Other,0,3,0x7189126babc21873_allgather_3,ring,simple,0,0,524288,1,4,2,524288,1,524288,2097152
7464,73581,2,2,64,1228,0x7189126babc21873,AllGather,0xaaac6d406860,19266123608,19267965848,10,Other,0,4,0x7189126babc21873_allgather_4,ring,simple,0,0,524288,1,4,2,524288,1,524288,2097152
7464,73581,2,2,64,1237,0x7189126babc21873,AllGather,0xaaac6d406860,19268451672,19271637912,11,Other,0,5,0x7189126babc21873_allgather_5,ring,simple,0,0,1048576,1,4,2,524288,1,1048576,2097152
7464,73581,2,2,64,1246,0x7189126babc21873,AllGather,0xaaac6d406860,19273323576,19285024345,12,Other,0,6,0x7189126babc21873_allgather_6,ring,simple,0,0,4194304,1,4,2,524288,1,4194304,2097152
7464,73581,2,2,64,1255,0x7189126babc21873,AllGather,0xaaac6d406860,19286759385,19288627161,13,Other,0,7,0x7189126babc21873_allgather_7,ring,simple,0,0,524288,1,4,2,524288,1,524288,2097152
7464,73581,2,2,64,1264,0x7189126babc21873,AllGather,0xaaac6d406860,19289846329,19291731705,14,Other,0,8,0x7189126babc21873_allgather_8,ring,simple,0,0,524288,1,4,2,524288,1,524288,2097152
7464,73581,2,2,64,1273,0x7189126babc21873,AllGather,0xaaac6d406860,19295562905,19307279097,15,Other,0,9,0x7189126babc21873_allgather_9,ring,simple,0,0,4194304,1,4,2,524288,1,4194304,2097152
7464,73581,2,2,64,1309,0x7189126babc21873,AllGather,0xaaac6d406860,19336170169,19338068153,19,Other,0,10,0x7189126babc21873_allgather_10,ring,simple,0,0,524288,1,4,2,524288,1,524288,2097152
7464,73581,2,2,64,1138,0x7189126babc21873,AllReduce,0xaaac6d406860,19148814295,19152496535,0,Other,0,0,0x7189126babc21873_allreduce_0,ring,simple,0,0,33554432,4,4,2,524288,1,33554432,2097152
7464,73581,2,2,64,1156,0x7189126babc21873,AllReduce,0xaaac6d406860,19160411608,19171552408,2,Other,0,1,0x7189126babc21873_allreduce_1,ring,simple,0,0,134217728,4,4,2,524288,1,134217728,2097152
7464,73581,2,2,64,1183,0x7189126babc21873,AllReduce,0xaaac6d406860,19193074072,19215295896,5,Other,0,2,0x7189126babc21873_allreduce_2,ring,simple,0,0,268435456,4,4,2,524288,1,268435456,2097152
7464,73581,2,2,64,1201,0x7189126babc21873,AllReduce,0xaaac6d406860,19222831032,19234036568,7,Other,0,3,0x7189126babc21873_allreduce_3,ring,simple,0,0,134217728,4,4,2,524288,1,134217728,2097152
7464,73581,2,2,64,1210,0x7189126babc21873,AllReduce,0xaaac6d406860,19236613336,19239868856,8,Other,0,4,0x7189126babc21873_allreduce_4,ring,simple,0,0,33554432,4,4,2,524288,1,33554432,2097152
7464,73581,2,2,64,1219,0x7189126babc21873,AllReduce,0xaaac6d406860,19242462392,19264802776,9,Other,0,5,0x7189126babc21873_allreduce_5,ring,simple,0,0,268435456,4,4,2,524288,1,268435456,2097152
7464,73581,2,2,64,1282,0x7189126babc21873,AllReduce,0xaaac6d406860,19308312313,19319532857,16,Other,0,6,0x7189126babc21873_allreduce_6,ring,simple,0,0,134217728,4,4,2,524288,1,134217728,2097152
7464,73581,2,2,64,1291,0x7189126babc21873,AllReduce,0xaaac6d406860,19322938777,19326199481,17,Other,0,7,0x7189126babc21873_allreduce_7,ring,simple,0,0,33554432,4,4,2,524288,1,33554432,2097152
7464,73581,2,2,64,1300,0x7189126babc21873,AllReduce,0xaaac6d406860,19326752601,19332617273,18,Other,0,8,0x7189126babc21873_allreduce_8,ring,simple,0,0,67108864,4,4,2,524288,1,67108864,2097152
7465,66681,8,5,64,3781,0x7189126babc21873,AllGather,0xaaae76ed5950,20826078343,20829355783,1,Other,0,0,0x7189126babc21873_allgather_0,ring,simple,0,0,1048576,1,4,2,524288,1,1048576,2097152
7465,66681,8,5,64,3799,0x7189126babc21873,AllGather,0xaaae76ed5950,20847409894,20849303750,3,Other,0,1,0x7189126babc21873_allgather_1,ring,simple,0,0,524288,1,4,2,524288,1,524288,2097152
7465,66681,8,5,64,3808,0x7189126babc21873,AllGather,0xaaae76ed5950,20850286086,20862546246,4,Other,0,2,0x7189126babc21873_allgather_2,ring,simple,0,0,4194304,1,4,2,524288,1,4194304,2097152
7465,66681,8,5,64,3826,0x7189126babc21873,AllGather,0xaaae76ed5950,20889701798,20891578342,6,Other,0,3,0x7189126babc21873_allgather_3,ring,simple,0,0,524288,1,4,2,524288,1,524288,2097152
7465,66681,8,5,64,3862,0x7189126babc21873,AllGather,0xaaae76ed5950,20938811493,20940747557,10,Other,0,4,0x7189126babc21873_allgather_4,ring,simple,0,0,524288,1,4,2,524288,1,524288,2097152
7465,66681,8,5,64,3871,0x7189126babc21873,AllGather,0xaaae76ed5950,20941217317,20944399173,11,Other,0,5,0x7189126babc21873_allgather_5,ring,simple,0,0,1048576,1,4,2,524288,1,1048576,2097152
7465,66681,8,5,64,3880,0x7189126babc21873,AllGather,0xaaae76ed5950,20946104453,20957751493,12,Other,0,6,0x7189126babc21873_allgather_6,ring,simple,0,0,4194304,1,4,2,524288,1,4194304,2097152
7465,66681,8,5,64,3889,0x7189126babc21873,AllGather,0xaaae76ed5950,20959529061,20961409989,13,Other,0,7,0x7189126babc21873_allgather_7,ring,simple,0,0,524288,1,4,2,524288,1,524288,2097152
7465,66681,8,5,64,3898,0x7189126babc21873,AllGather,0xaaae76ed5950,20962620485,20964496133,14,Other,0,8,0x7189126babc21873_allgather_8,ring,simple,0,0,524288,1,4,2,524288,1,524288,2097152
7465,66681,8,5,64,3907,0x7189126babc21873,AllGather,0xaaae76ed5950,20968367716,20980026692,15,Other,0,9,0x7189126babc21873_allgather_9,ring,simple,0,0,4194304,1,4,2,524288,1,4194304,2097152
7465,66681,8,5,64,3943,0x7189126babc21873,AllGather,0xaaae76ed5950,21008965892,21010833028,19,Other,0,10,0x7189126babc21873_allgather_10,ring,simple,0,0,524288,1,4,2,524288,1,524288,2097152
7465,66681,8,5,64,3772,0x7189126babc21873,AllReduce,0xaaae76ed5950,20821893287,20825252519,0,Other,0,0,0x7189126babc21873_allreduce_0,ring,simple,0,0,33554432,4,4,2,524288,1,33554432,2097152
7465,66681,8,5,64,3790,0x7189126babc21873,AllReduce,0xaaae76ed5950,20833186343,20844399462,2,Other,0,1,0x7189126babc21873_allreduce_1,ring,simple,0,0,134217728,4,4,2,524288,1,134217728,2097152
7465,66681,8,5,64,3817,0x7189126babc21873,AllReduce,0xaaae76ed5950,20865841798,20888118214,5,Other,0,2,0x7189126babc21873_allreduce_2,ring,simple,0,0,268435456,4,4,2,524288,1,268435456,2097152
7465,66681,8,5,64,3835,0x7189126babc21873,AllReduce,0xaaae76ed5950,20895617094,20906797189,7,Other,0,3,0x7189126babc21873_allreduce_3,ring,simple,0,0,134217728,4,4,2,524288,1,134217728,2097152
7465,66681,8,5,64,3844,0x7189126babc21873,AllReduce,0xaaae76ed5950,20909398501,20912633605,8,Other,0,4,0x7189126babc21873_allreduce_4,ring,simple,0,0,33554432,4,4,2,524288,1,33554432,2097152
7465,66681,8,5,64,3853,0x7189126babc21873,AllReduce,0xaaae76ed5950,20915312805,20937607621,9,Other,0,5,0x7189126babc21873_allreduce_5,ring,simple,0,0,268435456,4,4,2,524288,1,268435456,2097152
7465,66681,8,5,64,3916,0x7189126babc21873,AllReduce,0xaaae76ed5950,20981136804,20992310596,16,Other,0,6,0x7189126babc21873_allreduce_6,ring,simple,0,0,134217728,4,4,2,524288,1,134217728,2097152
7465,66681,8,5,64,3925,0x7189126babc21873,AllReduce,0xaaae76ed5950,20995758244,20999006084,17,Other,0,7,0x7189126babc21873_allreduce_7,ring,simple,0,0,33554432,4,4,2,524288,1,33554432,2097152
7465,66681,8,5,64,3934,0x7189126babc21873,AllReduce,0xaaae76ed5950,20999542148,21005374724,18,Other,0,8,0x7189126babc21873_allreduce_8,ring,simple,0,0,67108864,4,4,2,524288,1,67108864,2097152
7465,66707,61,6,64,27078,0x7189126babc21873,AllGather,0xaaae51d95a20,18924693365,18927942357,1,Other,0,0,0x7189126babc21873_allgather_0,ring,simple,0,0,1048576,1,4,2,524288,1,1048576,2097152
7465,66707,61,6,64,27096,0x7189126babc21873,AllGather,0xaaae51d95a20,18946025141,18947901205,3,Other,0,1,0x7189126babc21873_allgather_1,ring,simple,0,0,524288,1,4,2,524288,1,524288,2097152
7465,66707,61,6,64,27105,0x7189126babc21873,AllGather,0xaaae51d95a20,18948901813,18961111829,4,Other,0,2,0x7189126babc21873_allgather_2,ring,simple,0,0,4194304,1,4,2,524288,1,4194304,2097152
7465,66707,61,6,64,27123,0x7189126babc21873,AllGather,0xaaae51d95a20,18988312725,18990176341,6,Other,0,3,0x7189126babc21873_allgather_3,ring,simple,0,0,524288,1,4,2,524288,1,524288,2097152
7465,66707,61,6,64,27159,0x7189126babc21873,AllGather,0xaaae51d95a20,19037432342,19039344758,10,Other,0,4,0x7189126babc21873_allgather_4,ring,simple,0,0,524288,1,4,2,524288,1,524288,2097152
7465,66707,61,6,64,27168,0x7189126babc21873,AllGather,0xaaae51d95a20,19039836150,19042985270,11,Other,0,5,0x7189126babc21873_allgather_5,ring,simple,0,0,1048576,1,4,2,524288,1,1048576,2097152
7465,66707,61,6,64,27177,0x7189126babc21873,AllGather,0xaaae51d95a20,19044725654,19056316822,12,Other,0,6,0x7189126babc21873_allgather_6,ring,simple,0,0,4194304,1,4,2,524288,1,4194304,2097152
7465,66707,61,6,64,27186,0x7189126babc21873,AllGather,0xaaae51d95a20,19058145942,19060008182,13,Other,0,7,0x7189126babc21873_allgather_7,ring,simple,0,0,524288,1,4,2,524288,1,524288,2097152
7465,66707,61,6,64,27195,0x7189126babc21873,AllGather,0xaaae51d95a20,19061231126,19063093046,14,Other,0,8,0x7189126babc21873_allgather_8,ring,simple,0,0,524288,1,4,2,524288,1,524288,2097152
7465,66707,61,6,64,27204,0x7189126babc21873,AllGather,0xaaae51d95a20,19066982166,19078592342,15,Other,0,9,0x7189126babc21873_allgather_9,ring,simple,0,0,4194304,1,4,2,524288,1,4194304,2097152
7465,66707,61,6,64,27240,0x7189126babc21873,AllGather,0xaaae51d95a20,19107582327,19109430519,19,Other,0,10,0x7189126babc21873_allgather_10,ring,simple,0,0,524288,1,4,2,524288,1,524288,2097152
7465,66707,61,6,64,27069,0x7189126babc21873,AllReduce,0xaaae51d95a20,18920486389,18923882549,0,Other,0,0,0x7189126babc21873_allreduce_0,ring,simple,0,0,33554432,4,4,2,524288,1,33554432,2097152
7465,66707,61,6,64,27087,0x7189126babc21873,AllReduce,0xaaae51d95a20,18931802965,18943050517,2,Other,0,1,0x7189126babc21873_allreduce_1,ring,simple,0,0,134217728,4,4,2,524288,1,134217728,2097152
7465,66707,61,6,64,27114,0x7189126babc21873,AllReduce,0xaaae51d95a20,18964456245,18986683893,5,Other,0,2,0x7189126babc21873_allreduce_2,ring,simple,0,0,268435456,4,4,2,524288,1,268435456,2097152
7465,66707,61,6,64,27132,0x7189126babc21873,AllReduce,0xaaae51d95a20,18994227030,19005363894,7,Other,0,3,0x7189126babc21873_allreduce_3,ring,simple,0,0,134217728,4,4,2,524288,1,134217728,2097152
7465,66707,61,6,64,27141,0x7189126babc21873,AllReduce,0xaaae51d95a20,19008014934,19011231830,8,Other,0,4,0x7189126babc21873_allreduce_4,ring,simple,0,0,33554432,4,4,2,524288,1,33554432,2097152
7465,66707,61,6,64,27150,0x7189126babc21873,AllReduce,0xaaae51d95a20,19013928598,19036174454,9,Other,0,5,0x7189126babc21873_allreduce_5,ring,simple,0,0,268435456,4,4,2,524288,1,268435456,2097152
7465,66707,61,6,64,27213,0x7189126babc21873,AllReduce,0xaaae51d95a20,19079750870,19090877751,16,Other,0,6,0x7189126babc21873_allreduce_6,ring,simple,0,0,134217728,4,4,2,524288,1,134217728,2097152
7465,66707,61,6,64,27222,0x7189126babc21873,AllReduce,0xaaae51d95a20,19094372279,19097604247,17,Other,0,7,0x7189126babc21873_allreduce_7,ring,simple,0,0,33554432,4,4,2,524288,1,33554432,2097152
7465,66707,61,6,64,27231,0x7189126babc21873,AllReduce,0xaaae51d95a20,19098153399,19103961847,18,Other,0,8,0x7189126babc21873_allreduce_8,ring,simple,0,0,67108864,4,4,2,524288,1,67108864,2097152
7465,66739,56,7,64,24882,0x7189126babc21873,AllGather,0xaaae53e68450,18202231616,18205440928,1,Other,0,0,0x7189126babc21873_allgather_0,ring,simple,0,0,1048576,1,4,2,524288,1,1048576,2097152
7465,66739,56,7,64,24900,0x7189126babc21873,AllGather,0xaaae53e68450,18223556832,18225410848,3,Other,0,1,0x7189126babc21873_allgather_1,ring,simple,0,0,524288,1,4,2,524288,1,524288,2097152
7465,66739,56,7,64,24909,0x7189126babc21873,AllGather,0xaaae53e68450,18226433408,18238588768,4,Other,0,2,0x7189126babc21873_allgather_2,ring,simple,0,0,4194304,1,4,2,524288,1,4194304,2097152
7465,66739,56,7,64,24927,0x7189126babc21873,AllGather,0xaaae53e68450,18265846304,18267685408,6,Other,0,3,0x7189126babc21873_allgather_3,ring,simple,0,0,524288,1,4,2,524288,1,524288,2097152
7465,66739,56,7,64,24963,0x7189126babc21873,AllGather,0xaaae53e68450,18314962720,18316853600,10,Other,0,4,0x7189126babc21873_allgather_4,ring,simple,0,0,524288,1,4,2,524288,1,524288,2097152
7465,66739,56,7,64,24972,0x7189126babc21873,AllGather,0xaaae53e68450,18317366176,18320484064,11,Other,0,5,0x7189126babc21873_allgather_5,ring,simple,0,0,1048576,1,4,2,524288,1,1048576,2097152
7465,66739,56,7,64,24981,0x7189126babc21873,AllGather,0xaaae53e68450,18322255616,18333798880,12,Other,0,6,0x7189126babc21873_allgather_6,ring,simple,0,0,4194304,1,4,2,524288,1,4194304,2097152
7465,66739,56,7,64,24990,0x7189126babc21873,AllGather,0xaaae53e68450,18335679296,18337515552,13,Other,0,7,0x7189126babc21873_allgather_7,ring,simple,0,0,524288,1,4,2,524288,1,524288,2097152
7465,66739,56,7,64,24999,0x7189126babc21873,AllGather,0xaaae53e68450,18338766240,18340602560,14,Other,0,8,0x7189126babc21873_allgather_8,ring,simple,0,0,524288,1,4,2,524288,1,524288,2097152
7465,66739,56,7,64,25008,0x7189126babc21873,AllGather,0xaaae53e68450,18344517056,18356072288,15,Other,0,9,0x7189126babc21873_allgather_9,ring,simple,0,0,4194304,1,4,2,524288,1,4194304,2097152
7465,66739,56,7,64,25044,0x7189126babc21873,AllGather,0xaaae53e68450,18385112256,18386939616,19,Other,0,10,0x7189126babc21873_allgather_10,ring,simple,0,0,524288,1,4,2,524288,1,524288,2097152
7465,66739,56,7,64,24873,0x7189126babc21873,AllReduce,0xaaae53e68450,18198035872,18201419488,0,Other,0,0,0x7189126babc21873_allreduce_0,ring,simple,0,0,33554432,4,4,2,524288,1,33554432,2097152
7465,66739,56,7,64,24891,0x7189126babc21873,AllReduce,0xaaae53e68450,18209333504,18220622272,2,Other,0,1,0x7189126babc21873_allreduce_1,ring,simple,0,0,134217728,4,4,2,524288,1,134217728,2097152
7465,66739,56,7,64,24918,0x7189126babc21873,AllReduce,0xaaae53e68450,18241986656,18264162752,5,Other,0,2,0x7189126babc21873_allreduce_2,ring,simple,0,0,268435456,4,4,2,524288,1,268435456,2097152
7465,66739,56,7,64,24936,0x7189126babc21873,AllReduce,0xaaae53e68450,18271762560,18282842240,7,Other,0,3,0x7189126babc21873_allreduce_3,ring,simple,0,0,134217728,4,4,2,524288,1,134217728,2097152
7465,66739,56,7,64,24945,0x7189126babc21873,AllReduce,0xaaae53e68450,18285545568,18288771744,8,Other,0,4,0x7189126babc21873_allreduce_4,ring,simple,0,0,33554432,4,4,2,524288,1,33554432,2097152
7465,66739,56,7,64,24954,0x7189126babc21873,AllReduce,0xaaae53e68450,18291460832,18313652320,9,Other,0,5,0x7189126babc21873_allreduce_5,ring,simple,0,0,268435456,4,4,2,524288,1,268435456,2097152
7465,66739,56,7,64,25017,0x7189126babc21873,AllReduce,0xaaae53e68450,18357282080,18368355840,16,Other,0,6,0x7189126babc21873_allreduce_6,ring,simple,0,0,134217728,4,4,2,524288,1,134217728,2097152
7465,66739,56,7,64,25026,0x7189126babc21873,AllReduce,0xaaae53e68450,18371907552,18375114144,17,Other,0,7,0x7189126babc21873_allreduce_7,ring,simple,0,0,33554432,4,4,2,524288,1,33554432,2097152
7465,66739,56,7,64,25035,0x7189126babc21873,AllReduce,0xaaae53e68450,18375686240,18381461248,18,Other,0,8,0x7189126babc21873_allreduce_8,ring,simple,0,0,67108864,4,4,2,524288,1,67108864,2097152
7465,66741,20,4,64,9056,0x7189126babc21873,AllGather,0xaaab535d59e0,18249224641,18252504833,1,Other,0,0,0x7189126babc21873_allgather_0,ring,simple,0,0,1048576,1,4,2,524288,1,1048576,2097152
7465,66741,20,4,64,9074,0x7189126babc21873,AllGather,0xaaab535d59e0,18270554113,18272446913,3,Other,0,1,0x7189126babc21873_allgather_1,ring,simple,0,0,524288,1,4,2,524288,1,524288,2097152
7465,66741,20,4,64,9083,0x7189126babc21873,AllGather,0xaaab535d59e0,18274062305,18285705153,4,Other,0,2,0x7189126babc21873_allgather_2,ring,simple,0,0,4194304,1,4,2,524288,1,4194304,2097152
7465,66741,20,4,64,9101,0x7189126babc21873,AllGather,0xaaab535d59e0,18312840065,18314722945,6,Other,0,3,0x7189126babc21873_allgather_3,ring,simple,0,0,524288,1,4,2,524288,1,524288,2097152
7465,66741,20,4,64,9137,0x7189126babc21873,AllGather,0xaaab535d59e0,18361955073,18363890369,10,Other,0,4,0x7189126babc21873_allgather_4,ring,simple,0,0,524288,1,4,2,524288,1,524288,2097152
7465,66741,20,4,64,9146,0x7189126babc21873,AllGather,0xaaab535d59e0,18364360193,18367546849,11,Other,0,5,0x7189126babc21873_allgather_5,ring,simple,0,0,1048576,1,4,2,524288,1,1048576,2097152
7465,66741,20,4,64,9155,0x7189126babc21873,AllGather,0xaaab535d59e0,18369247329,18380910433,12,Other,0,6,0x7189126babc21873_allgather_6,ring,simple,0,0,4194304,1,4,2,524288,1,4194304,2097152
7465,66741,20,4,64,9164,0x7189126babc21873,AllGather,0xaaab535d59e0,18382670913,18384552961,13,Other,0,7,0x7189126babc21873_allgather_7,ring,simple,0,0,524288,1,4,2,524288,1,524288,2097152
7465,66741,20,4,64,9173,0x7189126babc21873,AllGather,0xaaab535d59e0,18385758401,18387639201,14,Other,0,8,0x7189126babc21873_allgather_8,ring,simple,0,0,524288,1,4,2,524288,1,524288,2097152
7465,66741,20,4,64,9182,0x7189126babc21873,AllGather,0xaaab535d59e0,18391509409,18403185633,15,Other,0,9,0x7189126babc21873_allgather_9,ring,simple,0,0,4194304,1,4,2,524288,1,4194304,2097152
7465,66741,20,4,64,9218,0x7189126babc21873,AllGather,0xaaab535d59e0,18432107265,18433976225,19,Other,0,10,0x7189126babc21873_allgather_10,ring,simple,0,0,524288,1,4,2,524288,1,524288,2097152
7465,66741,20,4,64,9047,0x7189126babc21873,AllReduce,0xaaab535d59e0,18245023393,18248393153,0,Other,0,0,0x7189126babc21873_allreduce_0,ring,simple,0,0,33554432,4,4,2,524288,1,33554432,2097152
7465,66741,20,4,64,9065,0x7189126babc21873,AllReduce,0xaaab535d59e0,18256339969,18267558017,2,Other,0,1,0x7189126babc21873_allreduce_1,ring,simple,0,0,134217728,4,4,2,524288,1,134217728,2097152
7465,66741,20,4,64,9092,0x7189126babc21873,AllReduce,0xaaab535d59e0,18288989857,18311275809,5,Other,0,2,0x7189126babc21873_allreduce_2,ring,simple,0,0,268435456,4,4,2,524288,1,268435456,2097152
7465,66741,20,4,64,9110,0x7189126babc21873,AllReduce,0xaaab535d59e0,18318758433,18329956321,7,Other,0,3,0x7189126babc21873_allreduce_3,ring,simple,0,0,134217728,4,4,2,524288,1,134217728,2097152
7465,66741,20,4,64,9119,0x7189126babc21873,AllReduce,0xaaab535d59e0,18332539873,18335775073,8,Other,0,4,0x7189126babc21873_allreduce_4,ring,simple,0,0,33554432,4,4,2,524288,1,33554432,2097152
7465,66741,20,4,64,9128,0x7189126babc21873,AllReduce,0xaaab535d59e0,18338452449,18360765889,9,Other,0,5,0x7189126babc21873_allreduce_5,ring,simple,0,0,268435456,4,4,2,524288,1,268435456,2097152
7465,66741,20,4,64,9191,0x7189126babc21873,AllReduce,0xaaab535d59e0,18404278049,18415469857,16,Other,0,6,0x7189126babc21873_allreduce_6,ring,simple,0,0,134217728,4,4,2,524288,1,134217728,2097152
7465,66741,20,4,64,9200,0x7189126babc21873,AllReduce,0xaaab535d59e0,18418900545,18422147841,17,Other,0,7,0x7189126babc21873_allreduce_7,ring,simple,0,0,33554432,4,4,2,524288,1,33554432,2097152
7465,66741,20,4,64,9209,0x7189126babc21873,AllReduce,0xaaab535d59e0,18422680961,18428521665,18,Other,0,8,0x7189126babc21873_allreduce_8,ring,simple,0,0,67108864,4,4,2,524288,1,67108864,2097152
7473,230293,22,10,64,9935,0x7189126babc21873,AllGather,0xaaabf22459d0,20715571010,20718779330,1,Other,0,0,0x7189126babc21873_allgather_0,ring,simple,0,0,1048576,1,4,2,524288,1,1048576,2097152
7473,230293,22,10,64,9953,0x7189126babc21873,AllGather,0xaaabf22459d0,20736917250,20738772354,3,Other,0,1,0x7189126babc21873_allgather_1,ring,simple,0,0,524288,1,4,2,524288,1,524288,2097152
7473,230293,22,10,64,9962,0x7189126babc21873,AllGather,0xaaabf22459d0,20739824546,20751957314,4,Other,0,2,0x7189126babc21873_allgather_2,ring,simple,0,0,4194304,1,4,2,524288,1,4194304,2097152
7473,230293,22,10,64,9980,0x7189126babc21873,AllGather,0xaaabf22459d0,20779075746,20781065698,6,Other,0,3,0x7189126babc21873_allgather_3,ring,simple,0,0,524288,1,4,2,524288,1,524288,2097152
7473,230293,22,10,64,10016,0x7189126babc21873,AllGather,0xaaabf22459d0,20828262562,20830211522,10,Other,0,4,0x7189126babc21873_allgather_4,ring,simple,0,0,524288,1,4,2,524288,1,524288,2097152
7473,230293,22,10,64,10025,0x7189126babc21873,AllGather,0xaaabf22459d0,20830677538,20833886370,11,Other,0,5,0x7189126babc21873_allgather_5,ring,simple,0,0,1048576,1,4,2,524288,1,1048576,2097152
7473,230293,22,10,64,10034,0x7189126babc21873,AllGather,0xaaabf22459d0,20835547170,20847258274,12,Other,0,6,0x7189126babc21873_allgather_6,ring,simple,0,0,4194304,1,4,2,524288,1,4194304,2097152
7473,230293,22,10,64,10043,0x7189126babc21873,AllGather,0xaaabf22459d0,20849000226,20850889282,13,Other,0,7,0x7189126babc21873_allgather_7,ring,simple,0,0,524288,1,4,2,524288,1,524288,2097152
7473,230293,22,10,64,10052,0x7189126babc21873,AllGather,0xaaabf22459d0,20852026402,20853963906,14,Other,0,8,0x7189126babc21873_allgather_8,ring,simple,0,0,524288,1,4,2,524288,1,524288,2097152
7473,230293,22,10,64,10061,0x7189126babc21873,AllGather,0xaaabf22459d0,20857786466,20869531682,15,Other,0,9,0x7189126babc21873_allgather_9,ring,simple,0,0,4194304,1,4,2,524288,1,4194304,2097152
7473,230293,22,10,64,10097,0x7189126babc21873,AllGather,0xaaabf22459d0,20898352994,20900306050,19,Other,0,10,0x7189126babc21873_allgather_10,ring,simple,0,0,524288,1,4,2,524288,1,524288,2097152
7473,230293,22,10,64,9926,0x7189126babc21873,AllReduce,0xaaabf22459d0,20711518050,20714795970,0,Other,0,0,0x7189126babc21873_allreduce_0,ring,simple,0,0,33554432,4,4,2,524288,1,33554432,2097152
7473,230293,22,10,64,9944,0x7189126babc21873,AllReduce,0xaaabf22459d0,20722667010,20734167042,2,Other,0,1,0x7189126babc21873_allreduce_1,ring,simple,0,0,134217728,4,4,2,524288,1,134217728,2097152
7473,230293,22,10,64,9971,0x7189126babc21873,AllReduce,0xaaabf22459d0,20755314978,20777608834,5,Other,0,2,0x7189126babc21873_allreduce_2,ring,simple,0,0,268435456,4,4,2,524288,1,268435456,2097152
7473,230293,22,10,64,9989,0x7189126babc21873,AllReduce,0xaaabf22459d0,20785044706,20796269538,7,Other,0,3,0x7189126babc21873_allreduce_3,ring,simple,0,0,134217728,4,4,2,524288,1,134217728,2097152
7473,230293,22,10,64,9998,0x7189126babc21873,AllReduce,0xaaabf22459d0,20798824610,20802142146,8,Other,0,4,0x7189126babc21873_allreduce_4,ring,simple,0,0,33554432,4,4,2,524288,1,33554432,2097152
7473,230293,22,10,64,10007,0x7189126babc21873,AllReduce,0xaaabf22459d0,20804687778,20827085890,9,Other,0,5,0x7189126babc21873_allreduce_5,ring,simple,0,0,268435456,4,4,2,524288,1,268435456,2097152
7473,230293,22,10,64,10070,0x7189126babc21873,AllReduce,0xaaabf22459d0,20870545090,20881791874,16,Other,0,6,0x7189126babc21873_allreduce_6,ring,simple,0,0,134217728,4,4,2,524288,1,134217728,2097152
7473,230293,22,10,64,10079,0x7189126babc21873,AllReduce,0xaaabf22459d0,20885165794,20888460578,17,Other,0,7,0x7189126babc21873_allreduce_7,ring,simple,0,0,33554432,4,4,2,524288,1,33554432,2097152
7473,230293,22,10,64,10088,0x7189126babc21873,AllReduce,0xaaabf22459d0,20888941314,20894846562,18,Other,0,8,0x7189126babc21873_allreduce_8,ring,simple,0,0,67108864,4,4,2,524288,1,67108864,2097152
7473,230330,50,11,64,22245,0x7189126babc21873,AllGather,0xaaadf54fcc40,18719879615,18723053087,1,Other,0,0,0x7189126babc21873_allgather_0,ring,simple,0,0,1048576,1,4,2,524288,1,1048576,2097152
7473,230330,50,11,64,22263,0x7189126babc21873,AllGather,0xaaadf54fcc40,18741218271,18743056479,3,Other,0,1,0x7189126babc21873_allgather_1,ring,simple,0,0,524288,1,4,2,524288,1,524288,2097152
7473,230330,50,11,64,22272,0x7189126babc21873,AllGather,0xaaadf54fcc40,18744128383,18756209183,4,Other,0,2,0x7189126babc21873_allgather_2,ring,simple,0,0,4194304,1,4,2,524288,1,4194304,2097152
7473,230330,50,11,64,22290,0x7189126babc21873,AllGather,0xaaadf54fcc40,18783375743,18785380895,6,Other,0,3,0x7189126babc21873_allgather_3,ring,simple,0,0,524288,1,4,2,524288,1,524288,2097152
7473,230330,50,11,64,22326,0x7189126babc21873,AllGather,0xaaadf54fcc40,18832566911,18834495839,10,Other,0,4,0x7189126babc21873_allgather_4,ring,simple,0,0,524288,1,4,2,524288,1,524288,2097152
7473,230330,50,11,64,22335,0x7189126babc21873,AllGather,0xaaadf54fcc40,18834978495,18838159103,11,Other,0,5,0x7189126babc21873_allgather_5,ring,simple,0,0,1048576,1,4,2,524288,1,1048576,2097152
7473,230330,50,11,64,22344,0x7189126babc21873,AllGather,0xaaadf54fcc40,18839850655,18851509823,12,Other,0,6,0x7189126babc21873_allgather_6,ring,simple,0,0,4194304,1,4,2,524288,1,4194304,2097152
7473,230330,50,11,64,22353,0x7189126babc21873,AllGather,0xaaadf54fcc40,18853297599,18855206015,13,Other,0,7,0x7189126babc21873_allgather_7,ring,simple,0,0,524288,1,4,2,524288,1,524288,2097152
7473,230330,50,11,64,22362,0x7189126babc21873,AllGather,0xaaadf54fcc40,18856329183,18858278399,14,Other,0,8,0x7189126babc21873_allgather_8,ring,simple,0,0,524288,1,4,2,524288,1,524288,2097152
7473,230330,50,11,64,22371,0x7189126babc21873,AllGather,0xaaadf54fcc40,18862090943,18873783679,15,Other,0,9,0x7189126babc21873_allgather_9,ring,simple,0,0,4194304,1,4,2,524288,1,4194304,2097152
7473,230330,50,11,64,22407,0x7189126babc21873,AllGather,0xaaadf54fcc40,18902655775,18904606943,19,Other,0,10,0x7189126babc21873_allgather_10,ring,simple,0,0,524288,1,4,2,524288,1,524288,2097152
7473,230330,50,11,64,22236,0x7189126babc21873,AllReduce,0xaaadf54fcc40,18715810015,18719080479,0,Other,0,0,0x7189126babc21873_allreduce_0,ring,simple,0,0,33554432,4,4,2,524288,1,33554432,2097152
7473,230330,50,11,64,22254,0x7189126babc21873,AllReduce,0xaaadf54fcc40,18726970783,18738503487,2,Other,0,1,0x7189126babc21873_allreduce_1,ring,simple,0,0,134217728,4,4,2,524288,1,134217728,2097152
7473,230330,50,11,64,22281,0x7189126babc21873,AllReduce,0xaaadf54fcc40,18759611967,18781907999,5,Other,0,2,0x7189126babc21873_allreduce_2,ring,simple,0,0,268435456,4,4,2,524288,1,268435456,2097152
7473,230330,50,11,64,22299,0x7189126babc21873,AllReduce,0xaaadf54fcc40,18789345471,18800522431,7,Other,0,3,0x7189126babc21873_allreduce_3,ring,simple,0,0,134217728,4,4,2,524288,1,134217728,2097152
7473,230330,50,11,64,22308,0x7189126babc21873,AllReduce,0xaaadf54fcc40,18803128767,18806426463,8,Other,0,4,0x7189126babc21873_allreduce_4,ring,simple,0,0,33554432,4,4,2,524288,1,33554432,2097152
7473,230330,50,11,64,22317,0x7189126babc21873,AllReduce,0xaaadf54fcc40,18808988415,18831338335,9,Other,0,5,0x7189126babc21873_allreduce_5,ring,simple,0,0,268435456,4,4,2,524288,1,268435456,2097152
7473,230330,50,11,64,22380,0x7189126babc21873,AllReduce,0xaaadf54fcc40,18874850239,18886044223,16,Other,0,6,0x7189126babc21873_allreduce_6,ring,simple,0,0,134217728,4,4,2,524288,1,134217728,2097152
7473,230330,50,11,64,22389,0x7189126babc21873,AllReduce,0xaaadf54fcc40,18889472127,18892748927,17,Other,0,7,0x7189126babc21873_allreduce_7,ring,simple,0,0,33554432,4,4,2,524288,1,33554432,2097152
7473,230330,50,11,64,22398,0x7189126babc21873,AllReduce,0xaaadf54fcc40,18893248031,18899133695,18,Other,0,8,0x7189126babc21873_allreduce_8,ring,simple,0,0,67108864,4,4,2,524288,1,67108864,2097152
7473,230353,3,9,64,1586,0x7189126babc21873,AllGather,0xaaadbd39d050,17952595744,17955833632,1,Other,0,0,0x7189126babc21873_allgather_0,ring,simple,0,0,1048576,1,4,2,524288,1,1048576,2097152
7473,230353,3,9,64,1604,0x7189126babc21873,AllGather,0xaaadbd39d050,17973942560,17975814720,3,Other,0,1,0x7189126babc21873_allgather_1,ring,simple,0,0,524288,1,4,2,524288,1,524288,2097152
7473,230353,3,9,64,1613,0x7189126babc21873,AllGather,0xaaadbd39d050,17976853536,17989033152,4,Other,0,2,0x7189126babc21873_allgather_2,ring,simple,0,0,4194304,1,4,2,524288,1,4194304,2097152
7473,230353,3,9,64,1631,0x7189126babc21873,AllGather,0xaaadbd39d050,18016097696,18018099872,6,Other,0,3,0x7189126babc21873_allgather_3,ring,simple,0,0,524288,1,4,2,524288,1,524288,2097152
7473,230353,3,9,64,1667,0x7189126babc21873,AllGather,0xaaadbd39d050,18065284768,18067253920,10,Other,0,4,0x7189126babc21873_allgather_4,ring,simple,0,0,524288,1,4,2,524288,1,524288,2097152
7473,230353,3,9,64,1676,0x7189126babc21873,AllGather,0xaaadbd39d050,18067700576,18070939712,11,Other,0,5,0x7189126babc21873_allgather_5,ring,simple,0,0,1048576,1,4,2,524288,1,1048576,2097152
7473,230353,3,9,64,1685,0x7189126babc21873,AllGather,0xaaadbd39d050,18072569152,18084333280,12,Other,0,6,0x7189126babc21873_allgather_6,ring,simple,0,0,4194304,1,4,2,524288,1,4194304,2097152
7473,230353,3,9,64,1694,0x7189126babc21873,AllGather,0xaaadbd39d050,18086016160,18087927456,13,Other,0,7,0x7189126babc21873_allgather_7,ring,simple,0,0,524288,1,4,2,524288,1,524288,2097152
7473,230353,3,9,64,1703,0x7189126babc21873,AllGather,0xaaadbd39d050,18089048992,18091006432,14,Other,0,8,0x7189126babc21873_allgather_8,ring,simple,0,0,524288,1,4,2,524288,1,524288,2097152
7473,230353,3,9,64,1712,0x7189126babc21873,AllGather,0xaaadbd39d050,18094812192,18106607520,15,Other,0,9,0x7189126babc21873_allgather_9,ring,simple,0,0,4194304,1,4,2,524288,1,4194304,2097152
7473,230353,3,9,64,1748,0x7189126babc21873,AllGather,0xaaadbd39d050,18135377888,18137348320,19,Other,0,10,0x7189126babc21873_allgather_10,ring,simple,0,0,524288,1,4,2,524288,1,524288,2097152
7473,230353,3,9,64,1577,0x7189126babc21873,AllReduce,0xaaadbd39d050,17948510400,17951837504,0,Other,0,0,0x7189126babc21873_allreduce_0,ring,simple,0,0,33554432,4,4,2,524288,1,33554432,2097152
7473,230353,3,9,64,1595,0x7189126babc21873,AllReduce,0xaaadbd39d050,17959694048,17971161056,2,Other,0,1,0x7189126babc21873_allreduce_1,ring,simple,0,0,134217728,4,4,2,524288,1,134217728,2097152
7473,230353,3,9,64,1622,0x7189126babc21873,AllReduce,0xaaadbd39d050,17992333344,18014682208,5,Other,0,2,0x7189126babc21873_allreduce_2,ring,simple,0,0,268435456,4,4,2,524288,1,268435456,2097152
7473,230353,3,9,64,1640,0x7189126babc21873,AllReduce,0xaaadbd39d050,18022068128,18033342752,7,Other,0,3,0x7189126babc21873_allreduce_3,ring,simple,0,0,134217728,4,4,2,524288,1,134217728,2097152
7473,230353,3,9,64,1649,0x7189126babc21873,AllReduce,0xaaadbd39d050,18035851808,18039183072,8,Other,0,4,0x7189126babc21873_allreduce_4,ring,simple,0,0,33554432,4,4,2,524288,1,33554432,2097152
7473,230353,3,9,64,1658,0x7189126babc21873,AllReduce,0xaaadbd39d050,18041707840,18064159136,9,Other,0,5,0x7189126babc21873_allreduce_5,ring,simple,0,0,268435456,4,4,2,524288,1,268435456,2097152
7473,230353,3,9,64,1721,0x7189126babc21873,AllReduce,0xaaadbd39d050,18107569696,18118865152,16,Other,0,6,0x7189126babc21873_allreduce_6,ring,simple,0,0,134217728,4,4,2,524288,1,134217728,2097152
7473,230353,3,9,64,1730,0x7189126babc21873,AllReduce,0xaaadbd39d050,18122191872,18125500512,17,Other,0,7,0x7189126babc21873_allreduce_7,ring,simple,0,0,33554432,4,4,2,524288,1,33554432,2097152
7473,230353,3,9,64,1739,0x7189126babc21873,AllReduce,0xaaadbd39d050,18125973120,18131898880,18,Other,0,8,0x7189126babc21873_allreduce_8,ring,simple,0,0,67108864,4,4,2,524288,1,67108864,2097152
7473,230355,11,8,64,5100,0x7189126babc21873,AllGather,0xaaabc16ed460,17952538754,17955775586,1,Other,0,0,0x7189126babc21873_allgather_0,ring,simple,0,0,1048576,1,4,2,524288,1,1048576,2097152
7473,230355,11,8,64,5118,0x7189126babc21873,AllGather,0xaaabc16ed460,17973884674,17975750338,3,Other,0,1,0x7189126babc21873_allgather_1,ring,simple,0,0,524288,1,4,2,524288,1,524288,2097152
7473,230355,11,8,64,5127,0x7189126babc21873,AllGather,0xaaabc16ed460,17976787042,17988984290,4,Other,0,2,0x7189126babc21873_allgather_2,ring,simple,0,0,4194304,1,4,2,524288,1,4194304,2097152
7473,230355,11,8,64,5145,0x7189126babc21873,AllGather,0xaaabc16ed460,18016030242,18018035746,6,Other,0,3,0x7189126babc21873_allgather_3,ring,simple,0,0,524288,1,4,2,524288,1,524288,2097152
7473,230355,11,8,64,5181,0x7189126babc21873,AllGather,0xaaabc16ed460,18065213602,18067189218,10,Other,0,4,0x7189126babc21873_allgather_4,ring,simple,0,0,524288,1,4,2,524288,1,524288,2097152
7473,230355,11,8,64,5190,0x7189126babc21873,AllGather,0xaaabc16ed460,18067629730,18070879170,11,Other,0,5,0x7189126babc21873_allgather_5,ring,simple,0,0,1048576,1,4,2,524288,1,1048576,2097152
7473,230355,11,8,64,5199,0x7189126babc21873,AllGather,0xaaabc16ed460,18072501250,18084284354,12,Other,0,6,0x7189126babc21873_allgather_6,ring,simple,0,0,4194304,1,4,2,524288,1,4194304,2097152
7473,230355,11,8,64,5208,0x7189126babc21873,AllGather,0xaaabc16ed460,18085948898,18087862658,13,Other,0,7,0x7189126babc21873_allgather_7,ring,simple,0,0,524288,1,4,2,524288,1,524288,2097152
7473,230355,11,8,64,5217,0x7189126babc21873,AllGather,0xaaabc16ed460,18088979426,18090940834,14,Other,0,8,0x7189126babc21873_allgather_8,ring,simple,0,0,524288,1,4,2,524288,1,524288,2097152
7473,230355,11,8,64,5226,0x7189126babc21873,AllGather,0xaaabc16ed460,18094741954,18106557762,15,Other,0,9,0x7189126babc21873_allgather_9,ring,simple,0,0,4194304,1,4,2,524288,1,4194304,2097152
7473,230355,11,8,64,5262,0x7189126babc21873,AllGather,0xaaabc16ed460,18135306722,18137282978,19,Other,0,10,0x7189126babc21873_allgather_10,ring,simple,0,0,524288,1,4,2,524288,1,524288,2097152
7473,230355,11,8,64,5091,0x7189126babc21873,AllReduce,0xaaabc16ed460,17948474018,17951771042,0,Other,0,0,0x7189126babc21873_allreduce_0,ring,simple,0,0,33554432,4,4,2,524288,1,33554432,2097152
7473,230355,11,8,64,5109,0x7189126babc21873,AllReduce,0xaaabc16ed460,17959882050,17971096962,2,Other,0,1,0x7189126babc21873_allreduce_1,ring,simple,0,0,134217728,4,4,2,524288,1,134217728,2097152
7473,230355,11,8,64,5136,0x7189126babc21873,AllReduce,0xaaabc16ed460,17992269730,18014632066,5,Other,0,2,0x7189126babc21873_allreduce_2,ring,simple,0,0,268435456,4,4,2,524288,1,268435456,2097152
7473,230355,11,8,64,5154,0x7189126babc21873,AllReduce,0xaaabc16ed460,18021999810,18033294050,7,Other,0,3,0x7189126babc21873_allreduce_3,ring,simple,0,0,134217728,4,4,2,524288,1,134217728,2097152
7473,230355,11,8,64,5163,0x7189126babc21873,AllReduce,0xaaabc16ed460,18035785858,18039117154,8,Other,0,4,0x7189126babc21873_allreduce_4,ring,simple,0,0,33554432,4,4,2,524288,1,33554432,2097152
7473,230355,11,8,64,5172,0x7189126babc21873,AllReduce,0xaaabc16ed460,18041641218,18064108738,9,Other,0,5,0x7189126babc21873_allreduce_5,ring,simple,0,0,268435456,4,4,2,524288,1,268435456,2097152
7473,230355,11,8,64,5235,0x7189126babc21873,AllReduce,0xaaabc16ed460,18107502914,18118816290,16,Other,0,6,0x7189126babc21873_allreduce_6,ring,simple,0,0,134217728,4,4,2,524288,1,134217728,2097152
7473,230355,11,8,64,5244,0x7189126babc21873,AllReduce,0xaaabc16ed460,18122122914,18125434626,17,Other,0,7,0x7189126babc21873_allreduce_7,ring,simple,0,0,33554432,4,4,2,524288,1,33554432,2097152
7473,230355,11,8,64,5253,0x7189126babc21873,AllReduce,0xaaabc16ed460,18125898274,18131837986,18,Other,0,8,0x7189126babc21873_allreduce_8,ring,simple,0,0,67108864,4,4,2,524288,1,67108864,2097152
7476,205570,32,15,64,14332,0x7189126babc21873,AllGather,0xaaaecd8d5b50,21250486304,21253618880,1,Other,0,0,0x7189126babc21873_allgather_0,ring,simple,0,0,1048576,1,4,2,524288,1,1048576,2097152
7476,205570,32,15,64,14350,0x7189126babc21873,AllGather,0xaaaecd8d5b50,21271844320,21273639648,3,Other,0,1,0x7189126babc21873_allgather_1,ring,simple,0,0,524288,1,4,2,524288,1,524288,2097152
7476,205570,32,15,64,14359,0x7189126babc21873,AllGather,0xaaaecd8d5b50,21274707584,21286684352,4,Other,0,2,0x7189126babc21873_allgather_2,ring,simple,0,0,4194304,1,4,2,524288,1,4194304,2097152
7476,205570,32,15,64,14377,0x7189126babc21873,AllGather,0xaaaecd8d5b50,21314173184,21315994944,6,Other,0,3,0x7189126babc21873_allgather_3,ring,simple,0,0,524288,1,4,2,524288,1,524288,2097152
7476,205570,32,15,64,14413,0x7189126babc21873,AllGather,0xaaaecd8d5b50,21363263456,21365079488,10,Other,0,4,0x7189126babc21873_allgather_4,ring,simple,0,0,524288,1,4,2,524288,1,524288,2097152
7476,205570,32,15,64,14422,0x7189126babc21873,AllGather,0xaaaecd8d5b50,21365671776,21368774272,11,Other,0,5,0x7189126babc21873_allgather_5,ring,simple,0,0,1048576,1,4,2,524288,1,1048576,2097152
7476,205570,32,15,64,14431,0x7189126babc21873,AllGather,0xaaaecd8d5b50,21370581440,21382088544,12,Other,0,6,0x7189126babc21873_allgather_6,ring,simple,0,0,4194304,1,4,2,524288,1,4194304,2097152
7476,205570,32,15,64,14440,0x7189126babc21873,AllGather,0xaaaecd8d5b50,21384005952,21385819680,13,Other,0,7,0x7189126babc21873_allgather_7,ring,simple,0,0,524288,1,4,2,524288,1,524288,2097152
7476,205570,32,15,64,14449,0x7189126babc21873,AllGather,0xaaaecd8d5b50,21387090976,21388892512,14,Other,0,8,0x7189126babc21873_allgather_8,ring,simple,0,0,524288,1,4,2,524288,1,524288,2097152
7476,205570,32,15,64,14458,0x7189126babc21873,AllGather,0xaaaecd8d5b50,21392833184,21404315232,15,Other,0,9,0x7189126babc21873_allgather_9,ring,simple,0,0,4194304,1,4,2,524288,1,4194304,2097152
7476,205570,32,15,64,14494,0x7189126babc21873,AllGather,0xaaaecd8d5b50,21433431296,21435232832,19,Other,0,10,0x7189126babc21873_allgather_10,ring,simple,0,0,524288,1,4,2,524288,1,524288,2097152
7476,205570,32,15,64,14323,0x7189126babc21873,AllReduce,0xaaaecd8d5b50,21246294240,21249653440,0,Other,0,0,0x7189126babc21873_allreduce_0,ring,simple,0,0,33554432,4,4,2,524288,1,33554432,2097152
7476,205570,32,15,64,14341,0x7189126babc21873,AllReduce,0xaaaecd8d5b50,21257575136,21269147232,2,Other,0,1,0x7189126babc21873_allreduce_1,ring,simple,0,0,134217728,4,4,2,524288,1,134217728,2097152
7476,205570,32,15,64,14368,0x7189126babc21873,AllReduce,0xaaaecd8d5b50,21290253056,21312565248,5,Other,0,2,0x7189126babc21873_allreduce_2,ring,simple,0,0,268435456,4,4,2,524288,1,268435456,2097152
7476,205570,32,15,64,14386,0x7189126babc21873,AllReduce,0xaaaecd8d5b50,21320087328,21331125216,7,Other,0,3,0x7189126babc21873_allreduce_3,ring,simple,0,0,134217728,4,4,2,524288,1,134217728,2097152
7476,205570,32,15,64,14395,0x7189126babc21873,AllReduce,0xaaaecd8d5b50,21333875904,21337024096,8,Other,0,4,0x7189126babc21873_allreduce_4,ring,simple,0,0,33554432,4,4,2,524288,1,33554432,2097152
7476,205570,32,15,64,14404,0x7189126babc21873,AllReduce,0xaaaecd8d5b50,21339764128,21361865760,9,Other,0,5,0x7189126babc21873_allreduce_5,ring,simple,0,0,268435456,4,4,2,524288,1,268435456,2097152
7476,205570,32,15,64,14467,0x7189126babc21873,AllReduce,0xaaaecd8d5b50,21405586944,21416626464,16,Other,0,6,0x7189126babc21873_allreduce_6,ring,simple,0,0,134217728,4,4,2,524288,1,134217728,2097152
7476,205570,32,15,64,14476,0x7189126babc21873,AllReduce,0xaaaecd8d5b50,21420220512,21423361856,17,Other,0,7,0x7189126babc21873_allreduce_7,ring,simple,0,0,33554432,4,4,2,524288,1,33554432,2097152
7476,205570,32,15,64,14485,0x7189126babc21873,AllReduce,0xaaaecd8d5b50,21424014944,21429756096,18,Other,0,8,0x7189126babc21873_allreduce_8,ring,simple,0,0,67108864,4,4,2,524288,1,67108864,2097152
7476,205625,27,12,64,12133,0x7189126babc21873,AllGather,0xaaac0da031c0,18530410141,18533604317,1,Other,0,0,0x7189126babc21873_allgather_0,ring,simple,0,0,1048576,1,4,2,524288,1,1048576,2097152
7476,205625,27,12,64,12151,0x7189126babc21873,AllGather,0xaaac0da031c0,18551775261,18553595261,3,Other,0,1,0x7189126babc21873_allgather_1,ring,simple,0,0,524288,1,4,2,524288,1,524288,2097152
7476,205625,27,12,64,12160,0x7189126babc21873,AllGather,0xaaac0da031c0,18554635485,18566734717,4,Other,0,2,0x7189126babc21873_allgather_2,ring,simple,0,0,4194304,1,4,2,524288,1,4194304,2097152
7476,205625,27,12,64,12178,0x7189126babc21873,AllGather,0xaaac0da031c0,18594106653,18595951453,6,Other,0,3,0x7189126babc21873_allgather_3,ring,simple,0,0,524288,1,4,2,524288,1,524288,2097152
7476,205625,27,12,64,12214,0x7189126babc21873,AllGather,0xaaac0da031c0,18643188316,18645035228,10,Other,0,4,0x7189126babc21873_allgather_4,ring,simple,0,0,524288,1,4,2,524288,1,524288,2097152
7476,205625,27,12,64,12223,0x7189126babc21873,AllGather,0xaaac0da031c0,18645599900,18648755996,11,Other,0,5,0x7189126babc21873_allgather_5,ring,simple,0,0,1048576,1,4,2,524288,1,1048576,2097152
7476,205625,27,12,64,12232,0x7189126babc21873,AllGather,0xaaac0da031c0,18650507068,18662123932,12,Other,0,6,0x7189126babc21873_allgather_6,ring,simple,0,0,4194304,1,4,2,524288,1,4194304,2097152
7476,205625,27,12,64,12241,0x7189126babc21873,AllGather,0xaaac0da031c0,18663925788,18665777052,13,Other,0,7,0x7189126babc21873_allgather_7,ring,simple,0,0,524288,1,4,2,524288,1,524288,2097152
7476,205625,27,12,64,12250,0x7189126babc21873,AllGather,0xaaac0da031c0,18667015452,18668849276,14,Other,0,8,0x7189126babc21873_allgather_8,ring,simple,0,0,524288,1,4,2,524288,1,524288,2097152
7476,205625,27,12,64,12259,0x7189126babc21873,AllGather,0xaaac0da031c0,18672757756,18684348956,15,Other,0,9,0x7189126babc21873_allgather_9,ring,simple,0,0,4194304,1,4,2,524288,1,4194304,2097152
7476,205625,27,12,64,12295,0x7189126babc21873,AllGather,0xaaac0da031c0,18713357723,18715177019,19,Other,0,10,0x7189126babc21873_allgather_10,ring,simple,0,0,524288,1,4,2,524288,1,524288,2097152
7476,205625,27,12,64,12124,0x7189126babc21873,AllReduce,0xaaac0da031c0,18526193661,18529609757,0,Other,0,0,0x7189126babc21873_allreduce_0,ring,simple,0,0,33554432,4,4,2,524288,1,33554432,2097152
7476,205625,27,12,64,12142,0x7189126babc21873,AllReduce,0xaaac0da031c0,18537499645,18549179453,2,Other,0,1,0x7189126babc21873_allreduce_1,ring,simple,0,0,134217728,4,4,2,524288,1,134217728,2097152
7476,205625,27,12,64,12169,0x7189126babc21873,AllReduce,0xaaac0da031c0,18570172829,18592597341,5,Other,0,2,0x7189126babc21873_allreduce_2,ring,simple,0,0,268435456,4,4,2,524288,1,268435456,2097152
7476,205625,27,12,64,12187,0x7189126babc21873,AllReduce,0xaaac0da031c0,18600015709,18611157981,7,Other,0,3,0x7189126babc21873_allreduce_3,ring,simple,0,0,134217728,4,4,2,524288,1,134217728,2097152
7476,205625,27,12,64,12196,0x7189126babc21873,AllReduce,0xaaac0da031c0,18613800861,18616975964,8,Other,0,4,0x7189126babc21873_allreduce_4,ring,simple,0,0,33554432,4,4,2,524288,1,33554432,2097152
7476,205625,27,12,64,12205,0x7189126babc21873,AllReduce,0xaaac0da031c0,18619688572,18641895676,9,Other,0,5,0x7189126babc21873_allreduce_5,ring,simple,0,0,268435456,4,4,2,524288,1,268435456,2097152
7476,205625,27,12,64,12268,0x7189126babc21873,AllReduce,0xaaac0da031c0,18685508988,18696659100,16,Other,0,6,0x7189126babc21873_allreduce_6,ring,simple,0,0,134217728,4,4,2,524288,1,134217728,2097152
7476,205625,27,12,64,12277,0x7189126babc21873,AllReduce,0xaaac0da031c0,18700144092,18703312444,17,Other,0,7,0x7189126babc21873_allreduce_7,ring,simple,0,0,33554432,4,4,2,524288,1,33554432,2097152
7476,205625,27,12,64,12286,0x7189126babc21873,AllReduce,0xaaac0da031c0,18703941883,18709735259,18,Other,0,8,0x7189126babc21873_allreduce_8,ring,simple,0,0,67108864,4,4,2,524288,1,67108864,2097152
7476,205626,42,13,64,18727,0x7189126babc21873,AllGather,0xaaae730e69d0,18530754879,18533946623,1,Other,0,0,0x7189126babc21873_allgather_0,ring,simple,0,0,1048576,1,4,2,524288,1,1048576,2097152
7476,205626,42,13,64,18745,0x7189126babc21873,AllGather,0xaaae730e69d0,18552120287,18553943871,3,Other,0,1,0x7189126babc21873_allgather_1,ring,simple,0,0,524288,1,4,2,524288,1,524288,2097152
7476,205626,42,13,64,18754,0x7189126babc21873,AllGather,0xaaae730e69d0,18554979295,18567053823,4,Other,0,2,0x7189126babc21873_allgather_2,ring,simple,0,0,4194304,1,4,2,524288,1,4194304,2097152
7476,205626,42,13,64,18772,0x7189126babc21873,AllGather,0xaaae730e69d0,18594442559,18596300415,6,Other,0,3,0x7189126babc21873_allgather_3,ring,simple,0,0,524288,1,4,2,524288,1,524288,2097152
7476,205626,42,13,64,18808,0x7189126babc21873,AllGather,0xaaae730e69d0,18643535903,18645384703,10,Other,0,4,0x7189126babc21873_allgather_4,ring,simple,0,0,524288,1,4,2,524288,1,524288,2097152
7476,205626,42,13,64,18817,0x7189126babc21873,AllGather,0xaaae730e69d0,18645945439,18649099903,11,Other,0,5,0x7189126babc21873_allgather_5,ring,simple,0,0,1048576,1,4,2,524288,1,1048576,2097152
7476,205626,42,13,64,18826,0x7189126babc21873,AllGather,0xaaae730e69d0,18650855007,18662456511,12,Other,0,6,0x7189126babc21873_allgather_6,ring,simple,0,0,4194304,1,4,2,524288,1,4194304,2097152
7476,205626,42,13,64,18835,0x7189126babc21873,AllGather,0xaaae730e69d0,18664273311,18666126207,13,Other,0,7,0x7189126babc21873_allgather_7,ring,simple,0,0,524288,1,4,2,524288,1,524288,2097152
7476,205626,42,13,64,18844,0x7189126babc21873,AllGather,0xaaae730e69d0,18667364607,18669199007,14,Other,0,8,0x7189126babc21873_allgather_8,ring,simple,0,0,524288,1,4,2,524288,1,524288,2097152
7476,205626,42,13,64,18853,0x7189126babc21873,AllGather,0xaaae730e69d0,18673105855,18684683231,15,Other,0,9,0x7189126babc21873_allgather_9,ring,simple,0,0,4194304,1,4,2,524288,1,4194304,2097152
7476,205626,42,13,64,18889,0x7189126babc21873,AllGather,0xaaae730e69d0,18713706943,18715526623,19,Other,0,10,0x7189126babc21873_allgather_10,ring,simple,0,0,524288,1,4,2,524288,1,524288,2097152
7476,205626,42,13,64,18718,0x7189126babc21873,AllReduce,0xaaae730e69d0,18526528511,18529957023,0,Other,0,0,0x7189126babc21873_allreduce_0,ring,simple,0,0,33554432,4,4,2,524288,1,33554432,2097152
7476,205626,42,13,64,18736,0x7189126babc21873,AllReduce,0xaaae730e69d0,18537845567,18549513855,2,Other,0,1,0x7189126babc21873_allreduce_1,ring,simple,0,0,134217728,4,4,2,524288,1,134217728,2097152
7476,205626,42,13,64,18763,0x7189126babc21873,AllReduce,0xaaae730e69d0,18570519391,18592931711,5,Other,0,2,0x7189126babc21873_allreduce_2,ring,simple,0,0,268435456,4,4,2,524288,1,268435456,2097152
7476,205626,42,13,64,18781,0x7189126babc21873,AllReduce,0xaaae730e69d0,18600359711,18611491551,7,Other,0,3,0x7189126babc21873_allreduce_3,ring,simple,0,0,134217728,4,4,2,524288,1,134217728,2097152
7476,205626,42,13,64,18790,0x7189126babc21873,AllReduce,0xaaae730e69d0,18614145375,18617326431,8,Other,0,4,0x7189126babc21873_allreduce_4,ring,simple,0,0,33554432,4,4,2,524288,1,33554432,2097152
7476,205626,42,13,64,18799,0x7189126babc21873,AllReduce,0xaaae730e69d0,18620036095,18642230623,9,Other,0,5,0x7189126babc21873_allreduce_5,ring,simple,0,0,268435456,4,4,2,524288,1,268435456,2097152
7476,205626,42,13,64,18862,0x7189126babc21873,AllReduce,0xaaae730e69d0,18685856575,18696993023,16,Other,0,6,0x7189126babc21873_allreduce_6,ring,simple,0,0,134217728,4,4,2,524288,1,134217728,2097152
7476,205626,42,13,64,18871,0x7189126babc21873,AllReduce,0xaaae730e69d0,18700492991,18703663679,17,Other,0,7,0x7189126babc21873_allreduce_7,ring,simple,0,0,33554432,4,4,2,524288,1,33554432,2097152
7476,205626,42,13,64,18880,0x7189126babc21873,AllReduce,0xaaae730e69d0,18704288031,18710080831,18,Other,0,8,0x7189126babc21873_allreduce_8,ring,simple,0,0,67108864,4,4,2,524288,1,67108864,2097152
7476,205629,7,14,64,3342,0x7189126babc21873,AllGather,0xaaac57cfd8c0,18500771488,18503939616,1,Other,0,0,0x7189126babc21873_allgather_0,ring,simple,0,0,1048576,1,4,2,524288,1,1048576,2097152
7476,205629,7,14,64,3360,0x7189126babc21873,AllGather,0xaaac57cfd8c0,18522133344,18523949056,3,Other,0,1,0x7189126babc21873_allgather_1,ring,simple,0,0,524288,1,4,2,524288,1,524288,2097152
7476,205629,7,14,64,3369,0x7189126babc21873,AllGather,0xaaac57cfd8c0,18524997696,18537025728,4,Other,0,2,0x7189126babc21873_allgather_2,ring,simple,0,0,4194304,1,4,2,524288,1,4194304,2097152
7476,205629,7,14,64,3387,0x7189126babc21873,AllGather,0xaaac57cfd8c0,18564460064,18566304512,6,Other,0,3,0x7189126babc21873_allgather_3,ring,simple,0,0,524288,1,4,2,524288,1,524288,2097152
7476,205629,7,14,64,3423,0x7189126babc21873,AllGather,0xaaac57cfd8c0,18613551840,18615389248,10,Other,0,4,0x7189126babc21873_allgather_4,ring,simple,0,0,524288,1,4,2,524288,1,524288,2097152
7476,205629,7,14,64,3432,0x7189126babc21873,AllGather,0xaaac57cfd8c0,18615963200,18619093504,11,Other,0,5,0x7189126babc21873_allgather_5,ring,simple,0,0,1048576,1,4,2,524288,1,1048576,2097152
7476,205629,7,14,64,3441,0x7189126babc21873,AllGather,0xaaac57cfd8c0,18620874592,18632428960,12,Other,0,6,0x7189126babc21873_allgather_6,ring,simple,0,0,4194304,1,4,2,524288,1,4194304,2097152
7476,205629,7,14,64,3450,0x7189126babc21873,AllGather,0xaaac57cfd8c0,18634292736,18636129792,13,Other,0,7,0x7189126babc21873_allgather_7,ring,simple,0,0,524288,1,4,2,524288,1,524288,2097152
7476,205629,7,14,64,3459,0x7189126babc21873,AllGather,0xaaac57cfd8c0,18637380064,18639202720,14,Other,0,8,0x7189126babc21873_allgather_8,ring,simple,0,0,524288,1,4,2,524288,1,524288,2097152
7476,205629,7,14,64,3468,0x7189126babc21873,AllGather,0xaaac57cfd8c0,18643124352,18654655232,15,Other,0,9,0x7189126babc21873_allgather_9,ring,simple,0,0,4194304,1,4,2,524288,1,4194304,2097152
7476,205629,7,14,64,3504,0x7189126babc21873,AllGather,0xaaac57cfd8c0,18683725280,18685531136,19,Other,0,10,0x7189126babc21873_allgather_10,ring,simple,0,0,524288,1,4,2,524288,1,524288,2097152
7476,205629,7,14,64,3333,0x7189126babc21873,AllReduce,0xaaac57cfd8c0,18496548576,18499962208,0,Other,0,0,0x7189126babc21873_allreduce_0,ring,simple,0,0,33554432,4,4,2,524288,1,33554432,2097152
7476,205629,7,14,64,3351,0x7189126babc21873,AllReduce,0xaaac57cfd8c0,18507866208,18519487040,2,Other,0,1,0x7189126babc21873_allreduce_1,ring,simple,0,0,134217728,4,4,2,524288,1,134217728,2097152
7476,205629,7,14,64,3378,0x7189126babc21873,AllReduce,0xaaac57cfd8c0,18540536736,18562904416,5,Other,0,2,0x7189126babc21873_allreduce_2,ring,simple,0,0,268435456,4,4,2,524288,1,268435456,2097152
7476,205629,7,14,64,3396,0x7189126babc21873,AllReduce,0xaaac57cfd8c0,18570377888,18581465120,7,Other,0,3,0x7189126babc21873_allreduce_3,ring,simple,0,0,134217728,4,4,2,524288,1,134217728,2097152
7476,205629,7,14,64,3405,0x7189126babc21873,AllReduce,0xaaac57cfd8c0,18584170848,18587332000,8,Other,0,4,0x7189126babc21873_allreduce_4,ring,simple,0,0,33554432,4,4,2,524288,1,33554432,2097152
7476,205629,7,14,64,3414,0x7189126babc21873,AllReduce,0xaaac57cfd8c0,18590054592,18612205408,9,Other,0,5,0x7189126babc21873_allreduce_5,ring,simple,0,0,268435456,4,4,2,524288,1,268435456,2097152
7476,205629,7,14,64,3477,0x7189126babc21873,AllReduce,0xaaac57cfd8c0,18655877152,18666967040,16,Other,0,6,0x7189126babc21873_allreduce_6,ring,simple,0,0,134217728,4,4,2,524288,1,134217728,2097152
7476,205629,7,14,64,3486,0x7189126babc21873,AllReduce,0xaaac57cfd8c0,18670512928,18673669024,17,Other,0,7,0x7189126babc21873_allreduce_7,ring,simple,0,0,33554432,4,4,2,524288,1,33554432,2097152
7476,205629,7,14,64,3495,0x7189126babc21873,AllReduce,0xaaac57cfd8c0,18674305248,18680075584,18,Other,0,8,0x7189126babc21873_allreduce_8,ring,simple,0,0,67108864,4,4,2,524288,1,67108864,2097152
7482,159051,21,19,64,9496,0x7189126babc21873,AllGather,0xaaae7188ccd0,20547493056,20550611712,1,Other,0,0,0x7189126babc21873_allgather_0,ring,simple,0,0,1048576,1,4,2,524288,1,1048576,2097152
7482,159051,21,19,64,9514,0x7189126babc21873,AllGather,0xaaae7188ccd0,20568835648,20570648928,3,Other,0,1,0x7189126babc21873_allgather_1,ring,simple,0,0,524288,1,4,2,524288,1,524288,2097152
7482,159051,21,19,64,9523,0x7189126babc21873,AllGather,0xaaae7188ccd0,20571731040,20583567808,4,Other,0,2,0x7189126babc21873_allgather_2,ring,simple,0,0,4194304,1,4,2,524288,1,4194304,2097152
7482,159051,21,19,64,9541,0x7189126babc21873,AllGather,0xaaae7188ccd0,20611151488,20612993984,6,Other,0,3,0x7189126babc21873_allgather_3,ring,simple,0,0,524288,1,4,2,524288,1,524288,2097152
7482,159051,21,19,64,9577,0x7189126babc21873,AllGather,0xaaae7188ccd0,20660254784,20662089696,10,Other,0,4,0x7189126babc21873_allgather_4,ring,simple,0,0,524288,1,4,2,524288,1,524288,2097152
7482,159051,21,19,64,9586,0x7189126babc21873,AllGather,0xaaae7188ccd0,20662654496,20665791840,11,Other,0,5,0x7189126babc21873_allgather_5,ring,simple,0,0,1048576,1,4,2,524288,1,1048576,2097152
7482,159051,21,19,64,9595,0x7189126babc21873,AllGather,0xaaae7188ccd0,20667569792,20679096544,12,Other,0,6,0x7189126babc21873_allgather_6,ring,simple,0,0,4194304,1,4,2,524288,1,4194304,2097152
7482,159051,21,19,64,9604,0x7189126babc21873,AllGather,0xaaae7188ccd0,20680990272,20682813600,13,Other,0,7,0x7189126babc21873_allgather_7,ring,simple,0,0,524288,1,4,2,524288,1,524288,2097152
7482,159051,21,19,64,9613,0x7189126babc21873,AllGather,0xaaae7188ccd0,20684075008,20685903712,14,Other,0,8,0x7189126babc21873_allgather_8,ring,simple,0,0,524288,1,4,2,524288,1,524288,2097152
7482,159051,21,19,64,9622,0x7189126babc21873,AllGather,0xaaae7188ccd0,20689818752,20701333088,15,Other,0,9,0x7189126babc21873_allgather_9,ring,simple,0,0,4194304,1,4,2,524288,1,4194304,2097152
7482,159051,21,19,64,9658,0x7189126babc21873,AllGather,0xaaae7188ccd0,20730415808,20732249536,19,Other,0,10,0x7189126babc21873_allgather_10,ring,simple,0,0,524288,1,4,2,524288,1,524288,2097152
7482,159051,21,19,64,9487,0x7189126babc21873,AllReduce,0xaaae7188ccd0,20543285824,20546636608,0,Other,0,0,0x7189126babc21873_allreduce_0,ring,simple,0,0,33554432,4,4,2,524288,1,33554432,2097152
7482,159051,21,19,64,9505,0x7189126babc21873,AllReduce,0xaaae7188ccd0,20554596064,20566031136,2,Other,0,1,0x7189126babc21873_allreduce_1,ring,simple,0,0,134217728,4,4,2,524288,1,134217728,2097152
7482,159051,21,19,64,9532,0x7189126babc21873,AllReduce,0xaaae7188ccd0,20587239456,20609565760,5,Other,0,2,0x7189126babc21873_allreduce_2,ring,simple,0,0,268435456,4,4,2,524288,1,268435456,2097152
7482,159051,21,19,64,9550,0x7189126babc21873,AllReduce,0xaaae7188ccd0,20617073248,20628140352,7,Other,0,3,0x7189126babc21873_allreduce_3,ring,simple,0,0,134217728,4,4,2,524288,1,134217728,2097152
7482,159051,21,19,64,9559,0x7189126babc21873,AllReduce,0xaaae7188ccd0,20630861952,20634018336,8,Other,0,4,0x7189126babc21873_allreduce_4,ring,simple,0,0,33554432,4,4,2,524288,1,33554432,2097152
7482,159051,21,19,64,9568,0x7189126babc21873,AllReduce,0xaaae7188ccd0,20636749472,20658849536,9,Other,0,5,0x7189126babc21873_allreduce_5,ring,simple,0,0,268435456,4,4,2,524288,1,268435456,2097152
7482,159051,21,19,64,9631,0x7189126babc21873,AllReduce,0xaaae7188ccd0,20702573216,20713629152,16,Other,0,6,0x7189126babc21873_allreduce_6,ring,simple,0,0,134217728,4,4,2,524288,1,134217728,2097152
7482,159051,21,19,64,9640,0x7189126babc21873,AllReduce,0xaaae7188ccd0,20717203904,20720354848,17,Other,0,7,0x7189126babc21873_allreduce_7,ring,simple,0,0,33554432,4,4,2,524288,1,33554432,2097152
7482,159051,21,19,64,9649,0x7189126babc21873,AllReduce,0xaaae7188ccd0,20721004416,20726773888,18,Other,0,8,0x7189126babc21873_allreduce_8,ring,simple,0,0,67108864,4,4,2,524288,1,67108864,2097152
7482,159077,18,17,64,8176,0x7189126babc21873,AllGather,0xaaad90285b50,19170535094,19173706134,1,Other,0,0,0x7189126babc21873_allgather_0,ring,simple,0,0,1048576,1,4,2,524288,1,1048576,2097152
7482,159077,18,17,64,8194,0x7189126babc21873,AllGather,0xaaad90285b50,19191877750,19193722646,3,Other,0,1,0x7189126babc21873_allgather_1,ring,simple,0,0,524288,1,4,2,524288,1,524288,2097152
7482,159077,18,17,64,8203,0x7189126babc21873,AllGather,0xaaad90285b50,19194777686,19206708758,4,Other,0,2,0x7189126babc21873_allgather_2,ring,simple,0,0,4194304,1,4,2,524288,1,4194304,2097152
7482,159077,18,17,64,8221,0x7189126babc21873,AllGather,0xaaad90285b50,19234198262,19236068566,6,Other,0,3,0x7189126babc21873_allgather_3,ring,simple,0,0,524288,1,4,2,524288,1,524288,2097152
7482,159077,18,17,64,8257,0x7189126babc21873,AllGather,0xaaad90285b50,19283291351,19285164887,10,Other,0,4,0x7189126babc21873_allgather_4,ring,simple,0,0,524288,1,4,2,524288,1,524288,2097152
7482,159077,18,17,64,8266,0x7189126babc21873,AllGather,0xaaad90285b50,19285698327,19288888631,11,Other,0,5,0x7189126babc21873_allgather_5,ring,simple,0,0,1048576,1,4,2,524288,1,1048576,2097152
7482,159077,18,17,64,8275,0x7189126babc21873,AllGather,0xaaad90285b50,19290610967,19302235575,12,Other,0,6,0x7189126babc21873_allgather_6,ring,simple,0,0,4194304,1,4,2,524288,1,4194304,2097152
7482,159077,18,17,64,8284,0x7189126babc21873,AllGather,0xaaad90285b50,19304035223,19305887959,13,Other,0,7,0x7189126babc21873_allgather_7,ring,simple,0,0,524288,1,4,2,524288,1,524288,2097152
7482,159077,18,17,64,8293,0x7189126babc21873,AllGather,0xaaad90285b50,19307116919,19308978775,14,Other,0,8,0x7189126babc21873_allgather_8,ring,simple,0,0,524288,1,4,2,524288,1,524288,2097152
7482,159077,18,17,64,8302,0x7189126babc21873,AllGather,0xaaad90285b50,19312862423,19324471575,15,Other,0,9,0x7189126babc21873_allgather_9,ring,simple,0,0,4194304,1,4,2,524288,1,4194304,2097152
7482,159077,18,17,64,8338,0x7189126babc21873,AllGather,0xaaad90285b50,19353459511,19355323223,19,Other,0,10,0x7189126babc21873_allgather_10,ring,simple,0,0,524288,1,4,2,524288,1,524288,2097152
7482,159077,18,17,64,8167,0x7189126babc21873,AllReduce,0xaaad90285b50,19166294934,19169706038,0,Other,0,0,0x7189126babc21873_allreduce_0,ring,simple,0,0,33554432,4,4,2,524288,1,33554432,2097152
7482,159077,18,17,64,8185,0x7189126babc21873,AllReduce,0xaaad90285b50,19177637910,19189167126,2,Other,0,1,0x7189126babc21873_allreduce_1,ring,simple,0,0,134217728,4,4,2,524288,1,134217728,2097152
7482,159077,18,17,64,8212,0x7189126babc21873,AllReduce,0xaaad90285b50,19210282006,19232700950,5,Other,0,2,0x7189126babc21873_allreduce_2,ring,simple,0,0,268435456,4,4,2,524288,1,268435456,2097152
7482,159077,18,17,64,8230,0x7189126babc21873,AllReduce,0xaaad90285b50,19240117142,19251275862,7,Other,0,3,0x7189126babc21873_allreduce_3,ring,simple,0,0,134217728,4,4,2,524288,1,134217728,2097152
7482,159077,18,17,64,8239,0x7189126babc21873,AllReduce,0xaaad90285b50,19253906966,19257090326,8,Other,0,4,0x7189126babc21873_allreduce_4,ring,simple,0,0,33554432,4,4,2,524288,1,33554432,2097152
7482,159077,18,17,64,8248,0x7189126babc21873,AllReduce,0xaaad90285b50,19259791382,19281983927,9,Other,0,5,0x7189126babc21873_allreduce_5,ring,simple,0,0,268435456,4,4,2,524288,1,268435456,2097152
7482,159077,18,17,64,8311,0x7189126babc21873,AllReduce,0xaaad90285b50,19325615671,19336764663,16,Other,0,6,0x7189126babc21873_allreduce_6,ring,simple,0,0,134217728,4,4,2,524288,1,134217728,2097152
7482,159077,18,17,64,8320,0x7189126babc21873,AllReduce,0xaaad90285b50,19340246103,19343426711,17,Other,0,7,0x7189126babc21873_allreduce_7,ring,simple,0,0,33554432,4,4,2,524288,1,33554432,2097152
7482,159077,18,17,64,8329,0x7189126babc21873,AllReduce,0xaaad90285b50,19344044087,19349867063,18,Other,0,8,0x7189126babc21873_allreduce_8,ring,simple,0,0,67108864,4,4,2,524288,1,67108864,2097152
7482,159109,34,18,64,15211,0x7189126babc21873,AllGather,0xaaaacbdeccb0,17963209858,17966363298,1,Other,0,0,0x7189126babc21873_allgather_0,ring,simple,0,0,1048576,1,4,2,524288,1,1048576,2097152
7482,159109,34,18,64,15229,0x7189126babc21873,AllGather,0xaaaacbdeccb0,17984560322,17986390210,3,Other,0,1,0x7189126babc21873_allgather_1,ring,simple,0,0,524288,1,4,2,524288,1,524288,2097152
7482,159109,34,18,64,15238,0x7189126babc21873,AllGather,0xaaaacbdeccb0,17987454402,17999342786,4,Other,0,2,0x7189126babc21873_allgather_2,ring,simple,0,0,4194304,1,4,2,524288,1,4194304,2097152
7482,159109,34,18,64,15256,0x7189126babc21873,AllGather,0xaaaacbdeccb0,18026875234,18028735074,6,Other,0,3,0x7189126babc21873_allgather_3,ring,simple,0,0,524288,1,4,2,524288,1,524288,2097152
7482,159109,34,18,64,15292,0x7189126babc21873,AllGather,0xaaaacbdeccb0,18075964738,18077831394,10,Other,0,4,0x7189126babc21873_allgather_4,ring,simple,0,0,524288,1,4,2,524288,1,524288,2097152
7482,159109,34,18,64,15301,0x7189126babc21873,AllGather,0xaaaacbdeccb0,18078373154,18081545154,11,Other,0,5,0x7189126babc21873_allgather_5,ring,simple,0,0,1048576,1,4,2,524288,1,1048576,2097152
7482,159109,34,18,64,15310,0x7189126babc21873,AllGather,0xaaaacbdeccb0,18083288386,18094871234,12,Other,0,6,0x7189126babc21873_allgather_6,ring,simple,0,0,4194304,1,4,2,524288,1,4194304,2097152
7482,159109,34,18,64,15319,0x7189126babc21873,AllGather,0xaaaacbdeccb0,18096712450,18098555298,13,Other,0,7,0x7189126babc21873_allgather_7,ring,simple,0,0,524288,1,4,2,524288,1,524288,2097152
7482,159109,34,18,64,15328,0x7189126babc21873,AllGather,0xaaaacbdeccb0,18099799970,18101645090,14,Other,0,8,0x7189126babc21873_allgather_8,ring,simple,0,0,524288,1,4,2,524288,1,524288,2097152
7482,159109,34,18,64,15337,0x7189126babc21873,AllGather,0xaaaacbdeccb0,18105541186,18117105506,15,Other,0,9,0x7189126babc21873_allgather_9,ring,simple,0,0,4194304,1,4,2,524288,1,4194304,2097152
7482,159109,34,18,64,15373,0x7189126babc21873,AllGather,0xaaaacbdeccb0,18146136482,18147991010,19,Other,0,10,0x7189126babc21873_allgather_10,ring,simple,0,0,524288,1,4,2,524288,1,524288,2097152
7482,159109,34,18,64,15202,0x7189126babc21873,AllReduce,0xaaaacbdeccb0,17958977986,17962374274,0,Other,0,0,0x7189126babc21873_allreduce_0,ring,simple,0,0,33554432,4,4,2,524288,1,33554432,2097152
7482,159109,34,18,64,15220,0x7189126babc21873,AllReduce,0xaaaacbdeccb0,17970316514,17981803106,2,Other,0,1,0x7189126babc21873_allreduce_1,ring,simple,0,0,134217728,4,4,2,524288,1,134217728,2097152
7482,159109,34,18,64,15247,0x7189126babc21873,AllReduce,0xaaaacbdeccb0,18002960994,18025337858,5,Other,0,2,0x7189126babc21873_allreduce_2,ring,simple,0,0,268435456,4,4,2,524288,1,268435456,2097152
7482,159109,34,18,64,15265,0x7189126babc21873,AllReduce,0xaaaacbdeccb0,18032794466,18043911842,7,Other,0,3,0x7189126babc21873_allreduce_3,ring,simple,0,0,134217728,4,4,2,524288,1,134217728,2097152
7482,159109,34,18,64,15274,0x7189126babc21873,AllReduce,0xaaaacbdeccb0,18046580162,18049759074,8,Other,0,4,0x7189126babc21873_allreduce_4,ring,simple,0,0,33554432,4,4,2,524288,1,33554432,2097152
7482,159109,34,18,64,15283,0x7189126babc21873,AllReduce,0xaaaacbdeccb0,18052467298,18074620930,9,Other,0,5,0x7189126babc21873_allreduce_5,ring,simple,0,0,268435456,4,4,2,524288,1,268435456,2097152
7482,159109,34,18,64,15346,0x7189126babc21873,AllReduce,0xaaaacbdeccb0,18118293666,18129401826,16,Other,0,6,0x7189126babc21873_allreduce_6,ring,simple,0,0,134217728,4,4,2,524288,1,134217728,2097152
7482,159109,34,18,64,15355,0x7189126babc21873,AllReduce,0xaaaacbdeccb0,18132925922,18136095458,17,Other,0,7,0x7189126babc21873_allreduce_7,ring,simple,0,0,33554432,4,4,2,524288,1,33554432,2097152
7482,159109,34,18,64,15364,0x7189126babc21873,AllReduce,0xaaaacbdeccb0,18136721986,18142524898,18,Other,0,8,0x7189126babc21873_allreduce_8,ring,simple,0,0,67108864,4,4,2,524288,1,67108864,2097152
7482,159111,31,16,64,13892,0x7189126babc21873,AllGather,0xaaadf411bdc0,17963032490,17966215050,1,Other,0,0,0x7189126babc21873_allgather_0,ring,simple,0,0,1048576,1,4,2,524288,1,1048576,2097152
7482,159111,31,16,64,13910,0x7189126babc21873,AllGather,0xaaadf411bdc0,17984388362,17986226090,3,Other,0,1,0x7189126babc21873_allgather_1,ring,simple,0,0,524288,1,4,2,524288,1,524288,2097152
7482,159111,31,16,64,13919,0x7189126babc21873,AllGather,0xaaadf411bdc0,17987281066,17999234058,4,Other,0,2,0x7189126babc21873_allgather_2,ring,simple,0,0,4194304,1,4,2,524288,1,4194304,2097152
7482,159111,31,16,64,13937,0x7189126babc21873,AllGather,0xaaadf411bdc0,18026710827,18028572011,6,Other,0,3,0x7189126babc21873_allgather_3,ring,simple,0,0,524288,1,4,2,524288,1,524288,2097152
7482,159111,31,16,64,13973,0x7189126babc21873,AllGather,0xaaadf411bdc0,18075824619,18077666891,10,Other,0,4,0x7189126babc21873_allgather_4,ring,simple,0,0,524288,1,4,2,524288,1,524288,2097152
7482,159111,31,16,64,13982,0x7189126babc21873,AllGather,0xaaadf411bdc0,18078207179,18081395819,11,Other,0,5,0x7189126babc21873_allgather_5,ring,simple,0,0,1048576,1,4,2,524288,1,1048576,2097152
7482,159111,31,16,64,13991,0x7189126babc21873,AllGather,0xaaadf411bdc0,18083119660,18094753516,12,Other,0,6,0x7189126babc21873_allgather_6,ring,simple,0,0,4194304,1,4,2,524288,1,4194304,2097152
7482,159111,31,16,64,14000,0x7189126babc21873,AllGather,0xaaadf411bdc0,18096543308,18098389644,13,Other,0,7,0x7189126babc21873_allgather_7,ring,simple,0,0,524288,1,4,2,524288,1,524288,2097152
7482,159111,31,16,64,14009,0x7189126babc21873,AllGather,0xaaadf411bdc0,18099627276,18101482060,14,Other,0,8,0x7189126babc21873_allgather_8,ring,simple,0,0,524288,1,4,2,524288,1,524288,2097152
7482,159111,31,16,64,14018,0x7189126babc21873,AllGather,0xaaadf411bdc0,18105370764,18116988972,15,Other,0,9,0x7189126babc21873_allgather_9,ring,simple,0,0,4194304,1,4,2,524288,1,4194304,2097152
7482,159111,31,16,64,14054,0x7189126babc21873,AllGather,0xaaadf411bdc0,18145991085,18147826285,19,Other,0,10,0x7189126babc21873_allgather_10,ring,simple,0,0,524288,1,4,2,524288,1,524288,2097152
7482,159111,31,16,64,13883,0x7189126babc21873,AllReduce,0xaaadf411bdc0,17958803082,17962207402,0,Other,0,0,0x7189126babc21873_allreduce_0,ring,simple,0,0,33554432,4,4,2,524288,1,33554432,2097152
7482,159111,31,16,64,13901,0x7189126babc21873,AllReduce,0xaaadf411bdc0,17970140490,17981699626,2,Other,0,1,0x7189126babc21873_allreduce_1,ring,simple,0,0,134217728,4,4,2,524288,1,134217728,2097152
7482,159111,31,16,64,13928,0x7189126babc21873,AllReduce,0xaaadf411bdc0,18002836938,18025217643,5,Other,0,2,0x7189126babc21873_allreduce_2,ring,simple,0,0,268435456,4,4,2,524288,1,268435456,2097152
7482,159111,31,16,64,13946,0x7189126babc21873,AllReduce,0xaaadf411bdc0,18032652811,18043793323,7,Other,0,3,0x7189126babc21873_allreduce_3,ring,simple,0,0,134217728,4,4,2,524288,1,134217728,2097152
7482,159111,31,16,64,13955,0x7189126babc21873,AllReduce,0xaaadf411bdc0,18046428619,18049591243,8,Other,0,4,0x7189126babc21873_allreduce_4,ring,simple,0,0,33554432,4,4,2,524288,1,33554432,2097152
7482,159111,31,16,64,13964,0x7189126babc21873,AllReduce,0xaaadf411bdc0,18052302731,18074500587,9,Other,0,5,0x7189126babc21873_allreduce_5,ring,simple,0,0,268435456,4,4,2,524288,1,268435456,2097152
7482,159111,31,16,64,14027,0x7189126babc21873,AllReduce,0xaaadf411bdc0,18118120748,18129283564,16,Other,0,6,0x7189126babc21873_allreduce_6,ring,simple,0,0,134217728,4,4,2,524288,1,134217728,2097152
7482,159111,31,16,64,14036,0x7189126babc21873,AllReduce,0xaaadf411bdc0,18132756428,18135927116,17,Other,0,7,0x7189126babc21873_allreduce_7,ring,simple,0,0,33554432,4,4,2,524288,1,33554432,2097152
7482,159111,31,16,64,14045,0x7189126babc21873,AllReduce,0xaaadf411bdc0,18136551788,18142373932,18,Other,0,8,0x7189126babc21873_allreduce_8,ring,simple,0,0,67108864,4,4,2,524288,1,67108864,2097152
7483,105065,59,21,64,26199,0x7189126babc21873,AllGather,0xaaab85285950,18815636128,18818792032,1,Other,0,0,0x7189126babc21873_allgather_0,ring,simple,0,0,1048576,1,4,2,524288,1,1048576,2097152
7483,105065,59,21,64,26217,0x7189126babc21873,AllGather,0xaaab85285950,18836966112,18838805312,3,Other,0,1,0x7189126babc21873_allgather_1,ring,simple,0,0,524288,1,4,2,524288,1,524288,2097152
7483,105065,59,21,64,26226,0x7189126babc21873,AllGather,0xaaab85285950,18839810912,18851667360,4,Other,0,2,0x7189126babc21873_allgather_2,ring,simple,0,0,4194304,1,4,2,524288,1,4194304,2097152
7483,105065,59,21,64,26244,0x7189126babc21873,AllGather,0xaaab85285950,18879254112,18881139520,6,Other,0,3,0x7189126babc21873_allgather_3,ring,simple,0,0,524288,1,4,2,524288,1,524288,2097152
7483,105065,59,21,64,26280,0x7189126babc21873,AllGather,0xaaab85285950,18928371264,18930236736,10,Other,0,4,0x7189126babc21873_allgather_4,ring,simple,0,0,524288,1,4,2,524288,1,524288,2097152
7483,105065,59,21,64,26289,0x7189126babc21873,AllGather,0xaaab85285950,18930774560,18933958912,11,Other,0,5,0x7189126babc21873_allgather_5,ring,simple,0,0,1048576,1,4,2,524288,1,1048576,2097152
7483,105065,59,21,64,26298,0x7189126babc21873,AllGather,0xaaab85285950,18935664928,18947285760,12,Other,0,6,0x7189126babc21873_allgather_6,ring,simple,0,0,4194304,1,4,2,524288,1,4194304,2097152
7483,105065,59,21,64,26307,0x7189126babc21873,AllGather,0xaaab85285950,18949086656,18950960800,13,Other,0,7,0x7189126babc21873_allgather_7,ring,simple,0,0,524288,1,4,2,524288,1,524288,2097152
7483,105065,59,21,64,26316,0x7189126babc21873,AllGather,0xaaab85285950,18952170752,18954047552,14,Other,0,8,0x7189126babc21873_allgather_8,ring,simple,0,0,524288,1,4,2,524288,1,524288,2097152
7483,105065,59,21,64,26325,0x7189126babc21873,AllGather,0xaaab85285950,18957927392,18969549856,15,Other,0,9,0x7189126babc21873_allgather_9,ring,simple,0,0,4194304,1,4,2,524288,1,4194304,2097152
7483,105065,59,21,64,26361,0x7189126babc21873,AllGather,0xaaab85285950,18998523232,19000397760,19,Other,0,10,0x7189126babc21873_allgather_10,ring,simple,0,0,524288,1,4,2,524288,1,524288,2097152
7483,105065,59,21,64,26190,0x7189126babc21873,AllReduce,0xaaab85285950,18811440800,18814832384,0,Other,0,0,0x7189126babc21873_allreduce_0,ring,simple,0,0,33554432,4,4,2,524288,1,33554432,2097152
7483,105065,59,21,64,26208,0x7189126babc21873,AllReduce,0xaaab85285950,18822715136,18834134496,2,Other,0,1,0x7189126babc21873_allreduce_1,ring,simple,0,0,134217728,4,4,2,524288,1,134217728,2097152
7483,105065,59,21,64,26235,0x7189126babc21873,AllReduce,0xaaab85285950,18855394432,18877715776,5,Other,0,2,0x7189126babc21873_allreduce_2,ring,simple,0,0,268435456,4,4,2,524288,1,268435456,2097152
7483,105065,59,21,64,26253,0x7189126babc21873,AllReduce,0xaaab85285950,18885172320,18896351200,7,Other,0,3,0x7189126babc21873_allreduce_3,ring,simple,0,0,134217728,4,4,2,524288,1,134217728,2097152
7483,105065,59,21,64,26262,0x7189126babc21873,AllReduce,0xaaab85285950,18898961984,18902166752,8,Other,0,4,0x7189126babc21873_allreduce_4,ring,simple,0,0,33554432,4,4,2,524288,1,33554432,2097152
7483,105065,59,21,64,26271,0x7189126babc21873,AllReduce,0xaaab85285950,18904868256,18927074208,9,Other,0,5,0x7189126babc21873_allreduce_5,ring,simple,0,0,268435456,4,4,2,524288,1,268435456,2097152
7483,105065,59,21,64,26334,0x7189126babc21873,AllReduce,0xaaab85285950,18970694656,18981853760,16,Other,0,6,0x7189126babc21873_allreduce_6,ring,simple,0,0,134217728,4,4,2,524288,1,134217728,2097152
7483,105065,59,21,64,26343,0x7189126babc21873,AllReduce,0xaaab85285950,18985319008,18988504832,17,Other,0,7,0x7189126babc21873_allreduce_7,ring,simple,0,0,33554432,4,4,2,524288,1,33554432,2097152
7483,105065,59,21,64,26352,0x7189126babc21873,AllReduce,0xaaab85285950,18989094912,18994920128,18,Other,0,8,0x7189126babc21873_allreduce_8,ring,simple,0,0,67108864,4,4,2,524288,1,67108864,2097152
7483,105095,62,22,64,27517,0x7189126babc21873,AllGather,0xaaab3ec35fa0,18639794056,18642926696,1,Other,0,0,0x7189126babc21873_allgather_0,ring,simple,0,0,1048576,1,4,2,524288,1,1048576,2097152
7483,105095,62,22,64,27535,0x7189126babc21873,AllGather,0xaaab3ec35fa0,18661123912,18662982856,3,Other,0,1,0x7189126babc21873_allgather_1,ring,simple,0,0,524288,1,4,2,524288,1,524288,2097152
7483,105095,62,22,64,27544,0x7189126babc21873,AllGather,0xaaab3ec35fa0,18663971656,18675778920,4,Other,0,2,0x7189126babc21873_allgather_2,ring,simple,0,0,4194304,1,4,2,524288,1,4194304,2097152
7483,105095,62,22,64,27562,0x7189126babc21873,AllGather,0xaaab3ec35fa0,18703411657,18705284425,6,Other,0,3,0x7189126babc21873_allgather_3,ring,simple,0,0,524288,1,4,2,524288,1,524288,2097152
7483,105095,62,22,64,27598,0x7189126babc21873,AllGather,0xaaab3ec35fa0,18752526954,18754382058,10,Other,0,4,0x7189126babc21873_allgather_4,ring,simple,0,0,524288,1,4,2,524288,1,524288,2097152
7483,105095,62,22,64,27607,0x7189126babc21873,AllGather,0xaaab3ec35fa0,18754929834,18758092842,11,Other,0,5,0x7189126babc21873_allgather_5,ring,simple,0,0,1048576,1,4,2,524288,1,1048576,2097152
7483,105095,62,22,64,27616,0x7189126babc21873,AllGather,0xaaab3ec35fa0,18759824138,18771399882,12,Other,0,6,0x7189126babc21873_allgather_6,ring,simple,0,0,4194304,1,4,2,524288,1,4194304,2097152
7483,105095,62,22,64,27625,0x7189126babc21873,AllGather,0xaaab3ec35fa0,18773241290,18775105962,13,Other,0,7,0x7189126babc21873_allgather_7,ring,simple,0,0,524288,1,4,2,524288,1,524288,2097152
7483,105095,62,22,64,27634,0x7189126babc21873,AllGather,0xaaab3ec35fa0,18776329546,18778193034,14,Other,0,8,0x7189126babc21873_allgather_8,ring,simple,0,0,524288,1,4,2,524288,1,524288,2097152
7483,105095,62,22,64,27643,0x7189126babc21873,AllGather,0xaaab3ec35fa0,18782081610,18793663563,15,Other,0,9,0x7189126babc21873_allgather_9,ring,simple,0,0,4194304,1,4,2,524288,1,4194304,2097152
7483,105095,62,22,64,27679,0x7189126babc21873,AllGather,0xaaab3ec35fa0,18822676075,18824544235,19,Other,0,10,0x7189126babc21873_allgather_10,ring,simple,0,0,524288,1,4,2,524288,1,524288,2097152
7483,105095,62,22,64,27508,0x7189126babc21873,AllReduce,0xaaab3ec35fa0,18635597864,18639010440,0,Other,0,0,0x7189126babc21873_allreduce_0,ring,simple,0,0,33554432,4,4,2,524288,1,33554432,2097152
7483,105095,62,22,64,27526,0x7189126babc21873,AllReduce,0xaaab3ec35fa0,18646873064,18658272328,2,Other,0,1,0x7189126babc21873_allreduce_1,ring,simple,0,0,134217728,4,4,2,524288,1,134217728,2097152
7483,105095,62,22,64,27553,0x7189126babc21873,AllReduce,0xaaab3ec35fa0,18679551336,18701831689,5,Other,0,2,0x7189126babc21873_allreduce_2,ring,simple,0,0,268435456,4,4,2,524288,1,268435456,2097152
7483,105095,62,22,64,27571,0x7189126babc21873,AllReduce,0xaaab3ec35fa0,18709331977,18720466537,7,Other,0,3,0x7189126babc21873_allreduce_3,ring,simple,0,0,134217728,4,4,2,524288,1,134217728,2097152
7483,105095,62,22,64,27580,0x7189126babc21873,AllReduce,0xaaab3ec35fa0,18723111401,18726321225,8,Other,0,4,0x7189126babc21873_allreduce_4,ring,simple,0,0,33554432,4,4,2,524288,1,33554432,2097152
7483,105095,62,22,64,27589,0x7189126babc21873,AllReduce,0xaaab3ec35fa0,18729027721,18751189322,9,Other,0,5,0x7189126babc21873_allreduce_5,ring,simple,0,0,268435456,4,4,2,524288,1,268435456,2097152
7483,105095,62,22,64,27652,0x7189126babc21873,AllReduce,0xaaab3ec35fa0,18794851499,18805968587,16,Other,0,6,0x7189126babc21873_allreduce_6,ring,simple,0,0,134217728,4,4,2,524288,1,134217728,2097152
7483,105095,62,22,64,27661,0x7189126babc21873,AllReduce,0xaaab3ec35fa0,18809471723,18812651147,17,Other,0,7,0x7189126babc21873_allreduce_7,ring,simple,0,0,33554432,4,4,2,524288,1,33554432,2097152
7483,105095,62,22,64,27670,0x7189126babc21873,AllReduce,0xaaab3ec35fa0,18813251691,18819056715,18,Other,0,8,0x7189126babc21873_allreduce_8,ring,simple,0,0,67108864,4,4,2,524288,1,67108864,2097152
7483,105120,41,23,64,18288,0x7189126babc21873,AllGather,0xaaac4e25e7b0,18165093373,18168216733,1,Other,0,0,0x7189126babc21873_allgather_0,ring,simple,0,0,1048576,1,4,2,524288,1,1048576,2097152
7483,105120,41,23,64,18306,0x7189126babc21873,AllGather,0xaaac4e25e7b0,18186422813,18188299101,3,Other,0,1,0x7189126babc21873_allgather_1,ring,simple,0,0,524288,1,4,2,524288,1,524288,2097152
7483,105120,41,23,64,18315,0x7189126babc21873,AllGather,0xaaac4e25e7b0,18189268989,18201031837,4,Other,0,2,0x7189126babc21873_allgather_2,ring,simple,0,0,4194304,1,4,2,524288,1,4194304,2097152
7483,105120,41,23,64,18333,0x7189126babc21873,AllGather,0xaaac4e25e7b0,18228715390,18230568606,6,Other,0,3,0x7189126babc21873_allgather_3,ring,simple,0,0,524288,1,4,2,524288,1,524288,2097152
7483,105120,41,23,64,18369,0x7189126babc21873,AllGather,0xaaac4e25e7b0,18277828607,18279666719,10,Other,0,4,0x7189126babc21873_allgather_4,ring,simple,0,0,524288,1,4,2,524288,1,524288,2097152
7483,105120,41,23,64,18378,0x7189126babc21873,AllGather,0xaaac4e25e7b0,18280236351,18283371039,11,Other,0,5,0x7189126babc21873_allgather_5,ring,simple,0,0,1048576,1,4,2,524288,1,1048576,2097152
7483,105120,41,23,64,18387,0x7189126babc21873,AllGather,0xaaac4e25e7b0,18285122559,18296673855,12,Other,0,6,0x7189126babc21873_allgather_6,ring,simple,0,0,4194304,1,4,2,524288,1,4194304,2097152
7483,105120,41,23,64,18396,0x7189126babc21873,AllGather,0xaaac4e25e7b0,18298544511,18300391775,13,Other,0,7,0x7189126babc21873_allgather_7,ring,simple,0,0,524288,1,4,2,524288,1,524288,2097152
7483,105120,41,23,64,18405,0x7189126babc21873,AllGather,0xaaac4e25e7b0,18301633919,18303479679,14,Other,0,8,0x7189126babc21873_allgather_8,ring,simple,0,0,524288,1,4,2,524288,1,524288,2097152
7483,105120,41,23,64,18414,0x7189126babc21873,AllGather,0xaaac4e25e7b0,18307385375,18318959231,15,Other,0,9,0x7189126babc21873_allgather_9,ring,simple,0,0,4194304,1,4,2,524288,1,4194304,2097152
7483,105120,41,23,64,18450,0x7189126babc21873,AllGather,0xaaac4e25e7b0,18347983552,18349827872,19,Other,0,10,0x7189126babc21873_allgather_10,ring,simple,0,0,524288,1,4,2,524288,1,524288,2097152
7483,105120,41,23,64,18279,0x7189126babc21873,AllReduce,0xaaac4e25e7b0,18160894909,18164323773,0,Other,0,0,0x7189126babc21873_allreduce_0,ring,simple,0,0,33554432,4,4,2,524288,1,33554432,2097152
7483,105120,41,23,64,18297,0x7189126babc21873,AllReduce,0xaaac4e25e7b0,18172177821,18183621277,2,Other,0,1,0x7189126babc21873_allreduce_1,ring,simple,0,0,134217728,4,4,2,524288,1,134217728,2097152
7483,105120,41,23,64,18324,0x7189126babc21873,AllReduce,0xaaac4e25e7b0,18204854782,18227086814,5,Other,0,2,0x7189126babc21873_allreduce_2,ring,simple,0,0,268435456,4,4,2,524288,1,268435456,2097152
7483,105120,41,23,64,18342,0x7189126babc21873,AllReduce,0xaaac4e25e7b0,18234634238,18245721758,7,Other,0,3,0x7189126babc21873_allreduce_3,ring,simple,0,0,134217728,4,4,2,524288,1,134217728,2097152
7483,105120,41,23,64,18351,0x7189126babc21873,AllReduce,0xaaac4e25e7b0,18248416190,18251634142,8,Other,0,4,0x7189126babc21873_allreduce_4,ring,simple,0,0,33554432,4,4,2,524288,1,33554432,2097152
7483,105120,41,23,64,18360,0x7189126babc21873,AllReduce,0xaaac4e25e7b0,18254326654,18276482911,9,Other,0,5,0x7189126babc21873_allreduce_5,ring,simple,0,0,268435456,4,4,2,524288,1,268435456,2097152
7483,105120,41,23,64,18423,0x7189126babc21873,AllReduce,0xaaac4e25e7b0,18320151711,18331223776,16,Other,0,6,0x7189126babc21873_allreduce_6,ring,simple,0,0,134217728,4,4,2,524288,1,134217728,2097152
7483,105120,41,23,64,18432,0x7189126babc21873,AllReduce,0xaaac4e25e7b0,18334775552,18337946304,17,Other,0,7,0x7189126babc21873_allreduce_7,ring,simple,0,0,33554432,4,4,2,524288,1,33554432,2097152
7483,105120,41,23,64,18441,0x7189126babc21873,AllReduce,0xaaac4e25e7b0,18338555872,18344332096,18,Other,0,8,0x7189126babc21873_allreduce_8,ring,simple,0,0,67108864,4,4,2,524288,1,67108864,2097152
7483,105122,45,20,64,20047,0x7189126babc21873,AllGather,0xaaaadbd8a7a0,18156178528,18159344224,1,Other,0,0,0x7189126babc21873_allgather_0,ring,simple,0,0,1048576,1,4,2,524288,1,1048576,2097152
7483,105122,45,20,64,20065,0x7189126babc21873,AllGather,0xaaaadbd8a7a0,18177506208,18179349504,3,Other,0,1,0x7189126babc21873_allgather_1,ring,simple,0,0,524288,1,4,2,524288,1,524288,2097152
7483,105122,45,20,64,20074,0x7189126babc21873,AllGather,0xaaaadbd8a7a0,18180350016,18192249664,4,Other,0,2,0x7189126babc21873_allgather_2,ring,simple,0,0,4194304,1,4,2,524288,1,4194304,2097152
7483,105122,45,20,64,20092,0x7189126babc21873,AllGather,0xaaaadbd8a7a0,18219803648,18221685184,6,Other,0,3,0x7189126babc21873_allgather_3,ring,simple,0,0,524288,1,4,2,524288,1,524288,2097152
7483,105122,45,20,64,20128,0x7189126babc21873,AllGather,0xaaaadbd8a7a0,18268910272,18270782688,10,Other,0,4,0x7189126babc21873_allgather_4,ring,simple,0,0,524288,1,4,2,524288,1,524288,2097152
7483,105122,45,20,64,20137,0x7189126babc21873,AllGather,0xaaaadbd8a7a0,18271314208,18274510816,11,Other,0,5,0x7189126babc21873_allgather_5,ring,simple,0,0,1048576,1,4,2,524288,1,1048576,2097152
7483,105122,45,20,64,20146,0x7189126babc21873,AllGather,0xaaaadbd8a7a0,18276204544,18287849184,12,Other,0,6,0x7189126babc21873_allgather_6,ring,simple,0,0,4194304,1,4,2,524288,1,4194304,2097152
7483,105122,45,20,64,20155,0x7189126babc21873,AllGather,0xaaaadbd8a7a0,18289625984,18291505728,13,Other,0,7,0x7189126babc21873_allgather_7,ring,simple,0,0,524288,1,4,2,524288,1,524288,2097152
7483,105122,45,20,64,20164,0x7189126babc21873,AllGather,0xaaaadbd8a7a0,18292711488,18294594624,14,Other,0,8,0x7189126babc21873_allgather_8,ring,simple,0,0,524288,1,4,2,524288,1,524288,2097152
7483,105122,45,20,64,20173,0x7189126babc21873,AllGather,0xaaaadbd8a7a0,18298465920,18310112224,15,Other,0,9,0x7189126babc21873_allgather_9,ring,simple,0,0,4194304,1,4,2,524288,1,4194304,2097152
7483,105122,45,20,64,20209,0x7189126babc21873,AllGather,0xaaaadbd8a7a0,18339059712,18340944256,19,Other,0,10,0x7189126babc21873_allgather_10,ring,simple,0,0,524288,1,4,2,524288,1,524288,2097152
7483,105122,45,20,64,20038,0x7189126babc21873,AllReduce,0xaaaadbd8a7a0,18151984512,18155357856,0,Other,0,0,0x7189126babc21873_allreduce_0,ring,simple,0,0,33554432,4,4,2,524288,1,33554432,2097152
7483,105122,45,20,64,20056,0x7189126babc21873,AllReduce,0xaaaadbd8a7a0,18163257792,18174713376,2,Other,0,1,0x7189126babc21873_allreduce_1,ring,simple,0,0,134217728,4,4,2,524288,1,134217728,2097152
7483,105122,45,20,64,20083,0x7189126babc21873,AllReduce,0xaaaadbd8a7a0,18195960320,18218276288,5,Other,0,2,0x7189126babc21873_allreduce_2,ring,simple,0,0,268435456,4,4,2,524288,1,268435456,2097152
7483,105122,45,20,64,20101,0x7189126babc21873,AllReduce,0xaaaadbd8a7a0,18225717472,18236913568,7,Other,0,3,0x7189126babc21873_allreduce_3,ring,simple,0,0,134217728,4,4,2,524288,1,134217728,2097152
7483,105122,45,20,64,20110,0x7189126babc21873,AllReduce,0xaaaadbd8a7a0,18239497088,18242712384,8,Other,0,4,0x7189126babc21873_allreduce_4,ring,simple,0,0,33554432,4,4,2,524288,1,33554432,2097152
7483,105122,45,20,64,20119,0x7189126babc21873,AllReduce,0xaaaadbd8a7a0,18245408224,18267635104,9,Other,0,5,0x7189126babc21873_allreduce_5,ring,simple,0,0,268435456,4,4,2,524288,1,268435456,2097152
7483,105122,45,20,64,20182,0x7189126babc21873,AllReduce,0xaaaadbd8a7a0,18311235264,18322415712,16,Other,0,6,0x7189126babc21873_allreduce_6,ring,simple,0,0,134217728,4,4,2,524288,1,134217728,2097152
7483,105122,45,20,64,20191,0x7189126babc21873,AllReduce,0xaaaadbd8a7a0,18325853280,18329049888,17,Other,0,7,0x7189126babc21873_allreduce_7,ring,simple,0,0,33554432,4,4,2,524288,1,33554432,2097152
7483,105122,45,20,64,20200,0x7189126babc21873,AllReduce,0xaaaadbd8a7a0,18329631520,18335471744,18,Other,0,8,0x7189126babc21873_allreduce_8,ring,simple,0,0,67108864,4,4,2,524288,1,67108864,2097152
7485,209553,43,27,64,19167,0x7189126babc21873,AllGather,0xaaab54ea5fd0,20480565738,20483722122,1,Other,0,0,0x7189126babc21873_allgather_0,ring,simple,0,0,1048576,1,4,2,524288,1,1048576,2097152
7485,209553,43,27,64,19185,0x7189126babc21873,AllGather,0xaaab54ea5fd0,20501926314,20503787882,3,Other,0,1,0x7189126babc21873_allgather_1,ring,simple,0,0,524288,1,4,2,524288,1,524288,2097152
7485,209553,43,27,64,19194,0x7189126babc21873,AllGather,0xaaab54ea5fd0,20504735210,20516414986,4,Other,0,2,0x7189126babc21873_allgather_2,ring,simple,0,0,4194304,1,4,2,524288,1,4194304,2097152
7485,209553,43,27,64,19212,0x7189126babc21873,AllGather,0xaaab54ea5fd0,20544146409,20546022121,6,Other,0,3,0x7189126babc21873_allgather_3,ring,simple,0,0,524288,1,4,2,524288,1,524288,2097152
7485,209553,43,27,64,19248,0x7189126babc21873,AllGather,0xaaab54ea5fd0,20593261289,20595129928,10,Other,0,4,0x7189126babc21873_allgather_4,ring,simple,0,0,524288,1,4,2,524288,1,524288,2097152
7485,209553,43,27,64,19257,0x7189126babc21873,AllGather,0xaaab54ea5fd0,20595664648,20598878344,11,Other,0,5,0x7189126babc21873_allgather_5,ring,simple,0,0,1048576,1,4,2,524288,1,1048576,2097152
7485,209553,43,27,64,19266,0x7189126babc21873,AllGather,0xaaab54ea5fd0,20600584360,20612211016,12,Other,0,6,0x7189126babc21873_allgather_6,ring,simple,0,0,4194304,1,4,2,524288,1,4194304,2097152
7485,209553,43,27,64,19275,0x7189126babc21873,AllGather,0xaaab54ea5fd0,20614001672,20615851816,13,Other,0,7,0x7189126babc21873_allgather_7,ring,simple,0,0,524288,1,4,2,524288,1,524288,2097152
7485,209553,43,27,64,19284,0x7189126babc21873,AllGather,0xaaab54ea5fd0,20617087528,20618938152,14,Other,0,8,0x7189126babc21873_allgather_8,ring,simple,0,0,524288,1,4,2,524288,1,524288,2097152
7485,209553,43,27,64,19293,0x7189126babc21873,AllGather,0xaaab54ea5fd0,20622857032,20634496904,15,Other,0,9,0x7189126babc21873_allgather_9,ring,simple,0,0,4194304,1,4,2,524288,1,4194304,2097152
7485,209553,43,27,64,19329,0x7189126babc21873,AllGather,0xaaab54ea5fd0,20663418471,20665300071,19,Other,0,10,0x7189126babc21873_allgather_10,ring,simple,0,0,524288,1,4,2,524288,1,524288,2097152
7485,209553,43,27,64,19158,0x7189126babc21873,AllReduce,0xaaab54ea5fd0,20476584426,20479831786,0,Other,0,0,0x7189126babc21873_allreduce_0,ring,simple,0,0,33554432,4,4,2,524288,1,33554432,2097152
7485,209553,43,27,64,19176,0x7189126babc21873,AllReduce,0xaaab54ea5fd0,20487646826,20499150058,2,Other,0,1,0x7189126babc21873_allreduce_1,ring,simple,0,0,134217728,4,4,2,524288,1,134217728,2097152
7485,209553,43,27,64,19203,0x7189126babc21873,AllReduce,0xaaab54ea5fd0,20520321898,20542535433,5,Other,0,2,0x7189126babc21873_allreduce_2,ring,simple,0,0,268435456,4,4,2,524288,1,268435456,2097152
7485,209553,43,27,64,19221,0x7189126babc21873,AllReduce,0xaaab54ea5fd0,20550081961,20561224009,7,Other,0,3,0x7189126babc21873_allreduce_3,ring,simple,0,0,134217728,4,4,2,524288,1,134217728,2097152
7485,209553,43,27,64,19230,0x7189126babc21873,AllReduce,0xaaab54ea5fd0,20563867785,20567121449,8,Other,0,4,0x7189126babc21873_allreduce_4,ring,simple,0,0,33554432,4,4,2,524288,1,33554432,2097152
7485,209553,43,27,64,19239,0x7189126babc21873,AllReduce,0xaaab54ea5fd0,20569730569,20592011657,9,Other,0,5,0x7189126babc21873_allreduce_5,ring,simple,0,0,268435456,4,4,2,524288,1,268435456,2097152
7485,209553,43,27,64,19302,0x7189126babc21873,AllReduce,0xaaab54ea5fd0,20635588136,20646745608,16,Other,0,6,0x7189126babc21873_allreduce_6,ring,simple,0,0,134217728,4,4,2,524288,1,134217728,2097152
7485,209553,43,27,64,19311,0x7189126babc21873,AllReduce,0xaaab54ea5fd0,20650206600,20653432520,17,Other,0,7,0x7189126babc21873_allreduce_7,ring,simple,0,0,33554432,4,4,2,524288,1,33554432,2097152
7485,209553,43,27,64,19320,0x7189126babc21873,AllReduce,0xaaab54ea5fd0,20654007976,20659827143,18,Other,0,8,0x7189126babc21873_allreduce_8,ring,simple,0,0,67108864,4,4,2,524288,1,67108864,2097152
7485,209578,58,26,64,25760,0x7189126babc21873,AllGather,0xaaae3c91d3c0,18631394656,18634585088,1,Other,0,0,0x7189126babc21873_allgather_0,ring,simple,0,0,1048576,1,4,2,524288,1,1048576,2097152
7485,209578,58,26,64,25778,0x7189126babc21873,AllGather,0xaaae3c91d3c0,18652759136,18654639872,3,Other,0,1,0x7189126babc21873_allgather_1,ring,simple,0,0,524288,1,4,2,524288,1,524288,2097152
7485,209578,58,26,64,25787,0x7189126babc21873,AllGather,0xaaae3c91d3c0,18655568288,18667298496,4,Other,0,2,0x7189126babc21873_allgather_2,ring,simple,0,0,4194304,1,4,2,524288,1,4194304,2097152
7485,209578,58,26,64,25805,0x7189126babc21873,AllGather,0xaaae3c91d3c0,18694979808,18696873408,6,Other,0,3,0x7189126babc21873_allgather_3,ring,simple,0,0,524288,1,4,2,524288,1,524288,2097152
7485,209578,58,26,64,25841,0x7189126babc21873,AllGather,0xaaae3c91d3c0,18744086912,18745975552,10,Other,0,4,0x7189126babc21873_allgather_4,ring,simple,0,0,524288,1,4,2,524288,1,524288,2097152
7485,209578,58,26,64,25850,0x7189126babc21873,AllGather,0xaaae3c91d3c0,18746497216,18749741280,11,Other,0,5,0x7189126babc21873_allgather_5,ring,simple,0,0,1048576,1,4,2,524288,1,1048576,2097152
7485,209578,58,26,64,25859,0x7189126babc21873,AllGather,0xaaae3c91d3c0,18751412576,18763094944,12,Other,0,6,0x7189126babc21873_allgather_6,ring,simple,0,0,4194304,1,4,2,524288,1,4194304,2097152
7485,209578,58,26,64,25868,0x7189126babc21873,AllGather,0xaaae3c91d3c0,18764833280,18766702368,13,Other,0,7,0x7189126babc21873_allgather_7,ring,simple,0,0,524288,1,4,2,524288,1,524288,2097152
7485,209578,58,26,64,25877,0x7189126babc21873,AllGather,0xaaae3c91d3c0,18767923520,18769790272,14,Other,0,8,0x7189126babc21873_allgather_8,ring,simple,0,0,524288,1,4,2,524288,1,524288,2097152
7485,209578,58,26,64,25886,0x7189126babc21873,AllGather,0xaaae3c91d3c0,18773678528,18785380992,15,Other,0,9,0x7189126babc21873_allgather_9,ring,simple,0,0,4194304,1,4,2,524288,1,4194304,2097152
7485,209578,58,26,64,25922,0x7189126babc21873,AllGather,0xaaae3c91d3c0,18814252928,18816152576,19,Other,0,10,0x7189126babc21873_allgather_10,ring,simple,0,0,524288,1,4,2,524288,1,524288,2097152
7485,209578,58,26,64,25751,0x7189126babc21873,AllReduce,0xaaae3c91d3c0,18627387232,18630662144,0,Other,0,0,0x7189126babc21873_allreduce_0,ring,simple,0,0,33554432,4,4,2,524288,1,33554432,2097152
7485,209578,58,26,64,25769,0x7189126babc21873,AllReduce,0xaaae3c91d3c0,18638479168,18650033536,2,Other,0,1,0x7189126babc21873_allreduce_1,ring,simple,0,0,134217728,4,4,2,524288,1,134217728,2097152
7485,209578,58,26,64,25796,0x7189126babc21873,AllReduce,0xaaae3c91d3c0,18671154464,18693417632,5,Other,0,2,0x7189126babc21873_allreduce_2,ring,simple,0,0,268435456,4,4,2,524288,1,268435456,2097152
7485,209578,58,26,64,25814,0x7189126babc21873,AllReduce,0xaaae3c91d3c0,18700916384,18712107104,7,Other,0,3,0x7189126babc21873_allreduce_3,ring,simple,0,0,134217728,4,4,2,524288,1,134217728,2097152
7485,209578,58,26,64,25823,0x7189126babc21873,AllReduce,0xaaae3c91d3c0,18714696864,18717972288,8,Other,0,4,0x7189126babc21873_allreduce_4,ring,simple,0,0,33554432,4,4,2,524288,1,33554432,2097152
7485,209578,58,26,64,25832,0x7189126babc21873,AllReduce,0xaaae3c91d3c0,18720563872,18742894272,9,Other,0,5,0x7189126babc21873_allreduce_5,ring,simple,0,0,268435456,4,4,2,524288,1,268435456,2097152
7485,209578,58,26,64,25895,0x7189126babc21873,AllReduce,0xaaae3c91d3c0,18786417984,18797628576,16,Other,0,6,0x7189126babc21873_allreduce_6,ring,simple,0,0,134217728,4,4,2,524288,1,134217728,2097152
7485,209578,58,26,64,25904,0x7189126babc21873,AllReduce,0xaaae3c91d3c0,18801036192,18804283040,17,Other,0,7,0x7189126babc21873_allreduce_7,ring,simple,0,0,33554432,4,4,2,524288,1,33554432,2097152
7485,209578,58,26,64,25913,0x7189126babc21873,AllReduce,0xaaae3c91d3c0,18804843936,18810689408,18,Other,0,8,0x7189126babc21873_allreduce_8,ring,simple,0,0,67108864,4,4,2,524288,1,67108864,2097152
7485,209614,60,24,64,26639,0x7189126babc21873,AllGather,0xaaac87163230,18148688352,18151903840,1,Other,0,0,0x7189126babc21873_allgather_0,ring,simple,0,0,1048576,1,4,2,524288,1,1048576,2097152
7485,209614,60,24,64,26657,0x7189126babc21873,AllGather,0xaaac87163230,18170063936,18171942528,3,Other,0,1,0x7189126babc21873_allgather_1,ring,simple,0,0,524288,1,4,2,524288,1,524288,2097152
7485,209614,60,24,64,26666,0x7189126babc21873,AllGather,0xaaac87163230,18172858656,18184647744,4,Other,0,2,0x7189126babc21873_allgather_2,ring,simple,0,0,4194304,1,4,2,524288,1,4194304,2097152
7485,209614,60,24,64,26684,0x7189126babc21873,AllGather,0xaaac87163230,18212266016,18214175328,6,Other,0,3,0x7189126babc21873_allgather_3,ring,simple,0,0,524288,1,4,2,524288,1,524288,2097152
7485,209614,60,24,64,26720,0x7189126babc21873,AllGather,0xaaac87163230,18261373248,18263276992,10,Other,0,4,0x7189126babc21873_allgather_4,ring,simple,0,0,524288,1,4,2,524288,1,524288,2097152
7485,209614,60,24,64,26729,0x7189126babc21873,AllGather,0xaaac87163230,18263782944,18267059616,11,Other,0,5,0x7189126babc21873_allgather_5,ring,simple,0,0,1048576,1,4,2,524288,1,1048576,2097152
7485,209614,60,24,64,26738,0x7189126babc21873,AllGather,0xaaac87163230,18268698016,18280445248,12,Other,0,6,0x7189126babc21873_allgather_6,ring,simple,0,0,4194304,1,4,2,524288,1,4194304,2097152
7485,209614,60,24,64,26747,0x7189126babc21873,AllGather,0xaaac87163230,18282111936,18284003392,13,Other,0,7,0x7189126babc21873_allgather_7,ring,simple,0,0,524288,1,4,2,524288,1,524288,2097152
7485,209614,60,24,64,26756,0x7189126babc21873,AllGather,0xaaac87163230,18285200672,18287091168,14,Other,0,8,0x7189126babc21873_allgather_8,ring,simple,0,0,524288,1,4,2,524288,1,524288,2097152
7485,209614,60,24,64,26765,0x7189126babc21873,AllGather,0xaaac87163230,18290961248,18302731552,15,Other,0,9,0x7189126babc21873_allgather_9,ring,simple,0,0,4194304,1,4,2,524288,1,4194304,2097152
7485,209614,60,24,64,26801,0x7189126babc21873,AllGather,0xaaac87163230,18331534912,18333454560,19,Other,0,10,0x7189126babc21873_allgather_10,ring,simple,0,0,524288,1,4,2,524288,1,524288,2097152
7485,209614,60,24,64,26630,0x7189126babc21873,AllReduce,0xaaac87163230,18144684128,18147961792,0,Other,0,0,0x7189126babc21873_allreduce_0,ring,simple,0,0,33554432,4,4,2,524288,1,33554432,2097152
7485,209614,60,24,64,26648,0x7189126babc21873,AllReduce,0xaaac87163230,18156166112,18167382048,2,Other,0,1,0x7189126babc21873_allreduce_1,ring,simple,0,0,134217728,4,4,2,524288,1,134217728,2097152
7485,209614,60,24,64,26675,0x7189126babc21873,AllReduce,0xaaac87163230,18188441184,18210764512,5,Other,0,2,0x7189126babc21873_allreduce_2,ring,simple,0,0,268435456,4,4,2,524288,1,268435456,2097152
7485,209614,60,24,64,26693,0x7189126babc21873,AllReduce,0xaaac87163230,18218201888,18229455392,7,Other,0,3,0x7189126babc21873_allreduce_3,ring,simple,0,0,134217728,4,4,2,524288,1,134217728,2097152
7485,209614,60,24,64,26702,0x7189126babc21873,AllReduce,0xaaac87163230,18231981472,18235271520,8,Other,0,4,0x7189126babc21873_allreduce_4,ring,simple,0,0,33554432,4,4,2,524288,1,33554432,2097152
7485,209614,60,24,64,26711,0x7189126babc21873,AllReduce,0xaaac87163230,18237849376,18260241888,9,Other,0,5,0x7189126babc21873_allreduce_5,ring,simple,0,0,268435456,4,4,2,524288,1,268435456,2097152
7485,209614,60,24,64,26774,0x7189126babc21873,AllReduce,0xaaac87163230,18303696896,18314976832,16,Other,0,6,0x7189126babc21873_allreduce_6,ring,simple,0,0,134217728,4,4,2,524288,1,134217728,2097152
7485,209614,60,24,64,26783,0x7189126babc21873,AllReduce,0xaaac87163230,18318318624,18321582240,17,Other,0,7,0x7189126babc21873_allreduce_7,ring,simple,0,0,33554432,4,4,2,524288,1,33554432,2097152
7485,209614,60,24,64,26792,0x7189126babc21873,AllReduce,0xaaac87163230,18322122720,18328005664,18,Other,0,8,0x7189126babc21873_allreduce_8,ring,simple,0,0,67108864,4,4,2,524288,1,67108864,2097152
7485,209624,13,25,64,5978,0x7189126babc21873,AllGather,0xaaab1bb05fd0,18149112864,18152323680,1,Other,0,0,0x7189126babc21873_allgather_0,ring,simple,0,0,1048576,1,4,2,524288,1,1048576,2097152
7485,209624,13,25,64,5996,0x7189126babc21873,AllGather,0xaaab1bb05fd0,18170480960,18172367808,3,Other,0,1,0x7189126babc21873_allgather_1,ring,simple,0,0,524288,1,4,2,524288,1,524288,2097152
7485,209624,13,25,64,6005,0x7189126babc21873,AllGather,0xaaab1bb05fd0,18173288480,18185057792,4,Other,0,2,0x7189126babc21873_allgather_2,ring,simple,0,0,4194304,1,4,2,524288,1,4194304,2097152
7485,209624,13,25,64,6023,0x7189126babc21873,AllGather,0xaaab1bb05fd0,18212696544,18214602240,6,Other,0,3,0x7189126babc21873_allgather_3,ring,simple,0,0,524288,1,4,2,524288,1,524288,2097152
7485,209624,13,25,64,6059,0x7189126babc21873,AllGather,0xaaab1bb05fd0,18261812704,18263702560,10,Other,0,4,0x7189126babc21873_allgather_4,ring,simple,0,0,524288,1,4,2,524288,1,524288,2097152
7485,209624,13,25,64,6068,0x7189126babc21873,AllGather,0xaaab1bb05fd0,18264213344,18267480384,11,Other,0,5,0x7189126babc21873_allgather_5,ring,simple,0,0,1048576,1,4,2,524288,1,1048576,2097152
7485,209624,13,25,64,6077,0x7189126babc21873,AllGather,0xaaab1bb05fd0,18269132672,18280855520,12,Other,0,6,0x7189126babc21873_allgather_6,ring,simple,0,0,4194304,1,4,2,524288,1,4194304,2097152
7485,209624,13,25,64,6086,0x7189126babc21873,AllGather,0xaaab1bb05fd0,18282551040,18284430528,13,Other,0,7,0x7189126babc21873_allgather_7,ring,simple,0,0,524288,1,4,2,524288,1,524288,2097152
7485,209624,13,25,64,6095,0x7189126babc21873,AllGather,0xaaab1bb05fd0,18285634016,18287519072,14,Other,0,8,0x7189126babc21873_allgather_8,ring,simple,0,0,524288,1,4,2,524288,1,524288,2097152
7485,209624,13,25,64,6104,0x7189126babc21873,AllGather,0xaaab1bb05fd0,18291396544,18303141536,15,Other,0,9,0x7189126babc21873_allgather_9,ring,simple,0,0,4194304,1,4,2,524288,1,4194304,2097152
7485,209624,13,25,64,6140,0x7189126babc21873,AllGather,0xaaab1bb05fd0,18331966784,18333880672,19,Other,0,10,0x7189126babc21873_allgather_10,ring,simple,0,0,524288,1,4,2,524288,1,524288,2097152
7485,209624,13,25,64,5969,0x7189126babc21873,AllReduce,0xaaab1bb05fd0,18145102432,18148389024,0,Other,0,0,0x7189126babc21873_allreduce_0,ring,simple,0,0,33554432,4,4,2,524288,1,33554432,2097152
7485,209624,13,25,64,5987,0x7189126babc21873,AllReduce,0xaaab1bb05fd0,18156194496,18167792064,2,Other,0,1,0x7189126babc21873_allreduce_1,ring,simple,0,0,134217728,4,4,2,524288,1,134217728,2097152
7485,209624,13,25,64,6014,0x7189126babc21873,AllReduce,0xaaab1bb05fd0,18188871264,18211175744,5,Other,0,2,0x7189126babc21873_allreduce_2,ring,simple,0,0,268435456,4,4,2,524288,1,268435456,2097152
7485,209624,13,25,64,6032,0x7189126babc21873,AllReduce,0xaaab1bb05fd0,18218630240,18229865088,7,Other,0,3,0x7189126babc21873_allreduce_3,ring,simple,0,0,134217728,4,4,2,524288,1,134217728,2097152
7485,209624,13,25,64,6041,0x7189126babc21873,AllReduce,0xaaab1bb05fd0,18232413664,18235699424,8,Other,0,4,0x7189126babc21873_allreduce_4,ring,simple,0,0,33554432,4,4,2,524288,1,33554432,2097152
7485,209624,13,25,64,6050,0x7189126babc21873,AllReduce,0xaaab1bb05fd0,18238282784,18260652640,9,Other,0,5,0x7189126babc21873_allreduce_5,ring,simple,0,0,268435456,4,4,2,524288,1,268435456,2097152
7485,209624,13,25,64,6113,0x7189126babc21873,AllReduce,0xaaab1bb05fd0,18304131648,18315387200,16,Other,0,6,0x7189126babc21873_allreduce_6,ring,simple,0,0,134217728,4,4,2,524288,1,134217728,2097152
7485,209624,13,25,64,6122,0x7189126babc21873,AllReduce,0xaaab1bb05fd0,18318750944,18322009664,17,Other,0,7,0x7189126babc21873_allreduce_7,ring,simple,0,0,33554432,4,4,2,524288,1,33554432,2097152
7485,209624,13,25,64,6131,0x7189126babc21873,AllReduce,0xaaab1bb05fd0,18322555552,18328426880,18,Other,0,8,0x7189126babc21873_allreduce_8,ring,simple,0,0,67108864,4,4,2,524288,1,67108864,2097152
7490,125589,16,28,64,7297,0x7189126babc21873,AllGather,0xaaad66935950,20959441565,20962647133,1,Other,0,0,0x7189126babc21873_allgather_0,ring,simple,0,0,1048576,1,4,2,524288,1,1048576,2097152
7490,125589,16,28,64,7315,0x7189126babc21873,AllGather,0xaaad66935950,20980825533,20982679901,3,Other,0,1,0x7189126babc21873_allgather_1,ring,simple,0,0,524288,1,4,2,524288,1,524288,2097152
7490,125589,16,28,64,7324,0x7189126babc21873,AllGather,0xaaad66935950,20983603197,20995335869,4,Other,0,2,0x7189126babc21873_allgather_2,ring,simple,0,0,4194304,1,4,2,524288,1,4194304,2097152
7490,125589,16,28,64,7342,0x7189126babc21873,AllGather,0xaaad66935950,21023048606,21024907518,6,Other,0,3,0x7189126babc21873_allgather_3,ring,simple,0,0,524288,1,4,2,524288,1,524288,2097152
7490,125589,16,28,64,7378,0x7189126babc21873,AllGather,0xaaad66935950,21072189694,21074035390,10,Other,0,4,0x7189126babc21873_allgather_4,ring,simple,0,0,524288,1,4,2,524288,1,524288,2097152
7490,125589,16,28,64,7387,0x7189126babc21873,AllGather,0xaaad66935950,21074555806,21077769790,11,Other,0,5,0x7189126babc21873_allgather_5,ring,simple,0,0,1048576,1,4,2,524288,1,1048576,2097152
7490,125589,16,28,64,7396,0x7189126babc21873,AllGather,0xaaad66935950,21079469758,21091201118,12,Other,0,6,0x7189126babc21873_allgather_6,ring,simple,0,0,4194304,1,4,2,524288,1,4194304,2097152
7490,125589,16,28,64,7405,0x7189126babc21873,AllGather,0xaaad66935950,21092888606,21094742878,13,Other,0,7,0x7189126babc21873_allgather_7,ring,simple,0,0,524288,1,4,2,524288,1,524288,2097152
7490,125589,16,28,64,7414,0x7189126babc21873,AllGather,0xaaad66935950,21095976158,21097818974,14,Other,0,8,0x7189126babc21873_allgather_8,ring,simple,0,0,524288,1,4,2,524288,1,524288,2097152
7490,125589,16,28,64,7423,0x7189126babc21873,AllGather,0xaaad66935950,21101729598,21113444638,15,Other,0,9,0x7189126babc21873_allgather_9,ring,simple,0,0,4194304,1,4,2,524288,1,4194304,2097152
7490,125589,16,28,64,7459,0x7189126babc21873,AllGather,0xaaad66935950,21142306430,21144182718,19,Other,0,10,0x7189126babc21873_allgather_10,ring,simple,0,0,524288,1,4,2,524288,1,524288,2097152
7490,125589,16,28,64,7288,0x7189126babc21873,AllReduce,0xaaad66935950,20955480061,20958742429,0,Other,0,0,0x7189126babc21873_allreduce_0,ring,simple,0,0,33554432,4,4,2,524288,1,33554432,2097152
7490,125589,16,28,64,7306,0x7189126babc21873,AllReduce,0xaaad66935950,20966521981,20978033949,2,Other,0,1,0x7189126babc21873_allreduce_1,ring,simple,0,0,134217728,4,4,2,524288,1,134217728,2097152
7490,125589,16,28,64,7333,0x7189126babc21873,AllReduce,0xaaad66935950,20999217917,21021520222,5,Other,0,2,0x7189126babc21873_allreduce_2,ring,simple,0,0,268435456,4,4,2,524288,1,268435456,2097152
7490,125589,16,28,64,7351,0x7189126babc21873,AllReduce,0xaaad66935950,21028976574,21040182750,7,Other,0,3,0x7189126babc21873_allreduce_3,ring,simple,0,0,134217728,4,4,2,524288,1,134217728,2097152
7490,125589,16,28,64,7360,0x7189126babc21873,AllReduce,0xaaad66935950,21042763902,21046004190,8,Other,0,4,0x7189126babc21873_allreduce_4,ring,simple,0,0,33554432,4,4,2,524288,1,33554432,2097152
7490,125589,16,28,64,7369,0x7189126babc21873,AllReduce,0xaaad66935950,21048624798,21070981374,9,Other,0,5,0x7189126babc21873_allreduce_5,ring,simple,0,0,268435456,4,4,2,524288,1,268435456,2097152
7490,125589,16,28,64,7432,0x7189126babc21873,AllReduce,0xaaad66935950,21114473310,21125690334,16,Other,0,6,0x7189126babc21873_allreduce_6,ring,simple,0,0,134217728,4,4,2,524288,1,134217728,2097152
7490,125589,16,28,64,7441,0x7189126babc21873,AllReduce,0xaaad66935950,21129098302,21132320350,17,Other,0,7,0x7189126babc21873_allreduce_7,ring,simple,0,0,33554432,4,4,2,524288,1,33554432,2097152
7490,125589,16,28,64,7450,0x7189126babc21873,AllReduce,0xaaad66935950,21132897790,21138725790,18,Other,0,8,0x7189126babc21873_allreduce_8,ring,simple,0,0,67108864,4,4,2,524288,1,67108864,2097152
7490,125632,1,30,64,708,0x7189126babc21873,AllGather,0xaaae8cb78110,18370627841,18373806497,1,Other,0,0,0x7189126babc21873_allgather_0,ring,simple,0,0,1048576,1,4,2,524288,1,1048576,2097152
7490,125632,1,30,64,726,0x7189126babc21873,AllGather,0xaaae8cb78110,18392006561,18393856385,3,Other,0,1,0x7189126babc21873_allgather_1,ring,simple,0,0,524288,1,4,2,524288,1,524288,2097152
7490,125632,1,30,64,735,0x7189126babc21873,AllGather,0xaaae8cb78110,18394790689,18406462561,4,Other,0,2,0x7189126babc21873_allgather_2,ring,simple,0,0,4194304,1,4,2,524288,1,4194304,2097152
7490,125632,1,30,64,753,0x7189126babc21873,AllGather,0xaaae8cb78110,18434232801,18436082017,6,Other,0,3,0x7189126babc21873_allgather_3,ring,simple,0,0,524288,1,4,2,524288,1,524288,2097152
7490,125632,1,30,64,789,0x7189126babc21873,AllGather,0xaaae8cb78110,18483345377,18485212193,10,Other,0,4,0x7189126babc21873_allgather_4,ring,simple,0,0,524288,1,4,2,524288,1,524288,2097152
7490,125632,1,30,64,798,0x7189126babc21873,AllGather,0xaaae8cb78110,18485750081,18488929729,11,Other,0,5,0x7189126babc21873_allgather_5,ring,simple,0,0,1048576,1,4,2,524288,1,1048576,2097152
7490,125632,1,30,64,807,0x7189126babc21873,AllGather,0xaaae8cb78110,18490664032,18502328448,12,Other,0,6,0x7189126babc21873_allgather_6,ring,simple,0,0,4194304,1,4,2,524288,1,4194304,2097152
7490,125632,1,30,64,816,0x7189126babc21873,AllGather,0xaaae8cb78110,18504082560,18505919552,13,Other,0,7,0x7189126babc21873_allgather_7,ring,simple,0,0,524288,1,4,2,524288,1,524288,2097152
7490,125632,1,30,64,825,0x7189126babc21873,AllGather,0xaaae8cb78110,18507169568,18508996192,14,Other,0,8,0x7189126babc21873_allgather_8,ring,simple,0,0,524288,1,4,2,524288,1,524288,2097152
7490,125632,1,30,64,834,0x7189126babc21873,AllGather,0xaaae8cb78110,18512926912,18524571360,15,Other,0,9,0x7189126babc21873_allgather_9,ring,simple,0,0,4194304,1,4,2,524288,1,4194304,2097152
7490,125632,1,30,64,870,0x7189126babc21873,AllGather,0xaaae8cb78110,18553498433,18555358401,19,Other,0,10,0x7189126babc21873_allgather_10,ring,simple,0,0,524288,1,4,2,524288,1,524288,2097152
7490,125632,1,30,64,699,0x7189126babc21873,AllReduce,0xaaae8cb78110,18366654337,18369920833,0,Other,0,0,0x7189126babc21873_allreduce_0,ring,simple,0,0,33554432,4,4,2,524288,1,33554432,2097152
7490,125632,1,30,64,717,0x7189126babc21873,AllReduce,0xaaae8cb78110,18377706625,18389161377,2,Other,0,1,0x7189126babc21873_allreduce_1,ring,simple,0,0,134217728,4,4,2,524288,1,134217728,2097152
7490,125632,1,30,64,744,0x7189126babc21873,AllReduce,0xaaae8cb78110,18410398913,18432649665,5,Other,0,2,0x7189126babc21873_allreduce_2,ring,simple,0,0,268435456,4,4,2,524288,1,268435456,2097152
7490,125632,1,30,64,762,0x7189126babc21873,AllReduce,0xaaae8cb78110,18440168033,18451311617,7,Other,0,3,0x7189126babc21873_allreduce_3,ring,simple,0,0,134217728,4,4,2,524288,1,134217728,2097152
7490,125632,1,30,64,771,0x7189126babc21873,AllReduce,0xaaae8cb78110,18453948737,18457181441,8,Other,0,4,0x7189126babc21873_allreduce_4,ring,simple,0,0,33554432,4,4,2,524288,1,33554432,2097152
7490,125632,1,30,64,780,0x7189126babc21873,AllReduce,0xaaae8cb78110,18459818273,18482110977,9,Other,0,5,0x7189126babc21873_allreduce_5,ring,simple,0,0,268435456,4,4,2,524288,1,268435456,2097152
7490,125632,1,30,64,843,0x7189126babc21873,AllReduce,0xaaae8cb78110,18525668544,18536818464,16,Other,0,6,0x7189126babc21873_allreduce_6,ring,simple,0,0,134217728,4,4,2,524288,1,134217728,2097152
7490,125632,1,30,64,852,0x7189126babc21873,AllReduce,0xaaae8cb78110,18540286048,18543499136,17,Other,0,7,0x7189126babc21873_allreduce_7,ring,simple,0,0,33554432,4,4,2,524288,1,33554432,2097152
7490,125632,1,30,64,861,0x7189126babc21873,AllReduce,0xaaae8cb78110,18544088800,18549887264,18,Other,0,8,0x7189126babc21873_allreduce_8,ring,simple,0,0,67108864,4,4,2,524288,1,67108864,2097152
7490,125649,23,31,64,10375,0x7189126babc21873,AllGather,0xaaabd2a45fd0,18354581728,18357732640,1,Other,0,0,0x7189126babc21873_allgather_0,ring,simple,0,0,1048576,1,4,2,524288,1,1048576,2097152
7490,125649,23,31,64,10393,0x7189126babc21873,AllGather,0xaaabd2a45fd0,18375955488,18377792416,3,Other,0,1,0x7189126babc21873_allgather_1,ring,simple,0,0,524288,1,4,2,524288,1,524288,2097152
7490,125649,23,31,64,10402,0x7189126babc21873,AllGather,0xaaabd2a45fd0,18378742176,18390374464,4,Other,0,2,0x7189126babc21873_allgather_2,ring,simple,0,0,4194304,1,4,2,524288,1,4194304,2097152
7490,125649,23,31,64,10420,0x7189126babc21873,AllGather,0xaaabd2a45fd0,18418183904,18420018304,6,Other,0,3,0x7189126babc21873_allgather_3,ring,simple,0,0,524288,1,4,2,524288,1,524288,2097152
7490,125649,23,31,64,10456,0x7189126babc21873,AllGather,0xaaabd2a45fd0,18467301184,18469148704,10,Other,0,4,0x7189126babc21873_allgather_4,ring,simple,0,0,524288,1,4,2,524288,1,524288,2097152
7490,125649,23,31,64,10465,0x7189126babc21873,AllGather,0xaaabd2a45fd0,18469702080,18472855648,11,Other,0,5,0x7189126babc21873_allgather_5,ring,simple,0,0,1048576,1,4,2,524288,1,1048576,2097152
7490,125649,23,31,64,10474,0x7189126babc21873,AllGather,0xaaabd2a45fd0,18474615552,18486232544,12,Other,0,6,0x7189126babc21873_allgather_6,ring,simple,0,0,4194304,1,4,2,524288,1,4194304,2097152
7490,125649,23,31,64,10483,0x7189126babc21873,AllGather,0xaaabd2a45fd0,18488032192,18489854432,13,Other,0,7,0x7189126babc21873_allgather_7,ring,simple,0,0,524288,1,4,2,524288,1,524288,2097152
7490,125649,23,31,64,10492,0x7189126babc21873,AllGather,0xaaabd2a45fd0,18491123264,18492932448,14,Other,0,8,0x7189126babc21873_allgather_8,ring,simple,0,0,524288,1,4,2,524288,1,524288,2097152
7490,125649,23,31,64,10501,0x7189126babc21873,AllGather,0xaaabd2a45fd0,18496877760,18508475264,15,Other,0,9,0x7189126babc21873_allgather_9,ring,simple,0,0,4194304,1,4,2,524288,1,4194304,2097152
7490,125649,23,31,64,10537,0x7189126babc21873,AllGather,0xaaabd2a45fd0,18537454272,18539293792,19,Other,0,10,0x7189126babc21873_allgather_10,ring,simple,0,0,524288,1,4,2,524288,1,524288,2097152
7490,125649,23,31,64,10366,0x7189126babc21873,AllReduce,0xaaabd2a45fd0,18350631136,18353858464,0,Other,0,0,0x7189126babc21873_allreduce_0,ring,simple,0,0,33554432,4,4,2,524288,1,33554432,2097152
7490,125649,23,31,64,10384,0x7189126babc21873,AllReduce,0xaaabd2a45fd0,18361657632,18373066240,2,Other,0,1,0x7189126babc21873_allreduce_1,ring,simple,0,0,134217728,4,4,2,524288,1,134217728,2097152
7490,125649,23,31,64,10411,0x7189126babc21873,AllReduce,0xaaabd2a45fd0,18394349088,18416555520,5,Other,0,2,0x7189126babc21873_allreduce_2,ring,simple,0,0,268435456,4,4,2,524288,1,268435456,2097152
7490,125649,23,31,64,10429,0x7189126babc21873,AllReduce,0xaaabd2a45fd0,18424117856,18435216128,7,Other,0,3,0x7189126babc21873_allreduce_3,ring,simple,0,0,134217728,4,4,2,524288,1,134217728,2097152
7490,125649,23,31,64,10438,0x7189126babc21873,AllReduce,0xaaabd2a45fd0,18437898560,18441118592,8,Other,0,4,0x7189126babc21873_allreduce_4,ring,simple,0,0,33554432,4,4,2,524288,1,33554432,2097152
7490,125649,23,31,64,10447,0x7189126babc21873,AllReduce,0xaaabd2a45fd0,18443769216,18466015104,9,Other,0,5,0x7189126babc21873_allreduce_5,ring,simple,0,0,268435456,4,4,2,524288,1,268435456,2097152
7490,125649,23,31,64,10510,0x7189126babc21873,AllReduce,0xaaabd2a45fd0,18509616800,18520723296,16,Other,0,6,0x7189126babc21873_allreduce_6,ring,simple,0,0,134217728,4,4,2,524288,1,134217728,2097152
7490,125649,23,31,64,10519,0x7189126babc21873,AllReduce,0xaaabd2a45fd0,18524237760,18527436928,17,Other,0,7,0x7189126babc21873_allreduce_7,ring,simple,0,0,33554432,4,4,2,524288,1,33554432,2097152
7490,125649,23,31,64,10528,0x7189126babc21873,AllReduce,0xaaabd2a45fd0,18528040384,18533813472,18,Other,0,8,0x7189126babc21873_allreduce_8,ring,simple,0,0,67108864,4,4,2,524288,1,67108864,2097152
7490,125653,46,29,64,20486,0x7189126babc21873,AllGather,0xaaab77f45950,18354296926,18357503998,1,Other,0,0,0x7189126babc21873_allgather_0,ring,simple,0,0,1048576,1,4,2,524288,1,1048576,2097152
7490,125653,46,29,64,20504,0x7189126babc21873,AllGather,0xaaab77f45950,18375674558,18377542174,3,Other,0,1,0x7189126babc21873_allgather_1,ring,simple,0,0,524288,1,4,2,524288,1,524288,2097152
7490,125653,46,29,64,20513,0x7189126babc21873,AllGather,0xaaab77f45950,18378461246,18390181535,4,Other,0,2,0x7189126babc21873_allgather_2,ring,simple,0,0,4194304,1,4,2,524288,1,4194304,2097152
7490,125653,46,29,64,20531,0x7189126babc21873,AllGather,0xaaab77f45950,18417899231,18419769087,6,Other,0,3,0x7189126babc21873_allgather_3,ring,simple,0,0,524288,1,4,2,524288,1,524288,2097152
7490,125653,46,29,64,20567,0x7189126babc21873,AllGather,0xaaab77f45950,18467018048,18468898912,10,Other,0,4,0x7189126babc21873_allgather_4,ring,simple,0,0,524288,1,4,2,524288,1,524288,2097152
7490,125653,46,29,64,20576,0x7189126babc21873,AllGather,0xaaab77f45950,18469418784,18472626528,11,Other,0,5,0x7189126babc21873_allgather_5,ring,simple,0,0,1048576,1,4,2,524288,1,1048576,2097152
7490,125653,46,29,64,20585,0x7189126babc21873,AllGather,0xaaab77f45950,18474334368,18486047872,12,Other,0,6,0x7189126babc21873_allgather_6,ring,simple,0,0,4194304,1,4,2,524288,1,4194304,2097152
7490,125653,46,29,64,20594,0x7189126babc21873,AllGather,0xaaab77f45950,18487751936,18489606368,13,Other,0,7,0x7189126babc21873_allgather_7,ring,simple,0,0,524288,1,4,2,524288,1,524288,2097152
7490,125653,46,29,64,20603,0x7189126babc21873,AllGather,0xaaab77f45950,18490841024,18492683072,14,Other,0,8,0x7189126babc21873_allgather_8,ring,simple,0,0,524288,1,4,2,524288,1,524288,2097152
7490,125653,46,29,64,20612,0x7189126babc21873,AllGather,0xaaab77f45950,18496596384,18508291200,15,Other,0,9,0x7189126babc21873_allgather_9,ring,simple,0,0,4194304,1,4,2,524288,1,4194304,2097152
7490,125653,46,29,64,20648,0x7189126babc21873,AllGather,0xaaab77f45950,18537170432,18539045536,19,Other,0,10,0x7189126babc21873_allgather_10,ring,simple,0,0,524288,1,4,2,524288,1,524288,2097152
7490,125653,46,29,64,20477,0x7189126babc21873,AllReduce,0xaaab77f45950,18350309310,18353605662,0,Other,0,0,0x7189126babc21873_allreduce_0,ring,simple,0,0,33554432,4,4,2,524288,1,33554432,2097152
7490,125653,46,29,64,20495,0x7189126babc21873,AllReduce,0xaaab77f45950,18361374622,18372880606,2,Other,0,1,0x7189126babc21873_allreduce_1,ring,simple,0,0,134217728,4,4,2,524288,1,134217728,2097152
7490,125653,46,29,64,20522,0x7189126babc21873,AllReduce,0xaaab77f45950,18394065407,18416368703,5,Other,0,2,0x7189126babc21873_allreduce_2,ring,simple,0,0,268435456,4,4,2,524288,1,268435456,2097152
7490,125653,46,29,64,20540,0x7189126babc21873,AllReduce,0xaaab77f45950,18423837119,18435029471,7,Other,0,3,0x7189126babc21873_allreduce_3,ring,simple,0,0,134217728,4,4,2,524288,1,134217728,2097152
7490,125653,46,29,64,20549,0x7189126babc21873,AllReduce,0xaaab77f45950,18437616191,18440867679,8,Other,0,4,0x7189126babc21873_allreduce_4,ring,simple,0,0,33554432,4,4,2,524288,1,33554432,2097152
7490,125653,46,29,64,20558,0x7189126babc21873,AllReduce,0xaaab77f45950,18443487615,18465829536,9,Other,0,5,0x7189126babc21873_allreduce_5,ring,simple,0,0,268435456,4,4,2,524288,1,268435456,2097152
7490,125653,46,29,64,20621,0x7189126babc21873,AllReduce,0xaaab77f45950,18509336640,18520537024,16,Other,0,6,0x7189126babc21873_allreduce_6,ring,simple,0,0,134217728,4,4,2,524288,1,134217728,2097152
7490,125653,46,29,64,20630,0x7189126babc21873,AllReduce,0xaaab77f45950,18523956064,18527184256,17,Other,0,7,0x7189126babc21873_allreduce_7,ring,simple,0,0,33554432,4,4,2,524288,1,33554432,2097152
7490,125653,46,29,64,20639,0x7189126babc21873,AllReduce,0xaaab77f45950,18527760000,18533583776,18,Other,0,8,0x7189126babc21873_allreduce_8,ring,simple,0,0,67108864,4,4,2,524288,1,67108864,2097152
7492,114672,57,34,64,25321,0x7189126babc21873,AllGather,0xaaaba8da5900,19296495392,19299669952,1,Other,0,0,0x7189126babc21873_allgather_0,ring,simple,0,0,1048576,1,4,2,524288,1,1048576,2097152
7492,114672,57,34,64,25339,0x7189126babc21873,AllGather,0xaaaba8da5900,19317844672,19319681600,3,Other,0,1,0x7189126babc21873_allgather_1,ring,simple,0,0,524288,1,4,2,524288,1,524288,2097152
7492,114672,57,34,64,25348,0x7189126babc21873,AllGather,0xaaaba8da5900,19320735744,19332373568,4,Other,0,2,0x7189126babc21873_allgather_2,ring,simple,0,0,4194304,1,4,2,524288,1,4194304,2097152
7492,114672,57,34,64,25366,0x7189126babc21873,AllGather,0xaaaba8da5900,19359975904,19361926784,6,Other,0,3,0x7189126babc21873_allgather_3,ring,simple,0,0,524288,1,4,2,524288,1,524288,2097152
7492,114672,57,34,64,25402,0x7189126babc21873,AllGather,0xaaaba8da5900,19409156032,19411036832,10,Other,0,4,0x7189126babc21873_allgather_4,ring,simple,0,0,524288,1,4,2,524288,1,524288,2097152
7492,114672,57,34,64,25411,0x7189126babc21873,AllGather,0xaaaba8da5900,19411578080,19414759136,11,Other,0,5,0x7189126babc21873_allgather_5,ring,simple,0,0,1048576,1,4,2,524288,1,1048576,2097152
7492,114672,57,34,64,25420,0x7189126babc21873,AllGather,0xaaaba8da5900,19416446688,19428155232,12,Other,0,6,0x7189126babc21873_allgather_6,ring,simple,0,0,4194304,1,4,2,524288,1,4194304,2097152
7492,114672,57,34,64,25429,0x7189126babc21873,AllGather,0xaaaba8da5900,19429876960,19431757088,13,Other,0,7,0x7189126babc21873_allgather_7,ring,simple,0,0,524288,1,4,2,524288,1,524288,2097152
7492,114672,57,34,64,25438,0x7189126babc21873,AllGather,0xaaaba8da5900,19432935232,19434849504,14,Other,0,8,0x7189126babc21873_allgather_8,ring,simple,0,0,524288,1,4,2,524288,1,524288,2097152
7492,114672,57,34,64,25447,0x7189126babc21873,AllGather,0xaaaba8da5900,19438676416,19450400224,15,Other,0,9,0x7189126babc21873_allgather_9,ring,simple,0,0,4194304,1,4,2,524288,1,4194304,2097152
7492,114672,57,34,64,25483,0x7189126babc21873,AllGather,0xaaaba8da5900,19479261024,19481184320,19,Other,0,10,0x7189126babc21873_allgather_10,ring,simple,0,0,524288,1,4,2,524288,1,524288,2097152
7492,114672,57,34,64,25312,0x7189126babc21873,AllReduce,0xaaaba8da5900,19292065344,19295746848,0,Other,0,0,0x7189126babc21873_allreduce_0,ring,simple,0,0,33554432,4,4,2,524288,1,33554432,2097152
7492,114672,57,34,64,25330,0x7189126babc21873,AllReduce,0xaaaba8da5900,19303549920,19314876640,2,Other,0,1,0x7189126babc21873_allreduce_1,ring,simple,0,0,134217728,4,4,2,524288,1,134217728,2097152
7492,114672,57,34,64,25357,0x7189126babc21873,AllReduce,0xaaaba8da5900,19336215264,19358474496,5,Other,0,2,0x7189126babc21873_allreduce_2,ring,simple,0,0,268435456,4,4,2,524288,1,268435456,2097152
7492,114672,57,34,64,25375,0x7189126babc21873,AllReduce,0xaaaba8da5900,19365927840,19377156256,7,Other,0,3,0x7189126babc21873_allreduce_3,ring,simple,0,0,134217728,4,4,2,524288,1,134217728,2097152
7492,114672,57,34,64,25384,0x7189126babc21873,AllReduce,0xaaaba8da5900,19379720192,19383005472,8,Other,0,4,0x7189126babc21873_allreduce_4,ring,simple,0,0,33554432,4,4,2,524288,1,33554432,2097152
7492,114672,57,34,64,25393,0x7189126babc21873,AllReduce,0xaaaba8da5900,19385587584,19407889376,9,Other,0,5,0x7189126babc21873_allreduce_5,ring,simple,0,0,268435456,4,4,2,524288,1,268435456,2097152
7492,114672,57,34,64,25456,0x7189126babc21873,AllReduce,0xaaaba8da5900,19451432384,19462661088,16,Other,0,6,0x7189126babc21873_allreduce_6,ring,simple,0,0,134217728,4,4,2,524288,1,134217728,2097152
7492,114672,57,34,64,25465,0x7189126babc21873,AllReduce,0xaaaba8da5900,19466053344,19469327840,17,Other,0,7,0x7189126babc21873_allreduce_7,ring,simple,0,0,33554432,4,4,2,524288,1,33554432,2097152
7492,114672,57,34,64,25474,0x7189126babc21873,AllReduce,0xaaaba8da5900,19469863008,19475733088,18,Other,0,8,0x7189126babc21873_allreduce_8,ring,simple,0,0,67108864,4,4,2,524288,1,67108864,2097152
7492,114694,26,32,64,11693,0x7189126babc21873,AllGather,0xaaab58ad3110,18171035520,18174237824,1,Other,0,0,0x7189126babc21873_allgather_0,ring,simple,0,0,1048576,1,4,2,524288,1,1048576,2097152
7492,114694,26,32,64,11711,0x7189126babc21873,AllGather,0xaaab58ad3110,18192381888,18194232192,3,Other,0,1,0x7189126babc21873_allgather_1,ring,simple,0,0,524288,1,4,2,524288,1,524288,2097152
7492,114694,26,32,64,11720,0x7189126babc21873,AllGather,0xaaab58ad3110,18195272480,18206972320,4,Other,0,2,0x7189126babc21873_allgather_2,ring,simple,0,0,4194304,1,4,2,524288,1,4194304,2097152
7492,114694,26,32,64,11738,0x7189126babc21873,AllGather,0xaaab58ad3110,18234507904,18236464032,6,Other,0,3,0x7189126babc21873_allgather_3,ring,simple,0,0,524288,1,4,2,524288,1,524288,2097152
7492,114694,26,32,64,11774,0x7189126babc21873,AllGather,0xaaab58ad3110,18283694560,18285589792,10,Other,0,4,0x7189126babc21873_allgather_4,ring,simple,0,0,524288,1,4,2,524288,1,524288,2097152
7492,114694,26,32,64,11783,0x7189126babc21873,AllGather,0xaaab58ad3110,18286112448,18289327424,11,Other,0,5,0x7189126babc21873_allgather_5,ring,simple,0,0,1048576,1,4,2,524288,1,1048576,2097152
7492,114694,26,32,64,11792,0x7189126babc21873,AllGather,0xaaab58ad3110,18290973376,18302754688,12,Other,0,6,0x7189126babc21873_allgather_6,ring,simple,0,0,4194304,1,4,2,524288,1,4194304,2097152
7492,114694,26,32,64,11801,0x7189126babc21873,AllGather,0xaaab58ad3110,18304411264,18306308575,13,Other,0,7,0x7189126babc21873_allgather_7,ring,simple,0,0,524288,1,4,2,524288,1,524288,2097152
7492,114694,26,32,64,11810,0x7189126babc21873,AllGather,0xaaab58ad3110,18307469023,18309399711,14,Other,0,8,0x7189126babc21873_allgather_8,ring,simple,0,0,524288,1,4,2,524288,1,524288,2097152
7492,114694,26,32,64,11819,0x7189126babc21873,AllGather,0xaaab58ad3110,18313204031,18324999327,15,Other,0,9,0x7189126babc21873_allgather_9,ring,simple,0,0,4194304,1,4,2,524288,1,4194304,2097152
7492,114694,26,32,64,11855,0x7189126babc21873,AllGather,0xaaab58ad3110,18353798015,18355734239,19,Other,0,10,0x7189126babc21873_allgather_10,ring,simple,0,0,524288,1,4,2,524288,1,524288,2097152
7492,114694,26,32,64,11684,0x7189126babc21873,AllReduce,0xaaab58ad3110,18166579680,18170294624,0,Other,0,0,0x7189126babc21873_allreduce_0,ring,simple,0,0,33554432,4,4,2,524288,1,33554432,2097152
7492,114694,26,32,64,11702,0x7189126babc21873,AllReduce,0xaaab58ad3110,18178087392,18189491648,2,Other,0,1,0x7189126babc21873_allreduce_1,ring,simple,0,0,134217728,4,4,2,524288,1,134217728,2097152
7492,114694,26,32,64,11729,0x7189126babc21873,AllReduce,0xaaab58ad3110,18210751008,18233071040,5,Other,0,2,0x7189126babc21873_allreduce_2,ring,simple,0,0,268435456,4,4,2,524288,1,268435456,2097152
7492,114694,26,32,64,11747,0x7189126babc21873,AllReduce,0xaaab58ad3110,18240459552,18251753664,7,Other,0,3,0x7189126babc21873_allreduce_3,ring,simple,0,0,134217728,4,4,2,524288,1,134217728,2097152
7492,114694,26,32,64,11756,0x7189126babc21873,AllReduce,0xaaab58ad3110,18254278496,18257554144,8,Other,0,4,0x7189126babc21873_allreduce_4,ring,simple,0,0,33554432,4,4,2,524288,1,33554432,2097152
7492,114694,26,32,64,11765,0x7189126babc21873,AllReduce,0xaaab58ad3110,18260128512,18282486240,9,Other,0,5,0x7189126babc21873_allreduce_5,ring,simple,0,0,268435456,4,4,2,524288,1,268435456,2097152
7492,114694,26,32,64,11828,0x7189126babc21873,AllReduce,0xaaab58ad3110,18325962495,18337258335,16,Other,0,6,0x7189126babc21873_allreduce_6,ring,simple,0,0,134217728,4,4,2,524288,1,134217728,2097152
7492,114694,26,32,64,11837,0x7189126babc21873,AllReduce,0xaaab58ad3110,18340585151,18343875455,17,Other,0,7,0x7189126babc21873_allreduce_7,ring,simple,0,0,33554432,4,4,2,524288,1,33554432,2097152
7492,114694,26,32,64,11846,0x7189126babc21873,AllReduce,0xaaab58ad3110,18344393887,18350298591,18,Other,0,8,0x7189126babc21873_allreduce_8,ring,simple,0,0,67108864,4,4,2,524288,1,67108864,2097152
7492,114711,0,35,64,269,0x7189126babc21873,AllGather,0xaaad7c825320,18148376288,18151518368,1,Other,0,0,0x7189126babc21873_allgather_0,ring,simple,0,0,1048576,1,4,2,524288,1,1048576,2097152
7492,114711,0,35,64,287,0x7189126babc21873,AllGather,0xaaad7c825320,18169725024,18171538528,3,Other,0,1,0x7189126babc21873_allgather_1,ring,simple,0,0,524288,1,4,2,524288,1,524288,2097152
7492,114711,0,35,64,296,0x7189126babc21873,AllGather,0xaaad7c825320,18172612512,18184197088,4,Other,0,2,0x7189126babc21873_allgather_2,ring,simple,0,0,4194304,1,4,2,524288,1,4194304,2097152
7492,114711,0,35,64,314,0x7189126babc21873,AllGather,0xaaad7c825320,18211850048,18213813312,6,Other,0,3,0x7189126babc21873_allgather_3,ring,simple,0,0,524288,1,4,2,524288,1,524288,2097152
7492,114711,0,35,64,350,0x7189126babc21873,AllGather,0xaaad7c825320,18261035520,18262907264,10,Other,0,4,0x7189126babc21873_allgather_4,ring,simple,0,0,524288,1,4,2,524288,1,524288,2097152
7492,114711,0,35,64,359,0x7189126babc21873,AllGather,0xaaad7c825320,18263454208,18266604768,11,Other,0,5,0x7189126babc21873_allgather_5,ring,simple,0,0,1048576,1,4,2,524288,1,1048576,2097152
7492,114711,0,35,64,368,0x7189126babc21873,AllGather,0xaaad7c825320,18268322144,18279978816,12,Other,0,6,0x7189126babc21873_allgather_6,ring,simple,0,0,4194304,1,4,2,524288,1,4194304,2097152
7492,114711,0,35,64,377,0x7189126babc21873,AllGather,0xaaad7c825320,18281751360,18283641184,13,Other,0,7,0x7189126babc21873_allgather_7,ring,simple,0,0,524288,1,4,2,524288,1,524288,2097152
7492,114711,0,35,64,386,0x7189126babc21873,AllGather,0xaaad7c825320,18284812000,18286727328,14,Other,0,8,0x7189126babc21873_allgather_8,ring,simple,0,0,524288,1,4,2,524288,1,524288,2097152
7492,114711,0,35,64,395,0x7189126babc21873,AllGather,0xaaad7c825320,18290549824,18302224288,15,Other,0,9,0x7189126babc21873_allgather_9,ring,simple,0,0,4194304,1,4,2,524288,1,4194304,2097152
7492,114711,0,35,64,431,0x7189126babc21873,AllGather,0xaaad7c825320,18331140192,18333057248,19,Other,0,10,0x7189126babc21873_allgather_10,ring,simple,0,0,524288,1,4,2,524288,1,524288,2097152
7492,114711,0,35,64,260,0x7189126babc21873,AllReduce,0xaaad7c825320,18143930624,18147610368,0,Other,0,0,0x7189126babc21873_allreduce_0,ring,simple,0,0,33554432,4,4,2,524288,1,33554432,2097152
7492,114711,0,35,64,278,0x7189126babc21873,AllReduce,0xaaad7c825320,18155427808,18166701152,2,Other,0,1,0x7189126babc21873_allreduce_1,ring,simple,0,0,134217728,4,4,2,524288,1,134217728,2097152
7492,114711,0,35,64,305,0x7189126babc21873,AllReduce,0xaaad7c825320,18188091360,18210298656,5,Other,0,2,0x7189126babc21873_allreduce_2,ring,simple,0,0,268435456,4,4,2,524288,1,268435456,2097152
7492,114711,0,35,64,323,0x7189126babc21873,AllReduce,0xaaad7c825320,18217803040,18228981952,7,Other,0,3,0x7189126babc21873_allreduce_3,ring,simple,0,0,134217728,4,4,2,524288,1,134217728,2097152
7492,114711,0,35,64,332,0x7189126babc21873,AllReduce,0xaaad7c825320,18231596864,18234862208,8,Other,0,4,0x7189126babc21873_allreduce_4,ring,simple,0,0,33554432,4,4,2,524288,1,33554432,2097152
7492,114711,0,35,64,341,0x7189126babc21873,AllReduce,0xaaad7c825320,18237464832,18259732640,9,Other,0,5,0x7189126babc21873_allreduce_5,ring,simple,0,0,268435456,4,4,2,524288,1,268435456,2097152
7492,114711,0,35,64,404,0x7189126babc21873,AllReduce,0xaaad7c825320,18303314048,18314486336,16,Other,0,6,0x7189126babc21873_allreduce_6,ring,simple,0,0,134217728,4,4,2,524288,1,134217728,2097152
7492,114711,0,35,64,413,0x7189126babc21873,AllReduce,0xaaad7c825320,18317929152,18321211872,17,Other,0,7,0x7189126babc21873_allreduce_7,ring,simple,0,0,33554432,4,4,2,524288,1,33554432,2097152
7492,114711,0,35,64,422,0x7189126babc21873,AllReduce,0xaaad7c825320,18321740640,18327583136,18,Other,0,8,0x7189126babc21873_allreduce_8,ring,simple,0,0,67108864,4,4,2,524288,1,67108864,2097152
7492,114732,48,33,64,21365,0x7189126babc21873,AllGather,0xaaacfb0ad050,18090656768,18093854304,1,Other,0,0,0x7189126babc21873_allgather_0,ring,simple,0,0,1048576,1,4,2,524288,1,1048576,2097152
7492,114732,48,33,64,21383,0x7189126babc21873,AllGather,0xaaacfb0ad050,18112006400,18113854688,3,Other,0,1,0x7189126babc21873_allgather_1,ring,simple,0,0,524288,1,4,2,524288,1,524288,2097152
7492,114732,48,33,64,21392,0x7189126babc21873,AllGather,0xaaacfb0ad050,18114892704,18126578688,4,Other,0,2,0x7189126babc21873_allgather_2,ring,simple,0,0,4194304,1,4,2,524288,1,4194304,2097152
7492,114732,48,33,64,21410,0x7189126babc21873,AllGather,0xaaacfb0ad050,18154132864,18156086336,6,Other,0,3,0x7189126babc21873_allgather_3,ring,simple,0,0,524288,1,4,2,524288,1,524288,2097152
7492,114732,48,33,64,21446,0x7189126babc21873,AllGather,0xaaacfb0ad050,18203316928,18205210944,10,Other,0,4,0x7189126babc21873_allgather_4,ring,simple,0,0,524288,1,4,2,524288,1,524288,2097152
7492,114732,48,33,64,21455,0x7189126babc21873,AllGather,0xaaacfb0ad050,18205739680,18208943776,11,Other,0,5,0x7189126babc21873_allgather_5,ring,simple,0,0,1048576,1,4,2,524288,1,1048576,2097152
7492,114732,48,33,64,21464,0x7189126babc21873,AllGather,0xaaacfb0ad050,18210605120,18222360288,12,Other,0,6,0x7189126babc21873_allgather_6,ring,simple,0,0,4194304,1,4,2,524288,1,4194304,2097152
7492,114732,48,33,64,21473,0x7189126babc21873,AllGather,0xaaacfb0ad050,18224034176,18225930368,13,Other,0,7,0x7189126babc21873_allgather_7,ring,simple,0,0,524288,1,4,2,524288,1,524288,2097152
7492,114732,48,33,64,21482,0x7189126babc21873,AllGather,0xaaacfb0ad050,18227095040,18229022656,14,Other,0,8,0x7189126babc21873_allgather_8,ring,simple,0,0,524288,1,4,2,524288,1,524288,2097152
7492,114732,48,33,64,21491,0x7189126babc21873,AllGather,0xaaacfb0ad050,18232832512,18244604768,15,Other,0,9,0x7189126babc21873_allgather_9,ring,simple,0,0,4194304,1,4,2,524288,1,4194304,2097152
7492,114732,48,33,64,21527,0x7189126babc21873,AllGather,0xaaacfb0ad050,18273422848,18275357056,19,Other,0,10,0x7189126babc21873_allgather_10,ring,simple,0,0,524288,1,4,2,524288,1,524288,2097152
7492,114732,48,33,64,21356,0x7189126babc21873,AllReduce,0xaaacfb0ad050,18086200960,18089918688,0,Other,0,0,0x7189126babc21873_allreduce_0,ring,simple,0,0,33554432,4,4,2,524288,1,33554432,2097152
7492,114732,48,33,64,21374,0x7189126babc21873,AllReduce,0xaaacfb0ad050,18097713376,18109081824,2,Other,0,1,0x7189126babc21873_allreduce_1,ring,simple,0,0,134217728,4,4,2,524288,1,134217728,2097152
7492,114732,48,33,64,21401,0x7189126babc21873,AllReduce,0xaaacfb0ad050,18130375008,18152678336,5,Other,0,2,0x7189126babc21873_allreduce_2,ring,simple,0,0,268435456,4,4,2,524288,1,268435456,2097152
7492,114732,48,33,64,21419,0x7189126babc21873,AllReduce,0xaaacfb0ad050,18160085312,18171360448,7,Other,0,3,0x7189126babc21873_allreduce_3,ring,simple,0,0,134217728,4,4,2,524288,1,134217728,2097152
7492,114732,48,33,64,21428,0x7189126babc21873,AllReduce,0xaaacfb0ad050,18173879232,18177177504,8,Other,0,4,0x7189126babc21873_allreduce_4,ring,simple,0,0,33554432,4,4,2,524288,1,33554432,2097152
7492,114732,48,33,64,21437,0x7189126babc21873,AllReduce,0xaaacfb0ad050,18179744640,18202093280,9,Other,0,5,0x7189126babc21873_allreduce_5,ring,simple,0,0,268435456,4,4,2,524288,1,268435456,2097152
7492,114732,48,33,64,21500,0x7189126babc21873,AllReduce,0xaaacfb0ad050,18245593824,18256864608,16,Other,0,6,0x7189126babc21873_allreduce_6,ring,simple,0,0,134217728,4,4,2,524288,1,134217728,2097152
7492,114732,48,33,64,21509,0x7189126babc21873,AllReduce,0xaaacfb0ad050,18260214304,18263499040,17,Other,0,7,0x7189126babc21873_allreduce_7,ring,simple,0,0,33554432,4,4,2,524288,1,33554432,2097152
7492,114732,48,33,64,21518,0x7189126babc21873,AllReduce,0xaaacfb0ad050,18264022752,18269916320,18,Other,0,8,0x7189126babc21873_allreduce_8,ring,simple,0,0,67108864,4,4,2,524288,1,67108864,2097152
7493,223868,54,36,64,24002,0x7189126babc21873,AllGather,0xaaab76055fa0,19446074592,19449320832,1,Other,0,0,0x7189126babc21873_allgather_0,ring,simple,0,0,1048576,1,4,2,524288,1,1048576,2097152
7493,223868,54,36,64,24020,0x7189126babc21873,AllGather,0xaaab76055fa0,19467424608,19469286112,3,Other,0,1,0x7189126babc21873_allgather_1,ring,simple,0,0,524288,1,4,2,524288,1,524288,2097152
7493,223868,54,36,64,24029,0x7189126babc21873,AllGather,0xaaab76055fa0,19470302368,19482044384,4,Other,0,2,0x7189126babc21873_allgather_2,ring,simple,0,0,4194304,1,4,2,524288,1,4194304,2097152
7493,223868,54,36,64,24047,0x7189126babc21873,AllGather,0xaaab76055fa0,19509701152,19511573024,6,Other,0,3,0x7189126babc21873_allgather_3,ring,simple,0,0,524288,1,4,2,524288,1,524288,2097152
7493,223868,54,36,64,24083,0x7189126babc21873,AllGather,0xaaab76055fa0,19558792032,19560669440,10,Other,0,4,0x7189126babc21873_allgather_4,ring,simple,0,0,524288,1,4,2,524288,1,524288,2097152
7493,223868,54,36,64,24092,0x7189126babc21873,AllGather,0xaaab76055fa0,19561189280,19564398880,11,Other,0,5,0x7189126babc21873_allgather_5,ring,simple,0,0,1048576,1,4,2,524288,1,1048576,2097152
7493,223868,54,36,64,24101,0x7189126babc21873,AllGather,0xaaab76055fa0,19566108256,19577831008,12,Other,0,6,0x7189126babc21873_allgather_6,ring,simple,0,0,4194304,1,4,2,524288,1,4194304,2097152
7493,223868,54,36,64,24110,0x7189126babc21873,AllGather,0xaaab76055fa0,19579530496,19581399200,13,Other,0,7,0x7189126babc21873_allgather_7,ring,simple,0,0,524288,1,4,2,524288,1,524288,2097152
7493,223868,54,36,64,24119,0x7189126babc21873,AllGather,0xaaab76055fa0,19582618528,19584487808,14,Other,0,8,0x7189126babc21873_allgather_8,ring,simple,0,0,524288,1,4,2,524288,1,524288,2097152
7493,223868,54,36,64,24128,0x7189126babc21873,AllGather,0xaaab76055fa0,19588356256,19600080640,15,Other,0,9,0x7189126babc21873_allgather_9,ring,simple,0,0,4194304,1,4,2,524288,1,4194304,2097152
7493,223868,54,36,64,24164,0x7189126babc21873,AllGather,0xaaab76055fa0,19628958720,19630810208,19,Other,0,10,0x7189126babc21873_allgather_10,ring,simple,0,0,524288,1,4,2,524288,1,524288,2097152
7493,223868,54,36,64,23993,0x7189126babc21873,AllReduce,0xaaab76055fa0,19441542496,19445363328,0,Other,0,0,0x7189126babc21873_allreduce_0,ring,simple,0,0,33554432,4,4,2,524288,1,33554432,2097152
7493,223868,54,36,64,24011,0x7189126babc21873,AllReduce,0xaaab76055fa0,19453163040,19464427360,2,Other,0,1,0x7189126babc21873_allreduce_1,ring,simple,0,0,134217728,4,4,2,524288,1,134217728,2097152
7493,223868,54,36,64,24038,0x7189126babc21873,AllReduce,0xaaab76055fa0,19485781184,19508136256,5,Other,0,2,0x7189126babc21873_allreduce_2,ring,simple,0,0,268435456,4,4,2,524288,1,268435456,2097152
7493,223868,54,36,64,24056,0x7189126babc21873,AllReduce,0xaaab76055fa0,19515615040,19526815904,7,Other,0,3,0x7189126babc21873_allreduce_3,ring,simple,0,0,134217728,4,4,2,524288,1,134217728,2097152
7493,223868,54,36,64,24065,0x7189126babc21873,AllReduce,0xaaab76055fa0,19529398176,19532614848,8,Other,0,4,0x7189126babc21873_allreduce_4,ring,simple,0,0,33554432,4,4,2,524288,1,33554432,2097152
7493,223868,54,36,64,24074,0x7189126babc21873,AllReduce,0xaaab76055fa0,19535292064,19557611424,9,Other,0,5,0x7189126babc21873_allreduce_5,ring,simple,0,0,268435456,4,4,2,524288,1,268435456,2097152
7493,223868,54,36,64,24137,0x7189126babc21873,AllReduce,0xaaab76055fa0,19601108480,19612319040,16,Other,0,6,0x7189126babc21873_allreduce_6,ring,simple,0,0,134217728,4,4,2,524288,1,134217728,2097152
7493,223868,54,36,64,24146,0x7189126babc21873,AllReduce,0xaaab76055fa0,19615745408,19618962176,17,Other,0,7,0x7189126babc21873_allreduce_7,ring,simple,0,0,33554432,4,4,2,524288,1,33554432,2097152
7493,223868,54,36,64,24155,0x7189126babc21873,AllReduce,0xaaab76055fa0,19619537312,19625378144,18,Other,0,8,0x7189126babc21873_allreduce_8,ring,simple,0,0,67108864,4,4,2,524288,1,67108864,2097152
7493,223920,12,38,64,5539,0x7189126babc21873,AllGather,0xaaaafcd2c7b0,18182083361,18185294561,1,Other,0,0,0x7189126babc21873_allgather_0,ring,simple,0,0,1048576,1,4,2,524288,1,1048576,2097152
7493,223920,12,38,64,5557,0x7189126babc21873,AllGather,0xaaaafcd2c7b0,18203403009,18205277889,3,Other,0,1,0x7189126babc21873_allgather_1,ring,simple,0,0,524288,1,4,2,524288,1,524288,2097152
7493,223920,12,38,64,5566,0x7189126babc21873,AllGather,0xaaaafcd2c7b0,18206305569,18217987233,4,Other,0,2,0x7189126babc21873_allgather_2,ring,simple,0,0,4194304,1,4,2,524288,1,4194304,2097152
7493,223920,12,38,64,5584,0x7189126babc21873,AllGather,0xaaaafcd2c7b0,18245707233,18247562977,6,Other,0,3,0x7189126babc21873_allgather_3,ring,simple,0,0,524288,1,4,2,524288,1,524288,2097152
7493,223920,12,38,64,5620,0x7189126babc21873,AllGather,0xaaaafcd2c7b0,18294797409,18296679361,10,Other,0,4,0x7189126babc21873_allgather_4,ring,simple,0,0,524288,1,4,2,524288,1,524288,2097152
7493,223920,12,38,64,5629,0x7189126babc21873,AllGather,0xaaaafcd2c7b0,18297203713,18300373601,11,Other,0,5,0x7189126babc21873_allgather_5,ring,simple,0,0,1048576,1,4,2,524288,1,1048576,2097152
7493,223920,12,38,64,5638,0x7189126babc21873,AllGather,0xaaaafcd2c7b0,18302117441,18313773633,12,Other,0,6,0x7189126babc21873_allgather_6,ring,simple,0,0,4194304,1,4,2,524288,1,4194304,2097152
7493,223920,12,38,64,5647,0x7189126babc21873,AllGather,0xaaaafcd2c7b0,18315539585,18317391201,13,Other,0,7,0x7189126babc21873_allgather_7,ring,simple,0,0,524288,1,4,2,524288,1,524288,2097152
7493,223920,12,38,64,5656,0x7189126babc21873,AllGather,0xaaaafcd2c7b0,18318632577,18320479937,14,Other,0,8,0x7189126babc21873_allgather_8,ring,simple,0,0,524288,1,4,2,524288,1,524288,2097152
7493,223920,12,38,64,5665,0x7189126babc21873,AllGather,0xaaaafcd2c7b0,18324371137,18336023361,15,Other,0,9,0x7189126babc21873_allgather_9,ring,simple,0,0,4194304,1,4,2,524288,1,4194304,2097152
7493,223920,12,38,64,5701,0x7189126babc21873,AllGather,0xaaaafcd2c7b0,18364969473,18366802817,19,Other,0,10,0x7189126babc21873_allgather_10,ring,simple,0,0,524288,1,4,2,524288,1,524288,2097152
7493,223920,12,38,64,5530,0x7189126babc21873,AllReduce,0xaaaafcd2c7b0,18177547969,18181357633,0,Other,0,0,0x7189126babc21873_allreduce_0,ring,simple,0,0,33554432,4,4,2,524288,1,33554432,2097152
7493,223920,12,38,64,5548,0x7189126babc21873,AllReduce,0xaaaafcd2c7b0,18189163841,18200369505,2,Other,0,1,0x7189126babc21873_allreduce_1,ring,simple,0,0,134217728,4,4,2,524288,1,134217728,2097152
7493,223920,12,38,64,5575,0x7189126babc21873,AllReduce,0xaaaafcd2c7b0,18221787457,18244081569,5,Other,0,2,0x7189126babc21873_allreduce_2,ring,simple,0,0,268435456,4,4,2,524288,1,268435456,2097152
7493,223920,12,38,64,5593,0x7189126babc21873,AllReduce,0xaaaafcd2c7b0,18251625985,18262760257,7,Other,0,3,0x7189126babc21873_allreduce_3,ring,simple,0,0,134217728,4,4,2,524288,1,134217728,2097152
7493,223920,12,38,64,5602,0x7189126babc21873,AllReduce,0xaaaafcd2c7b0,18265406817,18268608289,8,Other,0,4,0x7189126babc21873_allreduce_4,ring,simple,0,0,33554432,4,4,2,524288,1,33554432,2097152
7493,223920,12,38,64,5611,0x7189126babc21873,AllReduce,0xaaaafcd2c7b0,18271304257,18293557249,9,Other,0,5,0x7189126babc21873_allreduce_5,ring,simple,0,0,268435456,4,4,2,524288,1,268435456,2097152
7493,223920,12,38,64,5674,0x7189126babc21873,AllReduce,0xaaaafcd2c7b0,18337119489,18348264129,16,Other,0,6,0x7189126babc21873_allreduce_6,ring,simple,0,0,134217728,4,4,2,524288,1,134217728,2097152
7493,223920,12,38,64,5683,0x7189126babc21873,AllReduce,0xaaaafcd2c7b0,18351761377,18354956513,17,Other,0,7,0x7189126babc21873_allreduce_7,ring,simple,0,0,33554432,4,4,2,524288,1,33554432,2097152
7493,223920,12,38,64,5692,0x7189126babc21873,AllReduce,0xaaaafcd2c7b0,18355549761,18361355329,18,Other,0,8,0x7189126babc21873_allreduce_8,ring,simple,0,0,67108864,4,4,2,524288,1,67108864,2097152
7493,223922,9,37,64,4220,0x7189126babc21873,AllGather,0xaaac72c43f30,18163076820,18166319700,1,Other,0,0,0x7189126babc21873_allgather_0,ring,simple,0,0,1048576,1,4,2,524288,1,1048576,2097152
7493,223922,9,37,64,4238,0x7189126babc21873,AllGather,0xaaac72c43f30,18184397939,18186291123,3,Other,0,1,0x7189126babc21873_allgather_1,ring,simple,0,0,524288,1,4,2,524288,1,524288,2097152
7493,223922,9,37,64,4247,0x7189126babc21873,AllGather,0xaaac72c43f30,18187303955,18199032723,4,Other,0,2,0x7189126babc21873_allgather_2,ring,simple,0,0,4194304,1,4,2,524288,1,4194304,2097152
7493,223922,9,37,64,4265,0x7189126babc21873,AllGather,0xaaac72c43f30,18226706739,18228577331,6,Other,0,3,0x7189126babc21873_allgather_3,ring,simple,0,0,524288,1,4,2,524288,1,524288,2097152
7493,223922,9,37,64,4301,0x7189126babc21873,AllGather,0xaaac72c43f30,18275794194,18277673362,10,Other,0,4,0x7189126babc21873_allgather_4,ring,simple,0,0,524288,1,4,2,524288,1,524288,2097152
7493,223922,9,37,64,4310,0x7189126babc21873,AllGather,0xaaac72c43f30,18278201874,18281399122,11,Other,0,5,0x7189126babc21873_allgather_5,ring,simple,0,0,1048576,1,4,2,524288,1,1048576,2097152
7493,223922,9,37,64,4319,0x7189126babc21873,AllGather,0xaaac72c43f30,18283118866,18294819186,12,Other,0,6,0x7189126babc21873_allgather_6,ring,simple,0,0,4194304,1,4,2,524288,1,4194304,2097152
7493,223922,9,37,64,4328,0x7189126babc21873,AllGather,0xaaac72c43f30,18296540050,18298405234,13,Other,0,7,0x7189126babc21873_allgather_7,ring,simple,0,0,524288,1,4,2,524288,1,524288,2097152
7493,223922,9,37,64,4337,0x7189126babc21873,AllGather,0xaaac72c43f30,18299630994,18301493906,14,Other,0,8,0x7189126babc21873_allgather_8,ring,simple,0,0,524288,1,4,2,524288,1,524288,2097152
7493,223922,9,37,64,4346,0x7189126babc21873,AllGather,0xaaac72c43f30,18305367793,18317070001,15,Other,0,9,0x7189126babc21873_allgather_9,ring,simple,0,0,4194304,1,4,2,524288,1,4194304,2097152
7493,223922,9,37,64,4382,0x7189126babc21873,AllGather,0xaaac72c43f30,18345969873,18347815665,19,Other,0,10,0x7189126babc21873_allgather_10,ring,simple,0,0,524288,1,4,2,524288,1,524288,2097152
7493,223922,9,37,64,4211,0x7189126babc21873,AllReduce,0xaaac72c43f30,18158529012,18162370260,0,Other,0,0,0x7189126babc21873_allreduce_0,ring,simple,0,0,33554432,4,4,2,524288,1,33554432,2097152
7493,223922,9,37,64,4229,0x7189126babc21873,AllReduce,0xaaac72c43f30,18170160084,18181415475,2,Other,0,1,0x7189126babc21873_allreduce_1,ring,simple,0,0,134217728,4,4,2,524288,1,134217728,2097152
7493,223922,9,37,64,4256,0x7189126babc21873,AllReduce,0xaaac72c43f30,18202787219,18225126931,5,Other,0,2,0x7189126babc21873_allreduce_2,ring,simple,0,0,268435456,4,4,2,524288,1,268435456,2097152
7493,223922,9,37,64,4274,0x7189126babc21873,AllReduce,0xaaac72c43f30,18232621299,18243805874,7,Other,0,3,0x7189126babc21873_allreduce_3,ring,simple,0,0,134217728,4,4,2,524288,1,134217728,2097152
7493,223922,9,37,64,4283,0x7189126babc21873,AllReduce,0xaaac72c43f30,18246408434,18249621554,8,Other,0,4,0x7189126babc21873_allreduce_4,ring,simple,0,0,33554432,4,4,2,524288,1,33554432,2097152
7493,223922,9,37,64,4292,0x7189126babc21873,AllReduce,0xaaac72c43f30,18252302226,18274601906,9,Other,0,5,0x7189126babc21873_allreduce_5,ring,simple,0,0,268435456,4,4,2,524288,1,268435456,2097152
7493,223922,9,37,64,4355,0x7189126babc21873,AllReduce,0xaaac72c43f30,18318117937,18329309009,16,Other,0,6,0x7189126babc21873_allreduce_6,ring,simple,0,0,134217728,4,4,2,524288,1,134217728,2097152
7493,223922,9,37,64,4364,0x7189126babc21873,AllReduce,0xaaac72c43f30,18332753393,18335969137,17,Other,0,7,0x7189126babc21873_allreduce_7,ring,simple,0,0,33554432,4,4,2,524288,1,33554432,2097152
7493,223922,9,37,64,4373,0x7189126babc21873,AllReduce,0xaaac72c43f30,18336549745,18342378321,18,Other,0,8,0x7189126babc21873_allreduce_8,ring,simple,0,0,67108864,4,4,2,524288,1,67108864,2097152
7493,223923,10,39,64,4660,0x7189126babc21873,AllGather,0xaaae0801c550,18162980766,18166160830,1,Other,0,0,0x7189126babc21873_allgather_0,ring,simple,0,0,1048576,1,4,2,524288,1,1048576,2097152
7493,223923,10,39,64,4678,0x7189126babc21873,AllGather,0xaaae0801c550,18184296927,18186156479,3,Other,0,1,0x7189126babc21873_allgather_1,ring,simple,0,0,524288,1,4,2,524288,1,524288,2097152
7493,223923,10,39,64,4687,0x7189126babc21873,AllGather,0xaaae0801c550,18187201311,18198833279,4,Other,0,2,0x7189126babc21873_allgather_2,ring,simple,0,0,4194304,1,4,2,524288,1,4194304,2097152
7493,223923,10,39,64,4705,0x7189126babc21873,AllGather,0xaaae0801c550,18226603167,18228442207,6,Other,0,3,0x7189126babc21873_allgather_3,ring,simple,0,0,524288,1,4,2,524288,1,524288,2097152
7493,223923,10,39,64,4741,0x7189126babc21873,AllGather,0xaaae0801c550,18275695584,18277586912,10,Other,0,4,0x7189126babc21873_allgather_4,ring,simple,0,0,524288,1,4,2,524288,1,524288,2097152
7493,223923,10,39,64,4750,0x7189126babc21873,AllGather,0xaaae0801c550,18278095552,18281240960,11,Other,0,5,0x7189126babc21873_allgather_5,ring,simple,0,0,1048576,1,4,2,524288,1,1048576,2097152
7493,223923,10,39,64,4759,0x7189126babc21873,AllGather,0xaaae0801c550,18283016096,18294619520,12,Other,0,6,0x7189126babc21873_allgather_6,ring,simple,0,0,4194304,1,4,2,524288,1,4194304,2097152
7493,223923,10,39,64,4768,0x7189126babc21873,AllGather,0xaaae0801c550,18296437984,18298268160,13,Other,0,7,0x7189126babc21873_allgather_7,ring,simple,0,0,524288,1,4,2,524288,1,524288,2097152
7493,223923,10,39,64,4777,0x7189126babc21873,AllGather,0xaaae0801c550,18299527872,18301357568,14,Other,0,8,0x7189126babc21873_allgather_8,ring,simple,0,0,524288,1,4,2,524288,1,524288,2097152
7493,223923,10,39,64,4786,0x7189126babc21873,AllGather,0xaaae0801c550,18305265377,18316868833,15,Other,0,9,0x7189126babc21873_allgather_9,ring,simple,0,0,4194304,1,4,2,524288,1,4194304,2097152
7493,223923,10,39,64,4822,0x7189126babc21873,AllGather,0xaaae0801c550,18345865665,18347681025,19,Other,0,10,0x7189126babc21873_allgather_10,ring,simple,0,0,524288,1,4,2,524288,1,524288,2097152
7493,223923,10,39,64,4651,0x7189126babc21873,AllReduce,0xaaae0801c550,18158436446,18162237406,0,Other,0,0,0x7189126babc21873_allreduce_0,ring,simple,0,0,33554432,4,4,2,524288,1,33554432,2097152
7493,223923,10,39,64,4669,0x7189126babc21873,AllReduce,0xaaae0801c550,18170056318,18181215391,2,Other,0,1,0x7189126babc21873_allreduce_1,ring,simple,0,0,134217728,4,4,2,524288,1,134217728,2097152
7493,223923,10,39,64,4696,0x7189126babc21873,AllReduce,0xaaae0801c550,18202683743,18224929023,5,Other,0,2,0x7189126babc21873_allreduce_2,ring,simple,0,0,268435456,4,4,2,524288,1,268435456,2097152
7493,223923,10,39,64,4714,0x7189126babc21873,AllReduce,0xaaae0801c550,18232522815,18243607840,7,Other,0,3,0x7189126babc21873_allreduce_3,ring,simple,0,0,134217728,4,4,2,524288,1,134217728,2097152
7493,223923,10,39,64,4723,0x7189126babc21873,AllReduce,0xaaae0801c550,18246304128,18249487840,8,Other,0,4,0x7189126babc21873_allreduce_4,ring,simple,0,0,33554432,4,4,2,524288,1,33554432,2097152
7493,223923,10,39,64,4732,0x7189126babc21873,AllReduce,0xaaae0801c550,18252199200,18274404128,9,Other,0,5,0x7189126babc21873_allreduce_5,ring,simple,0,0,268435456,4,4,2,524288,1,268435456,2097152
7493,223923,10,39,64,4795,0x7189126babc21873,AllReduce,0xaaae0801c550,18318020481,18329110689,16,Other,0,6,0x7189126babc21873_allreduce_6,ring,simple,0,0,134217728,4,4,2,524288,1,134217728,2097152
7493,223923,10,39,64,4804,0x7189126babc21873,AllReduce,0xaaae0801c550,18332656993,18335835681,17,Other,0,7,0x7189126babc21873_allreduce_7,ring,simple,0,0,33554432,4,4,2,524288,1,33554432,2097152
7493,223923,10,39,64,4813,0x7189126babc21873,AllReduce,0xaaae0801c550,18336450273,18342223105,18,Other,0,8,0x7189126babc21873_allreduce_8,ring,simple,0,0,67108864,4,4,2,524288,1,67108864,2097152
7519,159871,63,40,64,27957,0x7189126babc21873,AllGather,0xaaacaf4259e0,20938862427,20942088603,1,Other,0,0,0x7189126babc21873_allgather_0,ring,simple,0,0,1048576,1,4,2,524288,1,1048576,2097152
7519,159871,63,40,64,27975,0x7189126babc21873,AllGather,0xaaacaf4259e0,20960231131,20962067931,3,Other,0,1,0x7189126babc21873_allgather_1,ring,simple,0,0,524288,1,4,2,524288,1,524288,2097152
7519,159871,63,40,64,27984,0x7189126babc21873,AllGather,0xaaacaf4259e0,20963144731,20974858683,4,Other,0,2,0x7189126babc21873_allgather_2,ring,simple,0,0,4194304,1,4,2,524288,1,4194304,2097152
7519,159871,63,40,64,28002,0x7189126babc21873,AllGather,0xaaacaf4259e0,21002409498,21004356026,6,Other,0,3,0x7189126babc21873_allgather_3,ring,simple,0,0,524288,1,4,2,524288,1,524288,2097152
7519,159871,63,40,64,28038,0x7189126babc21873,AllGather,0xaaacaf4259e0,21051684761,21053532601,10,Other,0,4,0x7189126babc21873_allgather_4,ring,simple,0,0,524288,1,4,2,524288,1,524288,2097152
7519,159871,63,40,64,28047,0x7189126babc21873,AllGather,0xaaacaf4259e0,21054008665,21057195769,11,Other,0,5,0x7189126babc21873_allgather_5,ring,simple,0,0,1048576,1,4,2,524288,1,1048576,2097152
7519,159871,63,40,64,28056,0x7189126babc21873,AllGather,0xaaacaf4259e0,21058886073,21070633369,12,Other,0,6,0x7189126babc21873_allgather_6,ring,simple,0,0,4194304,1,4,2,524288,1,4194304,2097152
7519,159871,63,40,64,28065,0x7189126babc21873,AllGather,0xaaacaf4259e0,21072317209,21074189561,13,Other,0,7,0x7189126babc21873_allgather_7,ring,simple,0,0,524288,1,4,2,524288,1,524288,2097152
7519,159871,63,40,64,28074,0x7189126babc21873,AllGather,0xaaacaf4259e0,21075374457,21077274617,14,Other,0,8,0x7189126babc21873_allgather_8,ring,simple,0,0,524288,1,4,2,524288,1,524288,2097152
7519,159871,63,40,64,28083,0x7189126babc21873,AllGather,0xaaacaf4259e0,21081103065,21092842841,15,Other,0,9,0x7189126babc21873_allgather_9,ring,simple,0,0,4194304,1,4,2,524288,1,4194304,2097152
7519,159871,63,40,64,28119,0x7189126babc21873,AllGather,0xaaacaf4259e0,21121704568,21123604952,19,Other,0,10,0x7189126babc21873_allgather_10,ring,simple,0,0,524288,1,4,2,524288,1,524288,2097152
7519,159871,63,40,64,27948,0x7189126babc21873,AllReduce,0xaaacaf4259e0,20934362651,20938147483,0,Other,0,0,0x7189126babc21873_allreduce_0,ring,simple,0,0,33554432,4,4,2,524288,1,33554432,2097152
7519,159871,63,40,64,27966,0x7189126babc21873,AllReduce,0xaaacaf4259e0,20945969083,20957170043,2,Other,0,1,0x7189126babc21873_allreduce_1,ring,simple,0,0,134217728,4,4,2,524288,1,134217728,2097152
7519,159871,63,40,64,27993,0x7189126babc21873,AllReduce,0xaaacaf4259e0,20978611578,21000921498,5,Other,0,2,0x7189126babc21873_allreduce_2,ring,simple,0,0,268435456,4,4,2,524288,1,268435456,2097152
7519,159871,63,40,64,28011,0x7189126babc21873,AllReduce,0xaaacaf4259e0,21008365882,21019638554,7,Other,0,3,0x7189126babc21873_allreduce_3,ring,simple,0,0,134217728,4,4,2,524288,1,134217728,2097152
7519,159871,63,40,64,28020,0x7189126babc21873,AllReduce,0xaaacaf4259e0,21022151962,21025398330,8,Other,0,4,0x7189126babc21873_allreduce_4,ring,simple,0,0,33554432,4,4,2,524288,1,33554432,2097152
7519,159871,63,40,64,28029,0x7189126babc21873,AllReduce,0xaaacaf4259e0,21028006458,21050407769,9,Other,0,5,0x7189126babc21873_allreduce_5,ring,simple,0,0,268435456,4,4,2,524288,1,268435456,2097152
7519,159871,63,40,64,28092,0x7189126babc21873,AllReduce,0xaaacaf4259e0,21093856473,21105139416,16,Other,0,6,0x7189126babc21873_allreduce_6,ring,simple,0,0,134217728,4,4,2,524288,1,134217728,2097152
7519,159871,63,40,64,28101,0x7189126babc21873,AllReduce,0xaaacaf4259e0,21108499320,21111748504,17,Other,0,7,0x7189126babc21873_allreduce_7,ring,simple,0,0,33554432,4,4,2,524288,1,33554432,2097152
7519,159871,63,40,64,28110,0x7189126babc21873,AllReduce,0xaaacaf4259e0,21112286392,21118183704,18,Other,0,8,0x7189126babc21873_allreduce_8,ring,simple,0,0,67108864,4,4,2,524288,1,67108864,2097152
7519,159921,17,43,64,7737,0x7189126babc21873,AllGather,0xaaab18d291a0,18599281932,18602443756,1,Other,0,0,0x7189126babc21873_allgather_0,ring,simple,0,0,1048576,1,4,2,524288,1,1048576,2097152
7519,159921,17,43,64,7755,0x7189126babc21873,AllGather,0xaaab18d291a0,18620636012,18622478828,3,Other,0,1,0x7189126babc21873_allgather_1,ring,simple,0,0,524288,1,4,2,524288,1,524288,2097152
7519,159921,17,43,64,7764,0x7189126babc21873,AllGather,0xaaab18d291a0,18623557996,18635159436,4,Other,0,2,0x7189126babc21873_allgather_2,ring,simple,0,0,4194304,1,4,2,524288,1,4194304,2097152
7519,159921,17,43,64,7782,0x7189126babc21873,AllGather,0xaaab18d291a0,18662821067,18664736843,6,Other,0,3,0x7189126babc21873_allgather_3,ring,simple,0,0,524288,1,4,2,524288,1,524288,2097152
7519,159921,17,43,64,7818,0x7189126babc21873,AllGather,0xaaab18d291a0,18712101963,18713921835,10,Other,0,4,0x7189126babc21873_allgather_4,ring,simple,0,0,524288,1,4,2,524288,1,524288,2097152
7519,159921,17,43,64,7827,0x7189126babc21873,AllGather,0xaaab18d291a0,18714424523,18717550603,11,Other,0,5,0x7189126babc21873_allgather_5,ring,simple,0,0,1048576,1,4,2,524288,1,1048576,2097152
7519,159921,17,43,64,7836,0x7189126babc21873,AllGather,0xaaab18d291a0,18719300011,18730934251,12,Other,0,6,0x7189126babc21873_allgather_6,ring,simple,0,0,4194304,1,4,2,524288,1,4194304,2097152
7519,159921,17,43,64,7845,0x7189126babc21873,AllGather,0xaaab18d291a0,18732737387,18734570571,13,Other,0,7,0x7189126babc21873_allgather_7,ring,simple,0,0,524288,1,4,2,524288,1,524288,2097152
7519,159921,17,43,64,7854,0x7189126babc21873,AllGather,0xaaab18d291a0,18735792619,18737656107,14,Other,0,8,0x7189126babc21873_allgather_8,ring,simple,0,0,524288,1,4,2,524288,1,524288,2097152
7519,159921,17,43,64,7863,0x7189126babc21873,AllGather,0xaaab18d291a0,18741523211,18753144650,15,Other,0,9,0x7189126babc21873_allgather_9,ring,simple,0,0,4194304,1,4,2,524288,1,4194304,2097152
7519,159921,17,43,64,7899,0x7189126babc21873,AllGather,0xaaab18d291a0,18782122794,18783985034,19,Other,0,10,0x7189126babc21873_allgather_10,ring,simple,0,0,524288,1,4,2,524288,1,524288,2097152
7519,159921,17,43,64,7728,0x7189126babc21873,AllReduce,0xaaab18d291a0,18594794444,18598532588,0,Other,0,0,0x7189126babc21873_allreduce_0,ring,simple,0,0,33554432,4,4,2,524288,1,33554432,2097152
7519,159921,17,43,64,7746,0x7189126babc21873,AllReduce,0xaaab18d291a0,18606382092,18617473580,2,Other,0,1,0x7189126babc21873_allreduce_1,ring,simple,0,0,134217728,4,4,2,524288,1,134217728,2097152
7519,159921,17,43,64,7773,0x7189126babc21873,AllReduce,0xaaab18d291a0,18639023564,18661225899,5,Other,0,2,0x7189126babc21873_allreduce_2,ring,simple,0,0,268435456,4,4,2,524288,1,268435456,2097152
7519,159921,17,43,64,7791,0x7189126babc21873,AllReduce,0xaaab18d291a0,18668783403,18679942219,7,Other,0,3,0x7189126babc21873_allreduce_3,ring,simple,0,0,134217728,4,4,2,524288,1,134217728,2097152
7519,159921,17,43,64,7800,0x7189126babc21873,AllReduce,0xaaab18d291a0,18682572843,18685784683,8,Other,0,4,0x7189126babc21873_allreduce_4,ring,simple,0,0,33554432,4,4,2,524288,1,33554432,2097152
7519,159921,17,43,64,7809,0x7189126babc21873,AllReduce,0xaaab18d291a0,18688421931,18710713195,9,Other,0,5,0x7189126babc21873_allreduce_5,ring,simple,0,0,268435456,4,4,2,524288,1,268435456,2097152
7519,159921,17,43,64,7872,0x7189126babc21873,AllReduce,0xaaab18d291a0,18754277642,18765443338,16,Other,0,6,0x7189126babc21873_allreduce_6,ring,simple,0,0,134217728,4,4,2,524288,1,134217728,2097152
7519,159921,17,43,64,7881,0x7189126babc21873,AllReduce,0xaaab18d291a0,18768915882,18772132330,17,Other,0,7,0x7189126babc21873_allreduce_7,ring,simple,0,0,33554432,4,4,2,524288,1,33554432,2097152
7519,159921,17,43,64,7890,0x7189126babc21873,AllReduce,0xaaab18d291a0,18772702442,18778541322,18,Other,0,8,0x7189126babc21873_allreduce_8,ring,simple,0,0,67108864,4,4,2,524288,1,67108864,2097152
7519,159923,5,42,64,2464,0x7189126babc21873,AllGather,0xaaad2f77d050,17927580418,17930771010,1,Other,0,0,0x7189126babc21873_allgather_0,ring,simple,0,0,1048576,1,4,2,524288,1,1048576,2097152
7519,159923,5,42,64,2482,0x7189126babc21873,AllGather,0xaaad2f77d050,17948939010,17950766402,3,Other,0,1,0x7189126babc21873_allgather_1,ring,simple,0,0,524288,1,4,2,524288,1,524288,2097152
7519,159923,5,42,64,2491,0x7189126babc21873,AllGather,0xaaad2f77d050,17951860834,17963509058,4,Other,0,2,0x7189126babc21873_allgather_2,ring,simple,0,0,4194304,1,4,2,524288,1,4194304,2097152
7519,159923,5,42,64,2509,0x7189126babc21873,AllGather,0xaaad2f77d050,17991124770,17993054018,6,Other,0,3,0x7189126babc21873_allgather_3,ring,simple,0,0,524288,1,4,2,524288,1,524288,2097152
7519,159923,5,42,64,2545,0x7189126babc21873,AllGather,0xaaad2f77d050,18040396642,18042231266,10,Other,0,4,0x7189126babc21873_allgather_4,ring,simple,0,0,524288,1,4,2,524288,1,524288,2097152
7519,159923,5,42,64,2554,0x7189126babc21873,AllGather,0xaaad2f77d050,18042725762,18045878466,11,Other,0,5,0x7189126babc21873_allgather_5,ring,simple,0,0,1048576,1,4,2,524288,1,1048576,2097152
7519,159923,5,42,64,2563,0x7189126babc21873,AllGather,0xaaad2f77d050,18047598370,18059283522,12,Other,0,6,0x7189126babc21873_allgather_6,ring,simple,0,0,4194304,1,4,2,524288,1,4194304,2097152
7519,159923,5,42,64,2572,0x7189126babc21873,AllGather,0xaaad2f77d050,18061036130,18062887362,13,Other,0,7,0x7189126babc21873_allgather_7,ring,simple,0,0,524288,1,4,2,524288,1,524288,2097152
7519,159923,5,42,64,2581,0x7189126babc21873,AllGather,0xaaad2f77d050,18064094850,18065973602,14,Other,0,8,0x7189126babc21873_allgather_8,ring,simple,0,0,524288,1,4,2,524288,1,524288,2097152
7519,159923,5,42,64,2590,0x7189126babc21873,AllGather,0xaaad2f77d050,18069823650,18081494402,15,Other,0,9,0x7189126babc21873_allgather_9,ring,simple,0,0,4194304,1,4,2,524288,1,4194304,2097152
7519,159923,5,42,64,2626,0x7189126babc21873,AllGather,0xaaad2f77d050,18110424834,18112303586,19,Other,0,10,0x7189126babc21873_allgather_10,ring,simple,0,0,524288,1,4,2,524288,1,524288,2097152
7519,159923,5,42,64,2455,0x7189126babc21873,AllReduce,0xaaad2f77d050,17923072866,17926848514,0,Other,0,0,0x7189126babc21873_allreduce_0,ring,simple,0,0,33554432,4,4,2,524288,1,33554432,2097152
7519,159923,5,42,64,2473,0x7189126babc21873,AllReduce,0xaaad2f77d050,17934685378,17945822018,2,Other,0,1,0x7189126babc21873_allreduce_1,ring,simple,0,0,134217728,4,4,2,524288,1,134217728,2097152
7519,159923,5,42,64,2500,0x7189126babc21873,AllReduce,0xaaad2f77d050,17967325794,17989575426,5,Other,0,2,0x7189126babc21873_allreduce_2,ring,simple,0,0,268435456,4,4,2,524288,1,268435456,2097152
7519,159923,5,42,64,2518,0x7189126babc21873,AllReduce,0xaaad2f77d050,17997085250,18008291394,7,Other,0,3,0x7189126babc21873_allreduce_3,ring,simple,0,0,134217728,4,4,2,524288,1,134217728,2097152
7519,159923,5,42,64,2527,0x7189126babc21873,AllReduce,0xaaad2f77d050,18010870946,18014099010,8,Other,0,4,0x7189126babc21873_allreduce_4,ring,simple,0,0,33554432,4,4,2,524288,1,33554432,2097152
7519,159923,5,42,64,2536,0x7189126babc21873,AllReduce,0xaaad2f77d050,18016723842,18039060994,9,Other,0,5,0x7189126babc21873_allreduce_5,ring,simple,0,0,268435456,4,4,2,524288,1,268435456,2097152
7519,159923,5,42,64,2599,0x7189126babc21873,AllReduce,0xaaad2f77d050,18082578658,18093791106,16,Other,0,6,0x7189126babc21873_allreduce_6,ring,simple,0,0,134217728,4,4,2,524288,1,134217728,2097152
7519,159923,5,42,64,2608,0x7189126babc21873,AllReduce,0xaaad2f77d050,18097213314,18100448514,17,Other,0,7,0x7189126babc21873_allreduce_7,ring,simple,0,0,33554432,4,4,2,524288,1,33554432,2097152
7519,159923,5,42,64,2617,0x7189126babc21873,AllReduce,0xaaad2f77d050,18101005762,18106868866,18,Other,0,8,0x7189126babc21873_allreduce_8,ring,simple,0,0,67108864,4,4,2,524288,1,67108864,2097152
7519,159927,14,41,64,6417,0x7189126babc21873,AllGather,0xaaac2db1e5a0,17927756923,17930968347,1,Other,0,0,0x7189126babc21873_allgather_0,ring,simple,0,0,1048576,1,4,2,524288,1,1048576,2097152
7519,159927,14,41,64,6435,0x7189126babc21873,AllGather,0xaaac2db1e5a0,17949108571,17950952987,3,Other,0,1,0x7189126babc21873_allgather_1,ring,simple,0,0,524288,1,4,2,524288,1,524288,2097152
7519,159927,14,41,64,6444,0x7189126babc21873,AllGather,0xaaac2db1e5a0,17952030267,17963728538,4,Other,0,2,0x7189126babc21873_allgather_2,ring,simple,0,0,4194304,1,4,2,524288,1,4194304,2097152
7519,159927,14,41,64,6462,0x7189126babc21873,AllGather,0xaaac2db1e5a0,17991292442,17993241146,6,Other,0,3,0x7189126babc21873_allgather_3,ring,simple,0,0,524288,1,4,2,524288,1,524288,2097152
7519,159927,14,41,64,6498,0x7189126babc21873,AllGather,0xaaac2db1e5a0,18040570489,18042417369,10,Other,0,4,0x7189126babc21873_allgather_4,ring,simple,0,0,524288,1,4,2,524288,1,524288,2097152
7519,159927,14,41,64,6507,0x7189126babc21873,AllGather,0xaaac2db1e5a0,18042895481,18046075705,11,Other,0,5,0x7189126babc21873_allgather_5,ring,simple,0,0,1048576,1,4,2,524288,1,1048576,2097152
7519,159927,14,41,64,6516,0x7189126babc21873,AllGather,0xaaac2db1e5a0,18047770937,18059502297,12,Other,0,6,0x7189126babc21873_allgather_6,ring,simple,0,0,4194304,1,4,2,524288,1,4194304,2097152
7519,159927,14,41,64,6525,0x7189126babc21873,AllGather,0xaaac2db1e5a0,18061204985,18063074681,13,Other,0,7,0x7189126babc21873_allgather_7,ring,simple,0,0,524288,1,4,2,524288,1,524288,2097152
7519,159927,14,41,64,6534,0x7189126babc21873,AllGather,0xaaac2db1e5a0,18064265337,18066159481,14,Other,0,8,0x7189126babc21873_allgather_8,ring,simple,0,0,524288,1,4,2,524288,1,524288,2097152
7519,159927,14,41,64,6543,0x7189126babc21873,AllGather,0xaaac2db1e5a0,18069993753,18081712057,15,Other,0,9,0x7189126babc21873_allgather_9,ring,simple,0,0,4194304,1,4,2,524288,1,4194304,2097152
7519,159927,14,41,64,6579,0x7189126babc21873,AllGather,0xaaac2db1e5a0,18110593752,18112489784,19,Other,0,10,0x7189126babc21873_allgather_10,ring,simple,0,0,524288,1,4,2,524288,1,524288,2097152
7519,159927,14,41,64,6408,0x7189126babc21873,AllReduce,0xaaac2db1e5a0,17923260539,17927033659,0,Other,0,0,0x7189126babc21873_allreduce_0,ring,simple,0,0,33554432,4,4,2,524288,1,33554432,2097152
7519,159927,14,41,64,6426,0x7189126babc21873,AllReduce,0xaaac2db1e5a0,17934856763,17946039963,2,Other,0,1,0x7189126babc21873_allreduce_1,ring,simple,0,0,134217728,4,4,2,524288,1,134217728,2097152
7519,159927,14,41,64,6453,0x7189126babc21873,AllReduce,0xaaac2db1e5a0,17967498106,17989792602,5,Other,0,2,0x7189126babc21873_allreduce_2,ring,simple,0,0,268435456,4,4,2,524288,1,268435456,2097152
7519,159927,14,41,64,6471,0x7189126babc21873,AllReduce,0xaaac2db1e5a0,17997256666,18008508666,7,Other,0,3,0x7189126babc21873_allreduce_3,ring,simple,0,0,134217728,4,4,2,524288,1,134217728,2097152
7519,159927,14,41,64,6480,0x7189126babc21873,AllReduce,0xaaac2db1e5a0,18011041754,18014284858,8,Other,0,4,0x7189126babc21873_allreduce_4,ring,simple,0,0,33554432,4,4,2,524288,1,33554432,2097152
7519,159927,14,41,64,6489,0x7189126babc21873,AllReduce,0xaaac2db1e5a0,18016896058,18039278777,9,Other,0,5,0x7189126babc21873_allreduce_5,ring,simple,0,0,268435456,4,4,2,524288,1,268435456,2097152
7519,159927,14,41,64,6552,0x7189126babc21873,AllReduce,0xaaac2db1e5a0,18082746936,18094008248,16,Other,0,6,0x7189126babc21873_allreduce_6,ring,simple,0,0,134217728,4,4,2,524288,1,134217728,2097152
7519,159927,14,41,64,6561,0x7189126babc21873,AllReduce,0xaaac2db1e5a0,18097382232,18100635256,17,Other,0,7,0x7189126babc21873_allreduce_7,ring,simple,0,0,33554432,4,4,2,524288,1,33554432,2097152
7519,159927,14,41,64,6570,0x7189126babc21873,AllReduce,0xaaac2db1e5a0,18101174392,18107064792,18,Other,0,8,0x7189126babc21873_allreduce_8,ring,simple,0,0,67108864,4,4,2,524288,1,67108864,2097152
7520,227114,44,47,64,19607,0x7189126babc21873,AllGather,0xaaab26665950,20429123616,20432260576,1,Other,0,0,0x7189126babc21873_allgather_0,ring,simple,0,0,1048576,1,4,2,524288,1,1048576,2097152
7520,227114,44,47,64,19625,0x7189126babc21873,AllGather,0xaaab26665950,20450436032,20452279296,3,Other,0,1,0x7189126babc21873_allgather_1,ring,simple,0,0,524288,1,4,2,524288,1,524288,2097152
7520,227114,44,47,64,19634,0x7189126babc21873,AllGather,0xaaab26665950,20453344000,20464883232,4,Other,0,2,0x7189126babc21873_allgather_2,ring,simple,0,0,4194304,1,4,2,524288,1,4194304,2097152
7520,227114,44,47,64,19652,0x7189126babc21873,AllGather,0xaaab26665950,20492576224,20494514336,6,Other,0,3,0x7189126babc21873_allgather_3,ring,simple,0,0,524288,1,4,2,524288,1,524288,2097152
7520,227114,44,47,64,19688,0x7189126babc21873,AllGather,0xaaab26665950,20541767712,20543723456,10,Other,0,4,0x7189126babc21873_allgather_4,ring,simple,0,0,524288,1,4,2,524288,1,524288,2097152
7520,227114,44,47,64,19697,0x7189126babc21873,AllGather,0xaaab26665950,20544187136,20547359680,11,Other,0,5,0x7189126babc21873_allgather_5,ring,simple,0,0,1048576,1,4,2,524288,1,1048576,2097152
7520,227114,44,47,64,19706,0x7189126babc21873,AllGather,0xaaab26665950,20549057312,20560634432,12,Other,0,6,0x7189126babc21873_allgather_6,ring,simple,0,0,4194304,1,4,2,524288,1,4194304,2097152
7520,227114,44,47,64,19715,0x7189126babc21873,AllGather,0xaaab26665950,20562488736,20564340864,13,Other,0,7,0x7189126babc21873_allgather_7,ring,simple,0,0,524288,1,4,2,524288,1,524288,2097152
7520,227114,44,47,64,19724,0x7189126babc21873,AllGather,0xaaab26665950,20565540448,20567438336,14,Other,0,8,0x7189126babc21873_allgather_8,ring,simple,0,0,524288,1,4,2,524288,1,524288,2097152
7520,227114,44,47,64,19733,0x7189126babc21873,AllGather,0xaaab26665950,20571288384,20582859936,15,Other,0,9,0x7189126babc21873_allgather_9,ring,simple,0,0,4194304,1,4,2,524288,1,4194304,2097152
7520,227114,44,47,64,19769,0x7189126babc21873,AllGather,0xaaab26665950,20611872640,20613775648,19,Other,0,10,0x7189126babc21873_allgather_10,ring,simple,0,0,524288,1,4,2,524288,1,524288,2097152
7520,227114,44,47,64,19598,0x7189126babc21873,AllReduce,0xaaab26665950,20424673984,20428305376,0,Other,0,0,0x7189126babc21873_allreduce_0,ring,simple,0,0,33554432,4,4,2,524288,1,33554432,2097152
7520,227114,44,47,64,19616,0x7189126babc21873,AllReduce,0xaaab26665950,20436159104,20447250016,2,Other,0,1,0x7189126babc21873_allreduce_1,ring,simple,0,0,134217728,4,4,2,524288,1,134217728,2097152
7520,227114,44,47,64,19643,0x7189126babc21873,AllReduce,0xaaab26665950,20468810464,20490965024,5,Other,0,2,0x7189126babc21873_allreduce_2,ring,simple,0,0,268435456,4,4,2,524288,1,268435456,2097152
7520,227114,44,47,64,19661,0x7189126babc21873,AllReduce,0xaaab26665950,20498537408,20509648480,7,Other,0,3,0x7189126babc21873_allreduce_3,ring,simple,0,0,134217728,4,4,2,524288,1,134217728,2097152
7520,227114,44,47,64,19670,0x7189126babc21873,AllReduce,0xaaab26665950,20512329952,20515585440,8,Other,0,4,0x7189126babc21873_allreduce_4,ring,simple,0,0,33554432,4,4,2,524288,1,33554432,2097152
7520,227114,44,47,64,19679,0x7189126babc21873,AllReduce,0xaaab26665950,20518189760,20540464864,9,Other,0,5,0x7189126babc21873_allreduce_5,ring,simple,0,0,268435456,4,4,2,524288,1,268435456,2097152
7520,227114,44,47,64,19742,0x7189126babc21873,AllReduce,0xaaab26665950,20584040256,20595148544,16,Other,0,6,0x7189126babc21873_allreduce_6,ring,simple,0,0,134217728,4,4,2,524288,1,134217728,2097152
7520,227114,44,47,64,19751,0x7189126babc21873,AllReduce,0xaaab26665950,20598662912,20601928768,17,Other,0,7,0x7189126babc21873_allreduce_7,ring,simple,0,0,33554432,4,4,2,524288,1,33554432,2097152
7520,227114,44,47,64,19760,0x7189126babc21873,AllReduce,0xaaab26665950,20602491552,20608291680,18,Other,0,8,0x7189126babc21873_allreduce_8,ring,simple,0,0,67108864,4,4,2,524288,1,67108864,2097152
7520,227169,52,46,64,23123,0x7189126babc21873,AllGather,0xaaaba0605950,17844553976,17847716696,1,Other,0,0,0x7189126babc21873_allgather_0,ring,simple,0,0,1048576,1,4,2,524288,1,1048576,2097152
7520,227169,52,46,64,23141,0x7189126babc21873,AllGather,0xaaaba0605950,17865865464,17867724088,3,Other,0,1,0x7189126babc21873_allgather_1,ring,simple,0,0,524288,1,4,2,524288,1,524288,2097152
7520,227169,52,46,64,23150,0x7189126babc21873,AllGather,0xaaaba0605950,17868774392,17880360280,4,Other,0,2,0x7189126babc21873_allgather_2,ring,simple,0,0,4194304,1,4,2,524288,1,4194304,2097152
7520,227169,52,46,64,23168,0x7189126babc21873,AllGather,0xaaaba0605950,17908001785,17909960793,6,Other,0,3,0x7189126babc21873_allgather_3,ring,simple,0,0,524288,1,4,2,524288,1,524288,2097152
7520,227169,52,46,64,23204,0x7189126babc21873,AllGather,0xaaaba0605950,17957203322,17959168922,10,Other,0,4,0x7189126babc21873_allgather_4,ring,simple,0,0,524288,1,4,2,524288,1,524288,2097152
7520,227169,52,46,64,23213,0x7189126babc21873,AllGather,0xaaaba0605950,17959621530,17962815770,11,Other,0,5,0x7189126babc21873_allgather_5,ring,simple,0,0,1048576,1,4,2,524288,1,1048576,2097152
7520,227169,52,46,64,23222,0x7189126babc21873,AllGather,0xaaaba0605950,17964491866,17976112474,12,Other,0,6,0x7189126babc21873_allgather_6,ring,simple,0,0,4194304,1,4,2,524288,1,4194304,2097152
7520,227169,52,46,64,23231,0x7189126babc21873,AllGather,0xaaaba0605950,17977917498,17979784122,13,Other,0,7,0x7189126babc21873_allgather_7,ring,simple,0,0,524288,1,4,2,524288,1,524288,2097152
7520,227169,52,46,64,23240,0x7189126babc21873,AllGather,0xaaaba0605950,17980972410,17982884346,14,Other,0,8,0x7189126babc21873_allgather_8,ring,simple,0,0,524288,1,4,2,524288,1,524288,2097152
7520,227169,52,46,64,23249,0x7189126babc21873,AllGather,0xaaaba0605950,17986716730,17998336634,15,Other,0,9,0x7189126babc21873_allgather_9,ring,simple,0,0,4194304,1,4,2,524288,1,4194304,2097152
7520,227169,52,46,64,23285,0x7189126babc21873,AllGather,0xaaaba0605950,18027305979,18029220731,19,Other,0,10,0x7189126babc21873_allgather_10,ring,simple,0,0,524288,1,4,2,524288,1,524288,2097152
7520,227169,52,46,64,23114,0x7189126babc21873,AllReduce,0xaaaba0605950,17840067928,17843749048,0,Other,0,0,0x7189126babc21873_allreduce_0,ring,simple,0,0,33554432,4,4,2,524288,1,33554432,2097152
7520,227169,52,46,64,23132,0x7189126babc21873,AllReduce,0xaaaba0605950,17851591800,17862725144,2,Other,0,1,0x7189126babc21873_allreduce_1,ring,simple,0,0,134217728,4,4,2,524288,1,134217728,2097152
7520,227169,52,46,64,23159,0x7189126babc21873,AllReduce,0xaaaba0605950,17884237048,17906440441,5,Other,0,2,0x7189126babc21873_allreduce_2,ring,simple,0,0,268435456,4,4,2,524288,1,268435456,2097152
7520,227169,52,46,64,23177,0x7189126babc21873,AllReduce,0xaaaba0605950,17913971641,17925123481,7,Other,0,3,0x7189126babc21873_allreduce_3,ring,simple,0,0,134217728,4,4,2,524288,1,134217728,2097152
7520,227169,52,46,64,23186,0x7189126babc21873,AllReduce,0xaaaba0605950,17927760601,17931029561,8,Other,0,4,0x7189126babc21873_allreduce_4,ring,simple,0,0,33554432,4,4,2,524288,1,33554432,2097152
7520,227169,52,46,64,23195,0x7189126babc21873,AllReduce,0xaaaba0605950,17933626169,17955940506,9,Other,0,5,0x7189126babc21873_allreduce_5,ring,simple,0,0,268435456,4,4,2,524288,1,268435456,2097152
7520,227169,52,46,64,23258,0x7189126babc21873,AllReduce,0xaaaba0605950,17999471546,18010623898,16,Other,0,6,0x7189126babc21873_allreduce_6,ring,simple,0,0,134217728,4,4,2,524288,1,134217728,2097152
7520,227169,52,46,64,23267,0x7189126babc21873,AllReduce,0xaaaba0605950,18014096539,18017372667,17,Other,0,7,0x7189126babc21873_allreduce_7,ring,simple,0,0,33554432,4,4,2,524288,1,33554432,2097152
7520,227169,52,46,64,23276,0x7189126babc21873,AllReduce,0xaaaba0605950,18017911419,18023745179,18,Other,0,8,0x7189126babc21873_allreduce_8,ring,simple,0,0,67108864,4,4,2,524288,1,67108864,2097152
7520,227170,49,44,64,21805,0x7189126babc21873,AllGather,0xaaae1cbbd9e0,17859481420,17862680108,1,Other,0,0,0x7189126babc21873_allgather_0,ring,simple,0,0,1048576,1,4,2,524288,1,1048576,2097152
7520,227170,49,44,64,21823,0x7189126babc21873,AllGather,0xaaae1cbbd9e0,17880796780,17882671308,3,Other,0,1,0x7189126babc21873_allgather_1,ring,simple,0,0,524288,1,4,2,524288,1,524288,2097152
7520,227170,49,44,64,21832,0x7189126babc21873,AllGather,0xaaae1cbbd9e0,17883704428,17895351788,4,Other,0,2,0x7189126babc21873_allgather_2,ring,simple,0,0,4194304,1,4,2,524288,1,4194304,2097152
7520,227170,49,44,64,21850,0x7189126babc21873,AllGather,0xaaae1cbbd9e0,17922933101,17924907469,6,Other,0,3,0x7189126babc21873_allgather_3,ring,simple,0,0,524288,1,4,2,524288,1,524288,2097152
7520,227170,49,44,64,21886,0x7189126babc21873,AllGather,0xaaae1cbbd9e0,17972126061,17974115149,10,Other,0,4,0x7189126babc21873_allgather_4,ring,simple,0,0,524288,1,4,2,524288,1,524288,2097152
7520,227170,49,44,64,21895,0x7189126babc21873,AllGather,0xaaae1cbbd9e0,17974545197,17977776269,11,Other,0,5,0x7189126babc21873_allgather_5,ring,simple,0,0,1048576,1,4,2,524288,1,1048576,2097152
7520,227170,49,44,64,21904,0x7189126babc21873,AllGather,0xaaae1cbbd9e0,17979416365,17991104653,12,Other,0,6,0x7189126babc21873_allgather_6,ring,simple,0,0,4194304,1,4,2,524288,1,4194304,2097152
7520,227170,49,44,64,21913,0x7189126babc21873,AllGather,0xaaae1cbbd9e0,17992846221,17994728653,13,Other,0,7,0x7189126babc21873_allgather_7,ring,simple,0,0,524288,1,4,2,524288,1,524288,2097152
7520,227170,49,44,64,21922,0x7189126babc21873,AllGather,0xaaae1cbbd9e0,17995897837,17997828397,14,Other,0,8,0x7189126babc21873_allgather_8,ring,simple,0,0,524288,1,4,2,524288,1,524288,2097152
7520,227170,49,44,64,21931,0x7189126babc21873,AllGather,0xaaae1cbbd9e0,18001639949,18013328877,15,Other,0,9,0x7189126babc21873_allgather_9,ring,simple,0,0,4194304,1,4,2,524288,1,4194304,2097152
7520,227170,49,44,64,21967,0x7189126babc21873,AllGather,0xaaae1cbbd9e0,18042228014,18044167214,19,Other,0,10,0x7189126babc21873_allgather_10,ring,simple,0,0,524288,1,4,2,524288,1,524288,2097152
7520,227170,49,44,64,21796,0x7189126babc21873,AllReduce,0xaaae1cbbd9e0,17854999372,17858692012,0,Other,0,0,0x7189126babc21873_allreduce_0,ring,simple,0,0,33554432,4,4,2,524288,1,33554432,2097152
7520,227170,49,44,64,21814,0x7189126babc21873,AllReduce,0xaaae1cbbd9e0,17866521420,17877716108,2,Other,0,1,0x7189126babc21873_allreduce_1,ring,simple,0,0,134217728,4,4,2,524288,1,134217728,2097152
7520,227170,49,44,64,21841,0x7189126babc21873,AllReduce,0xaaae1cbbd9e0,17899169132,17921431181,5,Other,0,2,0x7189126babc21873_allreduce_2,ring,simple,0,0,268435456,4,4,2,524288,1,268435456,2097152
7520,227170,49,44,64,21859,0x7189126babc21873,AllReduce,0xaaae1cbbd9e0,17928894061,17940115149,7,Other,0,3,0x7189126babc21873_allreduce_3,ring,simple,0,0,134217728,4,4,2,524288,1,134217728,2097152
7520,227170,49,44,64,21868,0x7189126babc21873,AllReduce,0xaaae1cbbd9e0,17942686829,17945971501,8,Other,0,4,0x7189126babc21873_allreduce_4,ring,simple,0,0,33554432,4,4,2,524288,1,33554432,2097152
7520,227170,49,44,64,21877,0x7189126babc21873,AllReduce,0xaaae1cbbd9e0,17948549773,17970930029,9,Other,0,5,0x7189126babc21873_allreduce_5,ring,simple,0,0,268435456,4,4,2,524288,1,268435456,2097152
7520,227170,49,44,64,21940,0x7189126babc21873,AllReduce,0xaaae1cbbd9e0,18014396461,18025614445,16,Other,0,6,0x7189126babc21873_allreduce_6,ring,simple,0,0,134217728,4,4,2,524288,1,134217728,2097152
7520,227170,49,44,64,21949,0x7189126babc21873,AllReduce,0xaaae1cbbd9e0,18029019374,18032315022,17,Other,0,7,0x7189126babc21873_allreduce_7,ring,simple,0,0,33554432,4,4,2,524288,1,33554432,2097152
7520,227170,49,44,64,21958,0x7189126babc21873,AllReduce,0xaaae1cbbd9e0,18032834158,18038704654,18,Other,0,8,0x7189126babc21873_allreduce_8,ring,simple,0,0,67108864,4,4,2,524288,1,67108864,2097152
7520,227173,35,45,64,15650,0x7189126babc21873,AllGather,0xaaae54f65ba0,17844526784,17847720224,1,Other,0,0,0x7189126babc21873_allgather_0,ring,simple,0,0,1048576,1,4,2,524288,1,1048576,2097152
7520,227173,35,45,64,15668,0x7189126babc21873,AllGather,0xaaae54f65ba0,17865837952,17867717184,3,Other,0,1,0x7189126babc21873_allgather_1,ring,simple,0,0,524288,1,4,2,524288,1,524288,2097152
7520,227173,35,45,64,15677,0x7189126babc21873,AllGather,0xaaae54f65ba0,17868747040,17880383104,4,Other,0,2,0x7189126babc21873_allgather_2,ring,simple,0,0,4194304,1,4,2,524288,1,4194304,2097152
7520,227173,35,45,64,15695,0x7189126babc21873,AllGather,0xaaae54f65ba0,17907976192,17909953120,6,Other,0,3,0x7189126babc21873_allgather_3,ring,simple,0,0,524288,1,4,2,524288,1,524288,2097152
7520,227173,35,45,64,15731,0x7189126babc21873,AllGather,0xaaae54f65ba0,17957171808,17959160896,10,Other,0,4,0x7189126babc21873_allgather_4,ring,simple,0,0,524288,1,4,2,524288,1,524288,2097152
7520,227173,35,45,64,15740,0x7189126babc21873,AllGather,0xaaae54f65ba0,17959593376,17962818528,11,Other,0,5,0x7189126babc21873_allgather_5,ring,simple,0,0,1048576,1,4,2,524288,1,1048576,2097152
7520,227173,35,45,64,15749,0x7189126babc21873,AllGather,0xaaae54f65ba0,17964460416,17976135168,12,Other,0,6,0x7189126babc21873_allgather_6,ring,simple,0,0,4194304,1,4,2,524288,1,4194304,2097152
7520,227173,35,45,64,15758,0x7189126babc21873,AllGather,0xaaae54f65ba0,17977889184,17979776256,13,Other,0,7,0x7189126babc21873_allgather_7,ring,simple,0,0,524288,1,4,2,524288,1,524288,2097152
7520,227173,35,45,64,15767,0x7189126babc21873,AllGather,0xaaae54f65ba0,17980942752,17982876224,14,Other,0,8,0x7189126babc21873_allgather_8,ring,simple,0,0,524288,1,4,2,524288,1,524288,2097152
7520,227173,35,45,64,15776,0x7189126babc21873,AllGather,0xaaae54f65ba0,17986688960,17998360000,15,Other,0,9,0x7189126babc21873_allgather_9,ring,simple,0,0,4194304,1,4,2,524288,1,4194304,2097152
7520,227173,35,45,64,15812,0x7189126babc21873,AllGather,0xaaae54f65ba0,18027276032,18029213792,19,Other,0,10,0x7189126babc21873_allgather_10,ring,simple,0,0,524288,1,4,2,524288,1,524288,2097152
7520,227173,35,45,64,15641,0x7189126babc21873,AllReduce,0xaaae54f65ba0,17840034048,17843739840,0,Other,0,0,0x7189126babc21873_allreduce_0,ring,simple,0,0,33554432,4,4,2,524288,1,33554432,2097152
7520,227173,35,45,64,15659,0x7189126babc21873,AllReduce,0xaaae54f65ba0,17851561888,17862748064,2,Other,0,1,0x7189126babc21873_allreduce_1,ring,simple,0,0,134217728,4,4,2,524288,1,134217728,2097152
7520,227173,35,45,64,15686,0x7189126babc21873,AllReduce,0xaaae54f65ba0,17884213248,17906463200,5,Other,0,2,0x7189126babc21873_allreduce_2,ring,simple,0,0,268435456,4,4,2,524288,1,268435456,2097152
7520,227173,35,45,64,15704,0x7189126babc21873,AllReduce,0xaaae54f65ba0,17913938208,17925146368,7,Other,0,3,0x7189126babc21873_allreduce_3,ring,simple,0,0,134217728,4,4,2,524288,1,134217728,2097152
7520,227173,35,45,64,15713,0x7189126babc21873,AllReduce,0xaaae54f65ba0,17927729984,17931019296,8,Other,0,4,0x7189126babc21873_allreduce_4,ring,simple,0,0,33554432,4,4,2,524288,1,33554432,2097152
7520,227173,35,45,64,15722,0x7189126babc21873,AllReduce,0xaaae54f65ba0,17933597216,17955962976,9,Other,0,5,0x7189126babc21873_allreduce_5,ring,simple,0,0,268435456,4,4,2,524288,1,268435456,2097152
7520,227173,35,45,64,15785,0x7189126babc21873,AllReduce,0xaaae54f65ba0,17999443168,18010646176,16,Other,0,6,0x7189126babc21873_allreduce_6,ring,simple,0,0,134217728,4,4,2,524288,1,134217728,2097152
7520,227173,35,45,64,15794,0x7189126babc21873,AllReduce,0xaaae54f65ba0,18014067104,18017362720,17,Other,0,7,0x7189126babc21873_allreduce_7,ring,simple,0,0,33554432,4,4,2,524288,1,33554432,2097152
7520,227173,35,45,64,15803,0x7189126babc21873,AllReduce,0xaaae54f65ba0,18017881312,18023747456,18,Other,0,8,0x7189126babc21873_allreduce_8,ring,simple,0,0,67108864,4,4,2,524288,1,67108864,2097152
7521,174829,6,50,64,2903,0x7189126babc21873,AllGather,0xaaabe70e5870,19192226912,19195383776,1,Other,0,0,0x7189126babc21873_allgather_0,ring,simple,0,0,1048576,1,4,2,524288,1,1048576,2097152
7521,174829,6,50,64,2921,0x7189126babc21873,AllGather,0xaaabe70e5870,19213578976,19215405376,3,Other,0,1,0x7189126babc21873_allgather_1,ring,simple,0,0,524288,1,4,2,524288,1,524288,2097152
7521,174829,6,50,64,2930,0x7189126babc21873,AllGather,0xaaabe70e5870,19216467040,19228090176,4,Other,0,2,0x7189126babc21873_allgather_2,ring,simple,0,0,4194304,1,4,2,524288,1,4194304,2097152
7521,174829,6,50,64,2948,0x7189126babc21873,AllGather,0xaaabe70e5870,19255771936,19257635584,6,Other,0,3,0x7189126babc21873_allgather_3,ring,simple,0,0,524288,1,4,2,524288,1,524288,2097152
7521,174829,6,50,64,2984,0x7189126babc21873,AllGather,0xaaabe70e5870,19304920544,19306817344,10,Other,0,4,0x7189126babc21873_allgather_4,ring,simple,0,0,524288,1,4,2,524288,1,524288,2097152
7521,174829,6,50,64,2993,0x7189126babc21873,AllGather,0xaaabe70e5870,19307327840,19310476288,11,Other,0,5,0x7189126babc21873_allgather_5,ring,simple,0,0,1048576,1,4,2,524288,1,1048576,2097152
7521,174829,6,50,64,3002,0x7189126babc21873,AllGather,0xaaabe70e5870,19312199392,19323834368,12,Other,0,6,0x7189126babc21873_allgather_6,ring,simple,0,0,4194304,1,4,2,524288,1,4194304,2097152
7521,174829,6,50,64,3011,0x7189126babc21873,AllGather,0xaaabe70e5870,19325634336,19327469600,13,Other,0,7,0x7189126babc21873_allgather_7,ring,simple,0,0,524288,1,4,2,524288,1,524288,2097152
7521,174829,6,50,64,3020,0x7189126babc21873,AllGather,0xaaabe70e5870,19328704224,19330530400,14,Other,0,8,0x7189126babc21873_allgather_8,ring,simple,0,0,524288,1,4,2,524288,1,524288,2097152
7521,174829,6,50,64,3029,0x7189126babc21873,AllGather,0xaaabe70e5870,19334449120,19346047712,15,Other,0,9,0x7189126babc21873_allgather_9,ring,simple,0,0,4194304,1,4,2,524288,1,4194304,2097152
7521,174829,6,50,64,3065,0x7189126babc21873,AllGather,0xaaabe70e5870,19375032704,19376863648,19,Other,0,10,0x7189126babc21873_allgather_10,ring,simple,0,0,524288,1,4,2,524288,1,524288,2097152
7521,174829,6,50,64,2894,0x7189126babc21873,AllReduce,0xaaabe70e5870,19187998336,19191401120,0,Other,0,0,0x7189126babc21873_allreduce_0,ring,simple,0,0,33554432,4,4,2,524288,1,33554432,2097152
7521,174829,6,50,64,2912,0x7189126babc21873,AllReduce,0xaaabe70e5870,19199251648,19210398112,2,Other,0,1,0x7189126babc21873_allreduce_1,ring,simple,0,0,134217728,4,4,2,524288,1,134217728,2097152
7521,174829,6,50,64,2939,0x7189126babc21873,AllReduce,0xaaabe70e5870,19231942912,19254146624,5,Other,0,2,0x7189126babc21873_allreduce_2,ring,simple,0,0,268435456,4,4,2,524288,1,268435456,2097152
7521,174829,6,50,64,2957,0x7189126babc21873,AllReduce,0xaaabe70e5870,19261695584,19272820480,7,Other,0,3,0x7189126babc21873_allreduce_3,ring,simple,0,0,134217728,4,4,2,524288,1,134217728,2097152
7521,174829,6,50,64,2966,0x7189126babc21873,AllReduce,0xaaabe70e5870,19275482720,19278683264,8,Other,0,4,0x7189126babc21873_allreduce_4,ring,simple,0,0,33554432,4,4,2,524288,1,33554432,2097152
7521,174829,6,50,64,2975,0x7189126babc21873,AllReduce,0xaaabe70e5870,19281374912,19303576256,9,Other,0,5,0x7189126babc21873_allreduce_5,ring,simple,0,0,268435456,4,4,2,524288,1,268435456,2097152
7521,174829,6,50,64,3038,0x7189126babc21873,AllReduce,0xaaabe70e5870,19347216736,19358343104,16,Other,0,6,0x7189126babc21873_allreduce_6,ring,simple,0,0,134217728,4,4,2,524288,1,134217728,2097152
7521,174829,6,50,64,3047,0x7189126babc21873,AllReduce,0xaaabe70e5870,19361837056,19365026944,17,Other,0,7,0x7189126babc21873_allreduce_7,ring,simple,0,0,33554432,4,4,2,524288,1,33554432,2097152
7521,174829,6,50,64,3056,0x7189126babc21873,AllReduce,0xaaabe70e5870,19365615680,19371390816,18,Other,0,8,0x7189126babc21873_allreduce_8,ring,simple,0,0,67108864,4,4,2,524288,1,67108864,2097152
7521,174870,39,51,64,17409,0x7189126babc21873,AllGather,0xaaae06dbe5a0,18448081407,18451213343,1,Other,0,0,0x7189126babc21873_allgather_0,ring,simple,0,0,1048576,1,4,2,524288,1,1048576,2097152
7521,174870,39,51,64,17427,0x7189126babc21873,AllGather,0xaaae06dbe5a0,18469431871,18471243103,3,Other,0,1,0x7189126babc21873_allgather_1,ring,simple,0,0,524288,1,4,2,524288,1,524288,2097152
7521,174870,39,51,64,17436,0x7189126babc21873,AllGather,0xaaae06dbe5a0,18472323583,18483895519,4,Other,0,2,0x7189126babc21873_allgather_2,ring,simple,0,0,4194304,1,4,2,524288,1,4194304,2097152
7521,174870,39,51,64,17454,0x7189126babc21873,AllGather,0xaaae06dbe5a0,18511623839,18513474495,6,Other,0,3,0x7189126babc21873_allgather_3,ring,simple,0,0,524288,1,4,2,524288,1,524288,2097152
7521,174870,39,51,64,17490,0x7189126babc21873,AllGather,0xaaae06dbe5a0,18560769887,18562654111,10,Other,0,4,0x7189126babc21873_allgather_4,ring,simple,0,0,524288,1,4,2,524288,1,524288,2097152
7521,174870,39,51,64,17499,0x7189126babc21873,AllGather,0xaaae06dbe5a0,18563181439,18566303071,11,Other,0,5,0x7189126babc21873_allgather_5,ring,simple,0,0,1048576,1,4,2,524288,1,1048576,2097152
7521,174870,39,51,64,17508,0x7189126babc21873,AllGather,0xaaae06dbe5a0,18568053407,18579639551,12,Other,0,6,0x7189126babc21873_allgather_6,ring,simple,0,0,4194304,1,4,2,524288,1,4194304,2097152
7521,174870,39,51,64,17517,0x7189126babc21873,AllGather,0xaaae06dbe5a0,18581493279,18583308127,13,Other,0,7,0x7189126babc21873_allgather_7,ring,simple,0,0,524288,1,4,2,524288,1,524288,2097152
7521,174870,39,51,64,17526,0x7189126babc21873,AllGather,0xaaae06dbe5a0,18584559007,18586367999,14,Other,0,8,0x7189126babc21873_allgather_8,ring,simple,0,0,524288,1,4,2,524288,1,524288,2097152
7521,174870,39,51,64,17535,0x7189126babc21873,AllGather,0xaaae06dbe5a0,18590305439,18601853439,15,Other,0,9,0x7189126babc21873_allgather_9,ring,simple,0,0,4194304,1,4,2,524288,1,4194304,2097152
7521,174870,39,51,64,17571,0x7189126babc21873,AllGather,0xaaae06dbe5a0,18630888895,18632700639,19,Other,0,10,0x7189126babc21873_allgather_10,ring,simple,0,0,524288,1,4,2,524288,1,524288,2097152
7521,174870,39,51,64,17400,0x7189126babc21873,AllReduce,0xaaae06dbe5a0,18443851519,18447240543,0,Other,0,0,0x7189126babc21873_allreduce_0,ring,simple,0,0,33554432,4,4,2,524288,1,33554432,2097152
7521,174870,39,51,64,17418,0x7189126babc21873,AllReduce,0xaaae06dbe5a0,18455106207,18466204895,2,Other,0,1,0x7189126babc21873_allreduce_1,ring,simple,0,0,134217728,4,4,2,524288,1,134217728,2097152
7521,174870,39,51,64,17445,0x7189126babc21873,AllReduce,0xaaae06dbe5a0,18487797055,18509953951,5,Other,0,2,0x7189126babc21873_allreduce_2,ring,simple,0,0,268435456,4,4,2,524288,1,268435456,2097152
7521,174870,39,51,64,17463,0x7189126babc21873,AllReduce,0xaaae06dbe5a0,18517549151,18528627487,7,Other,0,3,0x7189126babc21873_allreduce_3,ring,simple,0,0,134217728,4,4,2,524288,1,134217728,2097152
7521,174870,39,51,64,17472,0x7189126babc21873,AllReduce,0xaaae06dbe5a0,18531339071,18534523167,8,Other,0,4,0x7189126babc21873_allreduce_4,ring,simple,0,0,33554432,4,4,2,524288,1,33554432,2097152
7521,174870,39,51,64,17481,0x7189126babc21873,AllReduce,0xaaae06dbe5a0,18537226463,18559384223,9,Other,0,5,0x7189126babc21873_allreduce_5,ring,simple,0,0,268435456,4,4,2,524288,1,268435456,2097152
7521,174870,39,51,64,17544,0x7189126babc21873,AllReduce,0xaaae06dbe5a0,18603070271,18614149407,16,Other,0,6,0x7189126babc21873_allreduce_6,ring,simple,0,0,134217728,4,4,2,524288,1,134217728,2097152
7521,174870,39,51,64,17553,0x7189126babc21873,AllReduce,0xaaae06dbe5a0,18617689855,18620866207,17,Other,0,7,0x7189126babc21873_allreduce_7,ring,simple,0,0,33554432,4,4,2,524288,1,33554432,2097152
7521,174870,39,51,64,17562,0x7189126babc21873,AllReduce,0xaaae06dbe5a0,18621470655,18627219327,18,Other,0,8,0x7189126babc21873_allreduce_8,ring,simple,0,0,67108864,4,4,2,524288,1,67108864,2097152
7521,174881,19,48,64,8616,0x7189126babc21873,AllGather,0xaaacb71ae7b0,18399378913,18402574689,1,Other,0,0,0x7189126babc21873_allgather_0,ring,simple,0,0,1048576,1,4,2,524288,1,1048576,2097152
7521,174881,19,48,64,8634,0x7189126babc21873,AllGather,0xaaacb71ae7b0,18420752450,18422577826,3,Other,0,1,0x7189126babc21873_allgather_1,ring,simple,0,0,524288,1,4,2,524288,1,524288,2097152
7521,174881,19,48,64,8643,0x7189126babc21873,AllGather,0xaaacb71ae7b0,18423632258,18435311746,4,Other,0,2,0x7189126babc21873_allgather_2,ring,simple,0,0,4194304,1,4,2,524288,1,4194304,2097152
7521,174881,19,48,64,8661,0x7189126babc21873,AllGather,0xaaacb71ae7b0,18462974339,18464808355,6,Other,0,3,0x7189126babc21873_allgather_3,ring,simple,0,0,524288,1,4,2,524288,1,524288,2097152
7521,174881,19,48,64,8697,0x7189126babc21873,AllGather,0xaaacb71ae7b0,18512074820,18513991172,10,Other,0,4,0x7189126babc21873_allgather_4,ring,simple,0,0,524288,1,4,2,524288,1,524288,2097152
7521,174881,19,48,64,8706,0x7189126babc21873,AllGather,0xaaacb71ae7b0,18514481796,18517665380,11,Other,0,5,0x7189126babc21873_allgather_5,ring,simple,0,0,1048576,1,4,2,524288,1,1048576,2097152
7521,174881,19,48,64,8715,0x7189126babc21873,AllGather,0xaaacb71ae7b0,18519378852,18531056933,12,Other,0,6,0x7189126babc21873_allgather_6,ring,simple,0,0,4194304,1,4,2,524288,1,4194304,2097152
7521,174881,19,48,64,8724,0x7189126babc21873,AllGather,0xaaacb71ae7b0,18532795589,18534642821,13,Other,0,7,0x7189126babc21873_allgather_7,ring,simple,0,0,524288,1,4,2,524288,1,524288,2097152
7521,174881,19,48,64,8733,0x7189126babc21873,AllGather,0xaaacb71ae7b0,18535860549,18537703621,14,Other,0,8,0x7189126babc21873_allgather_8,ring,simple,0,0,524288,1,4,2,524288,1,524288,2097152
7521,174881,19,48,64,8742,0x7189126babc21873,AllGather,0xaaacb71ae7b0,18541607845,18553268613,15,Other,0,9,0x7189126babc21873_allgather_9,ring,simple,0,0,4194304,1,4,2,524288,1,4194304,2097152
7521,174881,19,48,64,8778,0x7189126babc21873,AllGather,0xaaacb71ae7b0,18582190182,18584036902,19,Other,0,10,0x7189126babc21873_allgather_10,ring,simple,0,0,524288,1,4,2,524288,1,524288,2097152
7521,174881,19,48,64,8607,0x7189126babc21873,AllReduce,0xaaacb71ae7b0,18395140193,18398572993,0,Other,0,0,0x7189126babc21873_allreduce_0,ring,simple,0,0,33554432,4,4,2,524288,1,33554432,2097152
7521,174881,19,48,64,8625,0x7189126babc21873,AllReduce,0xaaacb71ae7b0,18406414658,18417617410,2,Other,0,1,0x7189126babc21873_allreduce_1,ring,simple,0,0,134217728,4,4,2,524288,1,134217728,2097152
7521,174881,19,48,64,8652,0x7189126babc21873,AllReduce,0xaaacb71ae7b0,18439107266,18461365443,5,Other,0,2,0x7189126babc21873_allreduce_2,ring,simple,0,0,268435456,4,4,2,524288,1,268435456,2097152
7521,174881,19,48,64,8670,0x7189126babc21873,AllReduce,0xaaacb71ae7b0,18468855331,18480040387,7,Other,0,3,0x7189126babc21873_allreduce_3,ring,simple,0,0,134217728,4,4,2,524288,1,134217728,2097152
7521,174881,19,48,64,8679,0x7189126babc21873,AllReduce,0xaaacb71ae7b0,18482642819,18485854020,8,Other,0,4,0x7189126babc21873_allreduce_4,ring,simple,0,0,33554432,4,4,2,524288,1,33554432,2097152
7521,174881,19,48,64,8688,0x7189126babc21873,AllReduce,0xaaacb71ae7b0,18488534148,18510795172,9,Other,0,5,0x7189126babc21873_allreduce_5,ring,simple,0,0,268435456,4,4,2,524288,1,268435456,2097152
7521,174881,19,48,64,8751,0x7189126babc21873,AllReduce,0xaaacb71ae7b0,18554373509,18565562470,16,Other,0,6,0x7189126babc21873_allreduce_6,ring,simple,0,0,134217728,4,4,2,524288,1,134217728,2097152
7521,174881,19,48,64,8760,0x7189126babc21873,AllReduce,0xaaacb71ae7b0,18568995142,18572197158,17,Other,0,7,0x7189126babc21873_allreduce_7,ring,simple,0,0,33554432,4,4,2,524288,1,33554432,2097152
7521,174881,19,48,64,8769,0x7189126babc21873,AllReduce,0xaaacb71ae7b0,18572777350,18578576742,18,Other,0,8,0x7189126babc21873_allreduce_8,ring,simple,0,0,67108864,4,4,2,524288,1,67108864,2097152
7521,174885,51,49,64,22684,0x7189126babc21873,AllGather,0xaaab3fce5ac0,18423260160,18426445312,1,Other,0,0,0x7189126babc21873_allgather_0,ring,simple,0,0,1048576,1,4,2,524288,1,1048576,2097152
7521,174885,51,49,64,22702,0x7189126babc21873,AllGather,0xaaab3fce5ac0,18444609184,18446455168,3,Other,0,1,0x7189126babc21873_allgather_1,ring,simple,0,0,524288,1,4,2,524288,1,524288,2097152
7521,174885,51,49,64,22711,0x7189126babc21873,AllGather,0xaaab3fce5ac0,18447502656,18459172992,4,Other,0,2,0x7189126babc21873_allgather_2,ring,simple,0,0,4194304,1,4,2,524288,1,4194304,2097152
7521,174885,51,49,64,22729,0x7189126babc21873,AllGather,0xaaab3fce5ac0,18486800576,18488685984,6,Other,0,3,0x7189126babc21873_allgather_3,ring,simple,0,0,524288,1,4,2,524288,1,524288,2097152
7521,174885,51,49,64,22765,0x7189126babc21873,AllGather,0xaaab3fce5ac0,18535951328,18537868384,10,Other,0,4,0x7189126babc21873_allgather_4,ring,simple,0,0,524288,1,4,2,524288,1,524288,2097152
7521,174885,51,49,64,22774,0x7189126babc21873,AllGather,0xaaab3fce5ac0,18538358720,18541537184,11,Other,0,5,0x7189126babc21873_allgather_5,ring,simple,0,0,1048576,1,4,2,524288,1,1048576,2097152
7521,174885,51,49,64,22783,0x7189126babc21873,AllGather,0xaaab3fce5ac0,18543228512,18554917024,12,Other,0,6,0x7189126babc21873_allgather_6,ring,simple,0,0,4194304,1,4,2,524288,1,4194304,2097152
7521,174885,51,49,64,22792,0x7189126babc21873,AllGather,0xaaab3fce5ac0,18556668704,18558520160,13,Other,0,7,0x7189126babc21873_allgather_7,ring,simple,0,0,524288,1,4,2,524288,1,524288,2097152
7521,174885,51,49,64,22801,0x7189126babc21873,AllGather,0xaaab3fce5ac0,18559735840,18561581536,14,Other,0,8,0x7189126babc21873_allgather_8,ring,simple,0,0,524288,1,4,2,524288,1,524288,2097152
7521,174885,51,49,64,22810,0x7189126babc21873,AllGather,0xaaab3fce5ac0,18565478208,18577129792,15,Other,0,9,0x7189126babc21873_allgather_9,ring,simple,0,0,4194304,1,4,2,524288,1,4194304,2097152
7521,174885,51,49,64,22846,0x7189126babc21873,AllGather,0xaaab3fce5ac0,18606061568,18607914144,19,Other,0,10,0x7189126babc21873_allgather_10,ring,simple,0,0,524288,1,4,2,524288,1,524288,2097152
7521,174885,51,49,64,22675,0x7189126babc21873,AllReduce,0xaaab3fce5ac0,18418998368,18422451136,0,Other,0,0,0x7189126babc21873_allreduce_0,ring,simple,0,0,33554432,4,4,2,524288,1,33554432,2097152
7521,174885,51,49,64,22693,0x7189126babc21873,AllReduce,0xaaab3fce5ac0,18430289792,18441479008,2,Other,0,1,0x7189126babc21873_allreduce_1,ring,simple,0,0,134217728,4,4,2,524288,1,134217728,2097152
7521,174885,51,49,64,22720,0x7189126babc21873,AllReduce,0xaaab3fce5ac0,18462980544,18485227840,5,Other,0,2,0x7189126babc21873_allreduce_2,ring,simple,0,0,268435456,4,4,2,524288,1,268435456,2097152
7521,174885,51,49,64,22738,0x7189126babc21873,AllReduce,0xaaab3fce5ac0,18492727232,18503901824,7,Other,0,3,0x7189126babc21873_allreduce_3,ring,simple,0,0,134217728,4,4,2,524288,1,134217728,2097152
7521,174885,51,49,64,22747,0x7189126babc21873,AllReduce,0xaaab3fce5ac0,18506513024,18509733696,8,Other,0,4,0x7189126babc21873_allreduce_4,ring,simple,0,0,33554432,4,4,2,524288,1,33554432,2097152
7521,174885,51,49,64,22756,0x7189126babc21873,AllReduce,0xaaab3fce5ac0,18512407616,18534658432,9,Other,0,5,0x7189126babc21873_allreduce_5,ring,simple,0,0,268435456,4,4,2,524288,1,268435456,2097152
7521,174885,51,49,64,22819,0x7189126babc21873,AllReduce,0xaaab3fce5ac0,18578246272,18589423872,16,Other,0,6,0x7189126babc21873_allreduce_6,ring,simple,0,0,134217728,4,4,2,524288,1,134217728,2097152
7521,174885,51,49,64,22828,0x7189126babc21873,AllReduce,0xaaab3fce5ac0,18592868736,18596076416,17,Other,0,7,0x7189126babc21873_allreduce_7,ring,simple,0,0,33554432,4,4,2,524288,1,33554432,2097152
7521,174885,51,49,64,22837,0x7189126babc21873,AllReduce,0xaaab3fce5ac0,18596647520,18602450240,18,Other,0,8,0x7189126babc21873_allreduce_8,ring,simple,0,0,67108864,4,4,2,524288,1,67108864,2097152
7527,218784,30,52,64,13452,0x7189126babc21873,AllGather,0xaaacdf670b80,19894106672,19897288176,1,Other,0,0,0x7189126babc21873_allgather_0,ring,simple,0,0,1048576,1,4,2,524288,1,1048576,2097152
7527,218784,30,52,64,13470,0x7189126babc21873,AllGather,0xaaacdf670b80,19915428048,19917258544,3,Other,0,1,0x7189126babc21873_allgather_1,ring,simple,0,0,524288,1,4,2,524288,1,524288,2097152
7527,218784,30,52,64,13479,0x7189126babc21873,AllGather,0xaaacdf670b80,19918327120,19929929776,4,Other,0,2,0x7189126babc21873_allgather_2,ring,simple,0,0,4194304,1,4,2,524288,1,4194304,2097152
7527,218784,30,52,64,13497,0x7189126babc21873,AllGather,0xaaacdf670b80,19957595024,19959470320,6,Other,0,3,0x7189126babc21873_allgather_3,ring,simple,0,0,524288,1,4,2,524288,1,524288,2097152
7527,218784,30,52,64,13533,0x7189126babc21873,AllGather,0xaaacdf670b80,20006765616,20008642064,10,Other,0,4,0x7189126babc21873_allgather_4,ring,simple,0,0,524288,1,4,2,524288,1,524288,2097152
7527,218784,30,52,64,13542,0x7189126babc21873,AllGather,0xaaacdf670b80,20009183472,20012361936,11,Other,0,5,0x7189126babc21873_allgather_5,ring,simple,0,0,1048576,1,4,2,524288,1,1048576,2097152
7527,218784,30,52,64,13551,0x7189126babc21873,AllGather,0xaaacdf670b80,20014062576,20025668240,12,Other,0,6,0x7189126babc21873_allgather_6,ring,simple,0,0,4194304,1,4,2,524288,1,4194304,2097152
7527,218784,30,52,64,13560,0x7189126babc21873,AllGather,0xaaacdf670b80,20027499504,20029338320,13,Other,0,7,0x7189126babc21873_allgather_7,ring,simple,0,0,524288,1,4,2,524288,1,524288,2097152
7527,218784,30,52,64,13569,0x7189126babc21873,AllGather,0xaaacdf670b80,20030531344,20032370480,14,Other,0,8,0x7189126babc21873_allgather_8,ring,simple,0,0,524288,1,4,2,524288,1,524288,2097152
7527,218784,30,52,64,13578,0x7189126babc21873,AllGather,0xaaacdf670b80,20036284464,20047917552,15,Other,0,9,0x7189126babc21873_allgather_9,ring,simple,0,0,4194304,1,4,2,524288,1,4194304,2097152
7527,218784,30,52,64,13614,0x7189126babc21873,AllGather,0xaaacdf670b80,20076864688,20078706544,19,Other,0,10,0x7189126babc21873_allgather_10,ring,simple,0,0,524288,1,4,2,524288,1,524288,2097152
7527,218784,30,52,64,13443,0x7189126babc21873,AllReduce,0xaaacdf670b80,19889860560,19893226448,0,Other,0,0,0x7189126babc21873_allreduce_0,ring,simple,0,0,33554432,4,4,2,524288,1,33554432,2097152
7527,218784,30,52,64,13461,0x7189126babc21873,AllReduce,0xaaacdf670b80,19901111984,19912259888,2,Other,0,1,0x7189126babc21873_allreduce_1,ring,simple,0,0,134217728,4,4,2,524288,1,134217728,2097152
7527,218784,30,52,64,13488,0x7189126babc21873,AllReduce,0xaaacdf670b80,19933781680,19956009040,5,Other,0,2,0x7189126babc21873_allreduce_2,ring,simple,0,0,268435456,4,4,2,524288,1,268435456,2097152
7527,218784,30,52,64,13506,0x7189126babc21873,AllReduce,0xaaacdf670b80,19963526576,19974697904,7,Other,0,3,0x7189126babc21873_allreduce_3,ring,simple,0,0,134217728,4,4,2,524288,1,134217728,2097152
7527,218784,30,52,64,13515,0x7189126babc21873,AllReduce,0xaaacdf670b80,19977335920,19980510640,8,Other,0,4,0x7189126babc21873_allreduce_4,ring,simple,0,0,33554432,4,4,2,524288,1,33554432,2097152
7527,218784,30,52,64,13524,0x7189126babc21873,AllReduce,0xaaacdf670b80,19983191152,20005431440,9,Other,0,5,0x7189126babc21873_allreduce_5,ring,simple,0,0,268435456,4,4,2,524288,1,268435456,2097152
7527,218784,30,52,64,13587,0x7189126babc21873,AllReduce,0xaaacdf670b80,20049039248,20060220432,16,Other,0,6,0x7189126babc21873_allreduce_6,ring,simple,0,0,134217728,4,4,2,524288,1,134217728,2097152
7527,218784,30,52,64,13596,0x7189126babc21873,AllReduce,0xaaacdf670b80,20063675312,20066862128,17,Other,0,7,0x7189126babc21873_allreduce_7,ring,simple,0,0,33554432,4,4,2,524288,1,33554432,2097152
7527,218784,30,52,64,13605,0x7189126babc21873,AllReduce,0xaaacdf670b80,20067448560,20073248464,18,Other,0,8,0x7189126babc21873_allreduce_8,ring,simple,0,0,67108864,4,4,2,524288,1,67108864,2097152
7527,218803,15,55,64,6857,0x7189126babc21873,AllGather,0xaaaae330e4e0,19898016898,19901141890,1,Other,0,0,0x7189126babc21873_allgather_0,ring,simple,0,0,1048576,1,4,2,524288,1,1048576,2097152
7527,218803,15,55,64,6875,0x7189126babc21873,AllGather,0xaaaae330e4e0,19919347842,19921142146,3,Other,0,1,0x7189126babc21873_allgather_1,ring,simple,0,0,524288,1,4,2,524288,1,524288,2097152
7527,218803,15,55,64,6884,0x7189126babc21873,AllGather,0xaaaae330e4e0,19922249442,19933803074,4,Other,0,2,0x7189126babc21873_allgather_2,ring,simple,0,0,4194304,1,4,2,524288,1,4194304,2097152
7527,218803,15,55,64,6902,0x7189126babc21873,AllGather,0xaaaae330e4e0,19961530850,19963350146,6,Other,0,3,0x7189126babc21873_allgather_3,ring,simple,0,0,524288,1,4,2,524288,1,524288,2097152
7527,218803,15,55,64,6938,0x7189126babc21873,AllGather,0xaaaae330e4e0,20010680546,20012519650,10,Other,0,4,0x7189126babc21873_allgather_4,ring,simple,0,0,524288,1,4,2,524288,1,524288,2097152
7527,218803,15,55,64,6947,0x7189126babc21873,AllGather,0xaaaae330e4e0,20013112130,20016229474,11,Other,0,5,0x7189126babc21873_allgather_5,ring,simple,0,0,1048576,1,4,2,524288,1,1048576,2097152
7527,218803,15,55,64,6956,0x7189126babc21873,AllGather,0xaaaae330e4e0,20017983138,20029536674,12,Other,0,6,0x7189126babc21873_allgather_6,ring,simple,0,0,4194304,1,4,2,524288,1,4194304,2097152
7527,218803,15,55,64,6965,0x7189126babc21873,AllGather,0xaaaae330e4e0,20031423234,20033237346,13,Other,0,7,0x7189126babc21873_allgather_7,ring,simple,0,0,524288,1,4,2,524288,1,524288,2097152
7527,218803,15,55,64,6974,0x7189126babc21873,AllGather,0xaaaae330e4e0,20034466690,20036258114,14,Other,0,8,0x7189126babc21873_allgather_8,ring,simple,0,0,524288,1,4,2,524288,1,524288,2097152
7527,218803,15,55,64,6983,0x7189126babc21873,AllGather,0xaaaae330e4e0,20040211394,20051782498,15,Other,0,9,0x7189126babc21873_allgather_9,ring,simple,0,0,4194304,1,4,2,524288,1,4194304,2097152
7527,218803,15,55,64,7019,0x7189126babc21873,AllGather,0xaaaae330e4e0,20080794818,20082591362,19,Other,0,10,0x7189126babc21873_allgather_10,ring,simple,0,0,524288,1,4,2,524288,1,524288,2097152
7527,218803,15,55,64,6848,0x7189126babc21873,AllReduce,0xaaaae330e4e0,19893780130,19897114786,0,Other,0,0,0x7189126babc21873_allreduce_0,ring,simple,0,0,33554432,4,4,2,524288,1,33554432,2097152
7527,218803,15,55,64,6866,0x7189126babc21873,AllReduce,0xaaaae330e4e0,19905031842,19916082306,2,Other,0,1,0x7189126babc21873_allreduce_1,ring,simple,0,0,134217728,4,4,2,524288,1,134217728,2097152
7527,218803,15,55,64,6893,0x7189126babc21873,AllReduce,0xaaaae330e4e0,19937707362,19959870338,5,Other,0,2,0x7189126babc21873_allreduce_2,ring,simple,0,0,268435456,4,4,2,524288,1,268435456,2097152
7527,218803,15,55,64,6911,0x7189126babc21873,AllReduce,0xaaaae330e4e0,19967463138,19978509314,7,Other,0,3,0x7189126babc21873_allreduce_3,ring,simple,0,0,134217728,4,4,2,524288,1,134217728,2097152
7527,218803,15,55,64,6920,0x7189126babc21873,AllReduce,0xaaaae330e4e0,19981258978,19984434178,8,Other,0,4,0x7189126babc21873_allreduce_4,ring,simple,0,0,33554432,4,4,2,524288,1,33554432,2097152
7527,218803,15,55,64,6929,0x7189126babc21873,AllReduce,0xaaaae330e4e0,19987133186,20009282530,9,Other,0,5,0x7189126babc21873_allreduce_5,ring,simple,0,0,268435456,4,4,2,524288,1,268435456,2097152
7527,218803,15,55,64,6992,0x7189126babc21873,AllReduce,0xaaaae330e4e0,20052976226,20064026786,16,Other,0,6,0x7189126babc21873_allreduce_6,ring,simple,0,0,134217728,4,4,2,524288,1,134217728,2097152
7527,218803,15,55,64,7001,0x7189126babc21873,AllReduce,0xaaaae330e4e0,20067595426,20070778242,17,Other,0,7,0x7189126babc21873_allreduce_7,ring,simple,0,0,33554432,4,4,2,524288,1,33554432,2097152
7527,218803,15,55,64,7010,0x7189126babc21873,AllReduce,0xaaaae330e4e0,20071381218,20077126306,18,Other,0,8,0x7189126babc21873_allreduce_8,ring,simple,0,0,67108864,4,4,2,524288,1,67108864,2097152
7527,218841,29,54,64,13012,0x7189126babc21873,AllGather,0xaaae4d9f5950,19105002964,19108165428,1,Other,0,0,0x7189126babc21873_allgather_0,ring,simple,0,0,1048576,1,4,2,524288,1,1048576,2097152
7527,218841,29,54,64,13030,0x7189126babc21873,AllGather,0xaaae4d9f5950,19126296340,19128153908,3,Other,0,1,0x7189126babc21873_allgather_1,ring,simple,0,0,524288,1,4,2,524288,1,524288,2097152
7527,218841,29,54,64,13039,0x7189126babc21873,AllGather,0xaaae4d9f5950,19129233460,19140775892,4,Other,0,2,0x7189126babc21873_allgather_2,ring,simple,0,0,4194304,1,4,2,524288,1,4194304,2097152
7527,218841,29,54,64,13057,0x7189126babc21873,AllGather,0xaaae4d9f5950,19168493619,19170363411,6,Other,0,3,0x7189126babc21873_allgather_3,ring,simple,0,0,524288,1,4,2,524288,1,524288,2097152
7527,218841,29,54,64,13093,0x7189126babc21873,AllGather,0xaaae4d9f5950,19217669139,19219535059,10,Other,0,4,0x7189126babc21873_allgather_4,ring,simple,0,0,524288,1,4,2,524288,1,524288,2097152
7527,218841,29,54,64,13102,0x7189126babc21873,AllGather,0xaaae4d9f5950,19220098771,19223241203,11,Other,0,5,0x7189126babc21873_allgather_5,ring,simple,0,0,1048576,1,4,2,524288,1,1048576,2097152
7527,218841,29,54,64,13111,0x7189126babc21873,AllGather,0xaaae4d9f5950,19224970515,19236516018,12,Other,0,6,0x7189126babc21873_allgather_6,ring,simple,0,0,4194304,1,4,2,524288,1,4194304,2097152
7527,218841,29,54,64,13120,0x7189126babc21873,AllGather,0xaaae4d9f5950,19238411890,19240232594,13,Other,0,7,0x7189126babc21873_allgather_7,ring,simple,0,0,524288,1,4,2,524288,1,524288,2097152
7527,218841,29,54,64,13129,0x7189126babc21873,AllGather,0xaaae4d9f5950,19241447410,19243264050,14,Other,0,8,0x7189126babc21873_allgather_8,ring,simple,0,0,524288,1,4,2,524288,1,524288,2097152
7527,218841,29,54,64,13138,0x7189126babc21873,AllGather,0xaaae4d9f5950,19247195410,19258764370,15,Other,0,9,0x7189126babc21873_allgather_9,ring,simple,0,0,4194304,1,4,2,524288,1,4194304,2097152
7527,218841,29,54,64,13174,0x7189126babc21873,AllGather,0xaaae4d9f5950,19287776594,19289601138,19,Other,0,10,0x7189126babc21873_allgather_10,ring,simple,0,0,524288,1,4,2,524288,1,524288,2097152
7527,218841,29,54,64,13003,0x7189126babc21873,AllReduce,0xaaae4d9f5950,19100742837,19104118836,0,Other,0,0,0x7189126babc21873_allreduce_0,ring,simple,0,0,33554432,4,4,2,524288,1,33554432,2097152
7527,218841,29,54,64,13021,0x7189126babc21873,AllReduce,0xaaae4d9f5950,19112012660,19123108884,2,Other,0,1,0x7189126babc21873_allreduce_1,ring,simple,0,0,134217728,4,4,2,524288,1,134217728,2097152
7527,218841,29,54,64,13048,0x7189126babc21873,AllReduce,0xaaae4d9f5950,19144675732,19166858611,5,Other,0,2,0x7189126babc21873_allreduce_2,ring,simple,0,0,268435456,4,4,2,524288,1,268435456,2097152
7527,218841,29,54,64,13066,0x7189126babc21873,AllReduce,0xaaae4d9f5950,19174433715,19185546995,7,Other,0,3,0x7189126babc21873_allreduce_3,ring,simple,0,0,134217728,4,4,2,524288,1,134217728,2097152
7527,218841,29,54,64,13075,0x7189126babc21873,AllReduce,0xaaae4d9f5950,19188228819,19191419123,8,Other,0,4,0x7189126babc21873_allreduce_4,ring,simple,0,0,33554432,4,4,2,524288,1,33554432,2097152
7527,218841,29,54,64,13084,0x7189126babc21873,AllReduce,0xaaae4d9f5950,19194103667,19216280659,9,Other,0,5,0x7189126babc21873_allreduce_5,ring,simple,0,0,268435456,4,4,2,524288,1,268435456,2097152
7527,218841,29,54,64,13147,0x7189126babc21873,AllReduce,0xaaae4d9f5950,19259946930,19271069330,16,Other,0,6,0x7189126babc21873_allreduce_6,ring,simple,0,0,134217728,4,4,2,524288,1,134217728,2097152
7527,218841,29,54,64,13156,0x7189126babc21873,AllReduce,0xaaae4d9f5950,19274582930,19277762578,17,Other,0,7,0x7189126babc21873_allreduce_7,ring,simple,0,0,33554432,4,4,2,524288,1,33554432,2097152
7527,218841,29,54,64,13165,0x7189126babc21873,AllReduce,0xaaae4d9f5950,19278364946,19284129074,18,Other,0,8,0x7189126babc21873_allreduce_8,ring,simple,0,0,67108864,4,4,2,524288,1,67108864,2097152
7527,218845,53,53,64,23562,0x7189126babc21873,AllGather,0xaaab94606850,19093201463,19096394935,1,Other,0,0,0x7189126babc21873_allgather_0,ring,simple,0,0,1048576,1,4,2,524288,1,1048576,2097152
7527,218845,53,53,64,23580,0x7189126babc21873,AllGather,0xaaab94606850,19114508087,19116372407,3,Other,0,1,0x7189126babc21873_allgather_1,ring,simple,0,0,524288,1,4,2,524288,1,524288,2097152
7527,218845,53,53,64,23589,0x7189126babc21873,AllGather,0xaaab94606850,19117435191,19129026679,4,Other,0,2,0x7189126babc21873_allgather_2,ring,simple,0,0,4194304,1,4,2,524288,1,4194304,2097152
7527,218845,53,53,64,23607,0x7189126babc21873,AllGather,0xaaab94606850,19156692632,19158582552,6,Other,0,3,0x7189126babc21873_allgather_3,ring,simple,0,0,524288,1,4,2,524288,1,524288,2097152
7527,218845,53,53,64,23643,0x7189126babc21873,AllGather,0xaaab94606850,19205867512,19207753624,10,Other,0,4,0x7189126babc21873_allgather_4,ring,simple,0,0,524288,1,4,2,524288,1,524288,2097152
7527,218845,53,53,64,23652,0x7189126babc21873,AllGather,0xaaab94606850,19208300824,19211469816,11,Other,0,5,0x7189126babc21873_allgather_5,ring,simple,0,0,1048576,1,4,2,524288,1,1048576,2097152
7527,218845,53,53,64,23661,0x7189126babc21873,AllGather,0xaaab94606850,19213172248,19224765112,12,Other,0,6,0x7189126babc21873_allgather_6,ring,simple,0,0,4194304,1,4,2,524288,1,4194304,2097152
7527,218845,53,53,64,23670,0x7189126babc21873,AllGather,0xaaab94606850,19226611480,19228451128,13,Other,0,7,0x7189126babc21873_allgather_7,ring,simple,0,0,524288,1,4,2,524288,1,524288,2097152
7527,218845,53,53,64,23679,0x7189126babc21873,AllGather,0xaaab94606850,19229645784,19231483512,14,Other,0,8,0x7189126babc21873_allgather_8,ring,simple,0,0,524288,1,4,2,524288,1,524288,2097152
7527,218845,53,53,64,23688,0x7189126babc21873,AllGather,0xaaab94606850,19235393976,19247014136,15,Other,0,9,0x7189126babc21873_allgather_9,ring,simple,0,0,4194304,1,4,2,524288,1,4194304,2097152
7527,218845,53,53,64,23724,0x7189126babc21873,AllGather,0xaaab94606850,19275977656,19277819640,19,Other,0,10,0x7189126babc21873_allgather_10,ring,simple,0,0,524288,1,4,2,524288,1,524288,2097152
7527,218845,53,53,64,23553,0x7189126babc21873,AllReduce,0xaaab94606850,19088938903,19092336215,0,Other,0,0,0x7189126babc21873_allreduce_0,ring,simple,0,0,33554432,4,4,2,524288,1,33554432,2097152
7527,218845,53,53,64,23571,0x7189126babc21873,AllReduce,0xaaab94606850,19100213207,19111357271,2,Other,0,1,0x7189126babc21873_allreduce_1,ring,simple,0,0,134217728,4,4,2,524288,1,134217728,2097152
7527,218845,53,53,64,23598,0x7189126babc21873,AllReduce,0xaaab94606850,19132869079,19155107800,5,Other,0,2,0x7189126babc21873_allreduce_2,ring,simple,0,0,268435456,4,4,2,524288,1,268435456,2097152
7527,218845,53,53,64,23616,0x7189126babc21873,AllReduce,0xaaab94606850,19162629720,19173795384,7,Other,0,3,0x7189126babc21873_allreduce_3,ring,simple,0,0,134217728,4,4,2,524288,1,134217728,2097152
7527,218845,53,53,64,23625,0x7189126babc21873,AllReduce,0xaaab94606850,19176428984,19179624184,8,Other,0,4,0x7189126babc21873_allreduce_4,ring,simple,0,0,33554432,4,4,2,524288,1,33554432,2097152
7527,218845,53,53,64,23634,0x7189126babc21873,AllReduce,0xaaab94606850,19182297144,19204530296,9,Other,0,5,0x7189126babc21873_allreduce_5,ring,simple,0,0,268435456,4,4,2,524288,1,268435456,2097152
7527,218845,53,53,64,23697,0x7189126babc21873,AllReduce,0xaaab94606850,19248148728,19259317496,16,Other,0,6,0x7189126babc21873_allreduce_6,ring,simple,0,0,134217728,4,4,2,524288,1,134217728,2097152
7527,218845,53,53,64,23706,0x7189126babc21873,AllReduce,0xaaab94606850,19262781368,19265976504,17,Other,0,7,0x7189126babc21873_allreduce_7,ring,simple,0,0,33554432,4,4,2,524288,1,33554432,2097152
7527,218845,53,53,64,23715,0x7189126babc21873,AllReduce,0xaaab94606850,19266560344,19272356664,18,Other,0,8,0x7189126babc21873_allreduce_8,ring,simple,0,0,67108864,4,4,2,524288,1,67108864,2097152
7531,237974,24,58,64,10814,0x7189126babc21873,AllGather,0xaaae030d3e80,19532964528,19536209936,1,Other,0,0,0x7189126babc21873_allgather_0,ring,simple,0,0,1048576,1,4,2,524288,1,1048576,2097152
7531,237974,24,58,64,10832,0x7189126babc21873,AllGather,0xaaae030d3e80,19554287536,19556183344,3,Other,0,1,0x7189126babc21873_allgather_1,ring,simple,0,0,524288,1,4,2,524288,1,524288,2097152
7531,237974,24,58,64,10841,0x7189126babc21873,AllGather,0xaaae030d3e80,19557174160,19568925232,4,Other,0,2,0x7189126babc21873_allgather_2,ring,simple,0,0,4194304,1,4,2,524288,1,4194304,2097152
7531,237974,24,58,64,10859,0x7189126babc21873,AllGather,0xaaae030d3e80,19596419823,19598378895,6,Other,0,3,0x7189126babc21873_allgather_3,ring,simple,0,0,524288,1,4,2,524288,1,524288,2097152
7531,237974,24,58,64,10895,0x7189126babc21873,AllGather,0xaaae030d3e80,19645610191,19647520462,10,Other,0,4,0x7189126babc21873_allgather_4,ring,simple,0,0,524288,1,4,2,524288,1,524288,2097152
7531,237974,24,58,64,10904,0x7189126babc21873,AllGather,0xaaae030d3e80,19648016398,19651298606,11,Other,0,5,0x7189126babc21873_allgather_5,ring,simple,0,0,1048576,1,4,2,524288,1,1048576,2097152
7531,237974,24,58,64,10913,0x7189126babc21873,AllGather,0xaaae030d3e80,19652888750,19664657262,12,Other,0,6,0x7189126babc21873_allgather_6,ring,simple,0,0,4194304,1,4,2,524288,1,4194304,2097152
7531,237974,24,58,64,10922,0x7189126babc21873,AllGather,0xaaae030d3e80,19666333774,19668279118,13,Other,0,7,0x7189126babc21873_allgather_7,ring,simple,0,0,524288,1,4,2,524288,1,524288,2097152
7531,237974,24,58,64,10931,0x7189126babc21873,AllGather,0xaaae030d3e80,19669368334,19671299758,14,Other,0,8,0x7189126babc21873_allgather_8,ring,simple,0,0,524288,1,4,2,524288,1,524288,2097152
7531,237974,24,58,64,10940,0x7189126babc21873,AllGather,0xaaae030d3e80,19675132142,19686903374,15,Other,0,9,0x7189126babc21873_allgather_9,ring,simple,0,0,4194304,1,4,2,524288,1,4194304,2097152
7531,237974,24,58,64,10976,0x7189126babc21873,AllGather,0xaaae030d3e80,19715708269,19717630861,19,Other,0,10,0x7189126babc21873_allgather_10,ring,simple,0,0,524288,1,4,2,524288,1,524288,2097152
7531,237974,24,58,64,10805,0x7189126babc21873,AllReduce,0xaaae030d3e80,19528902832,19532150416,0,Other,0,0,0x7189126babc21873_allreduce_0,ring,simple,0,0,33554432,4,4,2,524288,1,33554432,2097152
7531,237974,24,58,64,10823,0x7189126babc21873,AllReduce,0xaaae030d3e80,19540018096,19551194384,2,Other,0,1,0x7189126babc21873_allreduce_1,ring,simple,0,0,134217728,4,4,2,524288,1,134217728,2097152
7531,237974,24,58,64,10850,0x7189126babc21873,AllReduce,0xaaae030d3e80,19572676112,19594984367,5,Other,0,2,0x7189126babc21873_allreduce_2,ring,simple,0,0,268435456,4,4,2,524288,1,268435456,2097152
7531,237974,24,58,64,10868,0x7189126babc21873,AllReduce,0xaaae030d3e80,19602392175,19613625487,7,Other,0,3,0x7189126babc21873_allreduce_3,ring,simple,0,0,134217728,4,4,2,524288,1,134217728,2097152
7531,237974,24,58,64,10877,0x7189126babc21873,AllReduce,0xaaae030d3e80,19616172143,19619473199,8,Other,0,4,0x7189126babc21873_allreduce_4,ring,simple,0,0,33554432,4,4,2,524288,1,33554432,2097152
7531,237974,24,58,64,10886,0x7189126babc21873,AllReduce,0xaaae030d3e80,19622030255,19644395695,9,Other,0,5,0x7189126babc21873_allreduce_5,ring,simple,0,0,268435456,4,4,2,524288,1,268435456,2097152
7531,237974,24,58,64,10949,0x7189126babc21873,AllReduce,0xaaae030d3e80,19687899374,19699138446,16,Other,0,6,0x7189126babc21873_allreduce_6,ring,simple,0,0,134217728,4,4,2,524288,1,134217728,2097152
7531,237974,24,58,64,10958,0x7189126babc21873,AllReduce,0xaaae030d3e80,19702514958,19705813166,17,Other,0,7,0x7189126babc21873_allreduce_7,ring,simple,0,0,33554432,4,4,2,524288,1,33554432,2097152
7531,237974,24,58,64,10967,0x7189126babc21873,AllReduce,0xaaae030d3e80,19706299886,19712188941,18,Other,0,8,0x7189126babc21873_allreduce_8,ring,simple,0,0,67108864,4,4,2,524288,1,67108864,2097152
7531,238035,25,57,64,11253,0x7189126babc21873,AllGather,0xaaaec4d78bf0,18532432832,18535702112,1,Other,0,0,0x7189126babc21873_allgather_0,ring,simple,0,0,1048576,1,4,2,524288,1,1048576,2097152
7531,238035,25,57,64,11271,0x7189126babc21873,AllGather,0xaaaec4d78bf0,18553755136,18555665088,3,Other,0,1,0x7189126babc21873_allgather_1,ring,simple,0,0,524288,1,4,2,524288,1,524288,2097152
7531,238035,25,57,64,11280,0x7189126babc21873,AllGather,0xaaaec4d78bf0,18556641856,18568438912,4,Other,0,2,0x7189126babc21873_allgather_2,ring,simple,0,0,4194304,1,4,2,524288,1,4194304,2097152
7531,238035,25,57,64,11298,0x7189126babc21873,AllGather,0xaaaec4d78bf0,18595888736,18597849216,6,Other,0,3,0x7189126babc21873_allgather_3,ring,simple,0,0,524288,1,4,2,524288,1,524288,2097152
7531,238035,25,57,64,11334,0x7189126babc21873,AllGather,0xaaaec4d78bf0,18645071968,18647000640,10,Other,0,4,0x7189126babc21873_allgather_4,ring,simple,0,0,524288,1,4,2,524288,1,524288,2097152
7531,238035,25,57,64,11343,0x7189126babc21873,AllGather,0xaaaec4d78bf0,18647485760,18650791136,11,Other,0,5,0x7189126babc21873_allgather_5,ring,simple,0,0,1048576,1,4,2,524288,1,1048576,2097152
7531,238035,25,57,64,11352,0x7189126babc21873,AllGather,0xaaaec4d78bf0,18652357344,18664170432,12,Other,0,6,0x7189126babc21873_allgather_6,ring,simple,0,0,4194304,1,4,2,524288,1,4194304,2097152
7531,238035,25,57,64,11361,0x7189126babc21873,AllGather,0xaaaec4d78bf0,18665805952,18667760896,13,Other,0,7,0x7189126babc21873_allgather_7,ring,simple,0,0,524288,1,4,2,524288,1,524288,2097152
7531,238035,25,57,64,11370,0x7189126babc21873,AllGather,0xaaaec4d78bf0,18668838688,18670780672,14,Other,0,8,0x7189126babc21873_allgather_8,ring,simple,0,0,524288,1,4,2,524288,1,524288,2097152
7531,238035,25,57,64,11379,0x7189126babc21873,AllGather,0xaaaec4d78bf0,18674603680,18686416768,15,Other,0,9,0x7189126babc21873_allgather_9,ring,simple,0,0,4194304,1,4,2,524288,1,4194304,2097152
7531,238035,25,57,64,11415,0x7189126babc21873,AllGather,0xaaaec4d78bf0,18715172960,18717111680,19,Other,0,10,0x7189126babc21873_allgather_10,ring,simple,0,0,524288,1,4,2,524288,1,524288,2097152
7531,238035,25,57,64,11244,0x7189126babc21873,AllReduce,0xaaaec4d78bf0,18528335776,18531630464,0,Other,0,0,0x7189126babc21873_allreduce_0,ring,simple,0,0,33554432,4,4,2,524288,1,33554432,2097152
7531,238035,25,57,64,11262,0x7189126babc21873,AllReduce,0xaaaec4d78bf0,18539486560,18550706368,2,Other,0,1,0x7189126babc21873_allreduce_1,ring,simple,0,0,134217728,4,4,2,524288,1,134217728,2097152
7531,238035,25,57,64,11289,0x7189126babc21873,AllReduce,0xaaaec4d78bf0,18572150592,18594496640,5,Other,0,2,0x7189126babc21873_allreduce_2,ring,simple,0,0,268435456,4,4,2,524288,1,268435456,2097152
7531,238035,25,57,64,11307,0x7189126babc21873,AllReduce,0xaaaec4d78bf0,18601857760,18613137184,7,Other,0,3,0x7189126babc21873_allreduce_3,ring,simple,0,0,134217728,4,4,2,524288,1,134217728,2097152
7531,238035,25,57,64,11316,0x7189126babc21873,AllReduce,0xaaaec4d78bf0,18615637184,18618953024,8,Other,0,4,0x7189126babc21873_allreduce_4,ring,simple,0,0,33554432,4,4,2,524288,1,33554432,2097152
7531,238035,25,57,64,11325,0x7189126babc21873,AllReduce,0xaaaec4d78bf0,18621500544,18643907392,9,Other,0,5,0x7189126babc21873_allreduce_5,ring,simple,0,0,268435456,4,4,2,524288,1,268435456,2097152
7531,238035,25,57,64,11388,0x7189126babc21873,AllReduce,0xaaaec4d78bf0,18687365600,18698650368,16,Other,0,6,0x7189126babc21873_allreduce_6,ring,simple,0,0,134217728,4,4,2,524288,1,134217728,2097152
7531,238035,25,57,64,11397,0x7189126babc21873,AllReduce,0xaaaec4d78bf0,18701982464,18705293120,17,Other,0,7,0x7189126babc21873_allreduce_7,ring,simple,0,0,33554432,4,4,2,524288,1,33554432,2097152
7531,238035,25,57,64,11406,0x7189126babc21873,AllReduce,0xaaaec4d78bf0,18705764544,18711680256,18,Other,0,8,0x7189126babc21873_allreduce_8,ring,simple,0,0,67108864,4,4,2,524288,1,67108864,2097152
7531,238037,47,59,64,20926,0x7189126babc21873,AllGather,0xaaabd8bb5e80,18496781472,18499997120,1,Other,0,0,0x7189126babc21873_allgather_0,ring,simple,0,0,1048576,1,4,2,524288,1,1048576,2097152
7531,238037,47,59,64,20944,0x7189126babc21873,AllGather,0xaaabd8bb5e80,18518101120,18519980288,3,Other,0,1,0x7189126babc21873_allgather_1,ring,simple,0,0,524288,1,4,2,524288,1,524288,2097152
7531,238037,47,59,64,20953,0x7189126babc21873,AllGather,0xaaabd8bb5e80,18520991168,18532690880,4,Other,0,2,0x7189126babc21873_allgather_2,ring,simple,0,0,4194304,1,4,2,524288,1,4194304,2097152
7531,238037,47,59,64,20971,0x7189126babc21873,AllGather,0xaaabd8bb5e80,18560242720,18562211360,6,Other,0,3,0x7189126babc21873_allgather_3,ring,simple,0,0,524288,1,4,2,524288,1,524288,2097152
7531,238037,47,59,64,21007,0x7189126babc21873,AllGather,0xaaabd8bb5e80,18609426048,18611317632,10,Other,0,4,0x7189126babc21873_allgather_4,ring,simple,0,0,524288,1,4,2,524288,1,524288,2097152
7531,238037,47,59,64,21016,0x7189126babc21873,AllGather,0xaaabd8bb5e80,18611835040,18615085920,11,Other,0,5,0x7189126babc21873_allgather_5,ring,simple,0,0,1048576,1,4,2,524288,1,1048576,2097152
7531,238037,47,59,64,21025,0x7189126babc21873,AllGather,0xaaabd8bb5e80,18616707968,18628422848,12,Other,0,6,0x7189126babc21873_allgather_6,ring,simple,0,0,4194304,1,4,2,524288,1,4194304,2097152
7531,238037,47,59,64,21034,0x7189126babc21873,AllGather,0xaaabd8bb5e80,18630156384,18632077344,13,Other,0,7,0x7189126babc21873_allgather_7,ring,simple,0,0,524288,1,4,2,524288,1,524288,2097152
7531,238037,47,59,64,21043,0x7189126babc21873,AllGather,0xaaabd8bb5e80,18633185952,18635117024,14,Other,0,8,0x7189126babc21873_allgather_8,ring,simple,0,0,524288,1,4,2,524288,1,524288,2097152
7531,238037,47,59,64,21052,0x7189126babc21873,AllGather,0xaaabd8bb5e80,18638956896,18650670080,15,Other,0,9,0x7189126babc21873_allgather_9,ring,simple,0,0,4194304,1,4,2,524288,1,4194304,2097152
7531,238037,47,59,64,21088,0x7189126babc21873,AllGather,0xaaabd8bb5e80,18679520672,18681449536,19,Other,0,10,0x7189126babc21873_allgather_10,ring,simple,0,0,524288,1,4,2,524288,1,524288,2097152
7531,238037,47,59,64,20917,0x7189126babc21873,AllReduce,0xaaabd8bb5e80,18492706688,18495949504,0,Other,0,0,0x7189126babc21873_allreduce_0,ring,simple,0,0,33554432,4,4,2,524288,1,33554432,2097152
7531,238037,47,59,64,20935,0x7189126babc21873,AllReduce,0xaaabd8bb5e80,18503832608,18514962016,2,Other,0,1,0x7189126babc21873_allreduce_1,ring,simple,0,0,134217728,4,4,2,524288,1,134217728,2097152
7531,238037,47,59,64,20962,0x7189126babc21873,AllReduce,0xaaabd8bb5e80,18536504384,18558750048,5,Other,0,2,0x7189126babc21873_allreduce_2,ring,simple,0,0,268435456,4,4,2,524288,1,268435456,2097152
7531,238037,47,59,64,20980,0x7189126babc21873,AllReduce,0xaaabd8bb5e80,18566208128,18577393632,7,Other,0,3,0x7189126babc21873_allreduce_3,ring,simple,0,0,134217728,4,4,2,524288,1,134217728,2097152
7531,238037,47,59,64,20989,0x7189126babc21873,AllReduce,0xaaabd8bb5e80,18579991616,18583272256,8,Other,0,4,0x7189126babc21873_allreduce_4,ring,simple,0,0,33554432,4,4,2,524288,1,33554432,2097152
7531,238037,47,59,64,20998,0x7189126babc21873,AllReduce,0xaaabd8bb5e80,18585853760,18608162400,9,Other,0,5,0x7189126babc21873_allreduce_5,ring,simple,0,0,268435456,4,4,2,524288,1,268435456,2097152
7531,238037,47,59,64,21061,0x7189126babc21873,AllReduce,0xaaabd8bb5e80,18651719168,18662905216,16,Other,0,6,0x7189126babc21873_allreduce_6,ring,simple,0,0,134217728,4,4,2,524288,1,134217728,2097152
7531,238037,47,59,64,21070,0x7189126babc21873,AllReduce,0xaaabd8bb5e80,18666337184,18669616032,17,Other,0,7,0x7189126babc21873_allreduce_7,ring,simple,0,0,33554432,4,4,2,524288,1,33554432,2097152
7531,238037,47,59,64,21079,0x7189126babc21873,AllReduce,0xaaabd8bb5e80,18670113184,18675985760,18,Other,0,8,0x7189126babc21873_allreduce_8,ring,simple,0,0,67108864,4,4,2,524288,1,67108864,2097152
7531,238039,28,56,64,12573,0x7189126babc21873,AllGather,0xaaad72923dc0,18892629723,18895907707,1,Other,0,0,0x7189126babc21873_allgather_0,ring,simple,0,0,1048576,1,4,2,524288,1,1048576,2097152
7531,238039,28,56,64,12591,0x7189126babc21873,AllGather,0xaaad72923dc0,18913953563,18915864379,3,Other,0,1,0x7189126babc21873_allgather_1,ring,simple,0,0,524288,1,4,2,524288,1,524288,2097152
7531,238039,28,56,64,12600,0x7189126babc21873,AllGather,0xaaad72923dc0,18916844730,18928655034,4,Other,0,2,0x7189126babc21873_allgather_2,ring,simple,0,0,4194304,1,4,2,524288,1,4194304,2097152
7531,238039,28,56,64,12618,0x7189126babc21873,AllGather,0xaaad72923dc0,18956085306,18958048506,6,Other,0,3,0x7189126babc21873_allgather_3,ring,simple,0,0,524288,1,4,2,524288,1,524288,2097152
7531,238039,28,56,64,12654,0x7189126babc21873,AllGather,0xaaad72923dc0,19005268824,19007199864,10,Other,0,4,0x7189126babc21873_allgather_4,ring,simple,0,0,524288,1,4,2,524288,1,524288,2097152
7531,238039,28,56,64,12663,0x7189126babc21873,AllGather,0xaaad72923dc0,19007681368,19010995640,11,Other,0,5,0x7189126babc21873_allgather_5,ring,simple,0,0,1048576,1,4,2,524288,1,1048576,2097152
7531,238039,28,56,64,12672,0x7189126babc21873,AllGather,0xaaad72923dc0,19012551256,19024385784,12,Other,0,6,0x7189126babc21873_allgather_6,ring,simple,0,0,4194304,1,4,2,524288,1,4194304,2097152
7531,238039,28,56,64,12681,0x7189126babc21873,AllGather,0xaaad72923dc0,19026002584,19027960216,13,Other,0,7,0x7189126babc21873_allgather_7,ring,simple,0,0,524288,1,4,2,524288,1,524288,2097152
7531,238039,28,56,64,12690,0x7189126babc21873,AllGather,0xaaad72923dc0,19029035096,19030978872,14,Other,0,8,0x7189126babc21873_allgather_8,ring,simple,0,0,524288,1,4,2,524288,1,524288,2097152
7531,238039,28,56,64,12699,0x7189126babc21873,AllGather,0xaaad72923dc0,19034799896,19046632695,15,Other,0,9,0x7189126babc21873_allgather_9,ring,simple,0,0,4194304,1,4,2,524288,1,4194304,2097152
7531,238039,28,56,64,12735,0x7189126babc21873,AllGather,0xaaad72923dc0,19075371767,19077310967,19,Other,0,10,0x7189126babc21873_allgather_10,ring,simple,0,0,524288,1,4,2,524288,1,524288,2097152
7531,238039,28,56,64,12564,0x7189126babc21873,AllReduce,0xaaad72923dc0,18888543707,18891829211,0,Other,0,0,0x7189126babc21873_allreduce_0,ring,simple,0,0,33554432,4,4,2,524288,1,33554432,2097152
7531,238039,28,56,64,12582,0x7189126babc21873,AllReduce,0xaaad72923dc0,18899690139,18910921883,2,Other,0,1,0x7189126babc21873_allreduce_1,ring,simple,0,0,134217728,4,4,2,524288,1,134217728,2097152
7531,238039,28,56,64,12609,0x7189126babc21873,AllReduce,0xaaad72923dc0,18932352666,18954710842,5,Other,0,2,0x7189126babc21873_allreduce_2,ring,simple,0,0,268435456,4,4,2,524288,1,268435456,2097152
7531,238039,28,56,64,12627,0x7189126babc21873,AllReduce,0xaaad72923dc0,18962057625,18973352345,7,Other,0,3,0x7189126babc21873_allreduce_3,ring,simple,0,0,134217728,4,4,2,524288,1,134217728,2097152
7531,238039,28,56,64,12636,0x7189126babc21873,AllReduce,0xaaad72923dc0,18975840569,18979151193,8,Other,0,4,0x7189126babc21873_allreduce_4,ring,simple,0,0,33554432,4,4,2,524288,1,33554432,2097152
7531,238039,28,56,64,12645,0x7189126babc21873,AllReduce,0xaaad72923dc0,18981697369,19004121848,9,Other,0,5,0x7189126babc21873_allreduce_5,ring,simple,0,0,268435456,4,4,2,524288,1,268435456,2097152
7531,238039,28,56,64,12708,0x7189126babc21873,AllReduce,0xaaad72923dc0,19047563031,19058865399,16,Other,0,6,0x7189126babc21873_allreduce_6,ring,simple,0,0,134217728,4,4,2,524288,1,134217728,2097152
7531,238039,28,56,64,12717,0x7189126babc21873,AllReduce,0xaaad72923dc0,19062180119,19065491415,17,Other,0,7,0x7189126babc21873_allreduce_7,ring,simple,0,0,33554432,4,4,2,524288,1,33554432,2097152
7531,238039,28,56,64,12726,0x7189126babc21873,AllReduce,0xaaad72923dc0,19065961047,19071883607,18,Other,0,8,0x7189126babc21873_allreduce_8,ring,simple,0,0,67108864,4,4,2,524288,1,67108864,2097152
7534,133726,33,63,64,14772,0x7189126babc21873,AllGather,0xaaac0a763b20,18789050228,18792257748,1,Other,0,0,0x7189126babc21873_allgather_0,ring,simple,0,0,1048576,1,4,2,524288,1,1048576,2097152
7534,133726,33,63,64,14790,0x7189126babc21873,AllGather,0xaaac0a763b20,18810381908,18812239924,3,Other,0,1,0x7189126babc21873_allgather_1,ring,simple,0,0,524288,1,4,2,524288,1,524288,2097152
7534,133726,33,63,64,14799,0x7189126babc21873,AllGather,0xaaac0a763b20,18813256340,18825093524,4,Other,0,2,0x7189126babc21873_allgather_2,ring,simple,0,0,4194304,1,4,2,524288,1,4194304,2097152
7534,133726,33,63,64,14817,0x7189126babc21873,AllGather,0xaaac0a763b20,18852695124,18854504276,6,Other,0,3,0x7189126babc21873_allgather_3,ring,simple,0,0,524288,1,4,2,524288,1,524288,2097152
7534,133726,33,63,64,14853,0x7189126babc21873,AllGather,0xaaac0a763b20,18901784597,18903652661,10,Other,0,4,0x7189126babc21873_allgather_4,ring,simple,0,0,524288,1,4,2,524288,1,524288,2097152
7534,133726,33,63,64,14862,0x7189126babc21873,AllGather,0xaaac0a763b20,18904190837,18907320821,11,Other,0,5,0x7189126babc21873_allgather_5,ring,simple,0,0,1048576,1,4,2,524288,1,1048576,2097152
7534,133726,33,63,64,14871,0x7189126babc21873,AllGather,0xaaac0a763b20,18909104437,18920678549,12,Other,0,6,0x7189126babc21873_allgather_6,ring,simple,0,0,4194304,1,4,2,524288,1,4194304,2097152
7534,133726,33,63,64,14880,0x7189126babc21873,AllGather,0xaaac0a763b20,18922526805,18924336373,13,Other,0,7,0x7189126babc21873_allgather_7,ring,simple,0,0,524288,1,4,2,524288,1,524288,2097152
7534,133726,33,63,64,14889,0x7189126babc21873,AllGather,0xaaac0a763b20,18925616661,18927415157,14,Other,0,8,0x7189126babc21873_allgather_8,ring,simple,0,0,524288,1,4,2,524288,1,524288,2097152
7534,133726,33,63,64,14898,0x7189126babc21873,AllGather,0xaaac0a763b20,18931360277,18942926837,15,Other,0,9,0x7189126babc21873_allgather_9,ring,simple,0,0,4194304,1,4,2,524288,1,4194304,2097152
7534,133726,33,63,64,14934,0x7189126babc21873,AllGather,0xaaac0a763b20,18971957429,18973752085,19,Other,0,10,0x7189126babc21873_allgather_10,ring,simple,0,0,524288,1,4,2,524288,1,524288,2097152
7534,133726,33,63,64,14763,0x7189126babc21873,AllReduce,0xaaac0a763b20,18784545396,18788212948,0,Other,0,0,0x7189126babc21873_allreduce_0,ring,simple,0,0,33554432,4,4,2,524288,1,33554432,2097152
7534,133726,33,63,64,14781,0x7189126babc21873,AllReduce,0xaaac0a763b20,18796116052,18807209204,2,Other,0,1,0x7189126babc21873_allreduce_1,ring,simple,0,0,134217728,4,4,2,524288,1,134217728,2097152
7534,133726,33,63,64,14808,0x7189126babc21873,AllReduce,0xaaac0a763b20,18828765012,18851007700,5,Other,0,2,0x7189126babc21873_allreduce_2,ring,simple,0,0,268435456,4,4,2,524288,1,268435456,2097152
7534,133726,33,63,64,14826,0x7189126babc21873,AllReduce,0xaaac0a763b20,18858610036,18869685876,7,Other,0,3,0x7189126babc21873_allreduce_3,ring,simple,0,0,134217728,4,4,2,524288,1,134217728,2097152
7534,133726,33,63,64,14835,0x7189126babc21873,AllReduce,0xaaac0a763b20,18872394964,18875555220,8,Other,0,4,0x7189126babc21873_allreduce_4,ring,simple,0,0,33554432,4,4,2,524288,1,33554432,2097152
7534,133726,33,63,64,14844,0x7189126babc21873,AllReduce,0xaaac0a763b20,18878288724,18900448213,9,Other,0,5,0x7189126babc21873_allreduce_5,ring,simple,0,0,268435456,4,4,2,524288,1,268435456,2097152
7534,133726,33,63,64,14907,0x7189126babc21873,AllReduce,0xaaac0a763b20,18944105557,18955178709,16,Other,0,6,0x7189126babc21873_allreduce_6,ring,simple,0,0,134217728,4,4,2,524288,1,134217728,2097152
7534,133726,33,63,64,14916,0x7189126babc21873,AllReduce,0xaaac0a763b20,18958752341,18961908949,17,Other,0,7,0x7189126babc21873_allreduce_7,ring,simple,0,0,33554432,4,4,2,524288,1,33554432,2097152
7534,133726,33,63,64,14925,0x7189126babc21873,AllReduce,0xaaac0a763b20,18962537749,18968294229,18,Other,0,8,0x7189126babc21873_allreduce_8,ring,simple,0,0,67108864,4,4,2,524288,1,67108864,2097152
7534,133728,37,60,64,16530,0x7189126babc21873,AllGather,0xaaabb36cf780,18787986400,18791231744,1,Other,0,0,0x7189126babc21873_allgather_0,ring,simple,0,0,1048576,1,4,2,524288,1,1048576,2097152
7534,133728,37,60,64,16548,0x7189126babc21873,AllGather,0xaaabb36cf780,18809321120,18811209728,3,Other,0,1,0x7189126babc21873_allgather_1,ring,simple,0,0,524288,1,4,2,524288,1,524288,2097152
7534,133728,37,60,64,16557,0x7189126babc21873,AllGather,0xaaabb36cf780,18812195392,18823933664,4,Other,0,2,0x7189126babc21873_allgather_2,ring,simple,0,0,4194304,1,4,2,524288,1,4194304,2097152
7534,133728,37,60,64,16575,0x7189126babc21873,AllGather,0xaaabb36cf780,18851634144,18853473600,6,Other,0,3,0x7189126babc21873_allgather_3,ring,simple,0,0,524288,1,4,2,524288,1,524288,2097152
7534,133728,37,60,64,16611,0x7189126babc21873,AllGather,0xaaabb36cf780,18900718656,18902559168,10,Other,0,4,0x7189126babc21873_allgather_4,ring,simple,0,0,524288,1,4,2,524288,1,524288,2097152
7534,133728,37,60,64,16620,0x7189126babc21873,AllGather,0xaaabb36cf780,18903124256,18906317984,11,Other,0,5,0x7189126babc21873_allgather_5,ring,simple,0,0,1048576,1,4,2,524288,1,1048576,2097152
7534,133728,37,60,64,16629,0x7189126babc21873,AllGather,0xaaabb36cf780,18908044064,18919727008,12,Other,0,6,0x7189126babc21873_allgather_6,ring,simple,0,0,4194304,1,4,2,524288,1,4194304,2097152
7534,133728,37,60,64,16638,0x7189126babc21873,AllGather,0xaaabb36cf780,18921464864,18923305024,13,Other,0,7,0x7189126babc21873_allgather_7,ring,simple,0,0,524288,1,4,2,524288,1,524288,2097152
7534,133728,37,60,64,16647,0x7189126babc21873,AllGather,0xaaabb36cf780,18924551712,18926380960,14,Other,0,8,0x7189126babc21873_allgather_8,ring,simple,0,0,524288,1,4,2,524288,1,524288,2097152
7534,133728,37,60,64,16656,0x7189126babc21873,AllGather,0xaaabb36cf780,18930291648,18941974912,15,Other,0,9,0x7189126babc21873_allgather_9,ring,simple,0,0,4194304,1,4,2,524288,1,4194304,2097152
7534,133728,37,60,64,16692,0x7189126babc21873,AllGather,0xaaabb36cf780,18970892352,18972710848,19,Other,0,10,0x7189126babc21873_allgather_10,ring,simple,0,0,524288,1,4,2,524288,1,524288,2097152
7534,133728,37,60,64,16521,0x7189126babc21873,AllReduce,0xaaabb36cf780,18783459776,18787179296,0,Other,0,0,0x7189126babc21873_allreduce_0,ring,simple,0,0,33554432,4,4,2,524288,1,33554432,2097152
7534,133728,37,60,64,16539,0x7189126babc21873,AllReduce,0xaaabb36cf780,18795050016,18806255712,2,Other,0,1,0x7189126babc21873_allreduce_1,ring,simple,0,0,134217728,4,4,2,524288,1,134217728,2097152
7534,133728,37,60,64,16566,0x7189126babc21873,AllReduce,0xaaabb36cf780,18827707584,18850053696,5,Other,0,2,0x7189126babc21873_allreduce_2,ring,simple,0,0,268435456,4,4,2,524288,1,268435456,2097152
7534,133728,37,60,64,16584,0x7189126babc21873,AllReduce,0xaaabb36cf780,18857548800,18868731744,7,Other,0,3,0x7189126babc21873_allreduce_3,ring,simple,0,0,134217728,4,4,2,524288,1,134217728,2097152
7534,133728,37,60,64,16593,0x7189126babc21873,AllReduce,0xaaabb36cf780,18871329632,18874502208,8,Other,0,4,0x7189126babc21873_allreduce_4,ring,simple,0,0,33554432,4,4,2,524288,1,33554432,2097152
7534,133728,37,60,64,16602,0x7189126babc21873,AllReduce,0xaaabb36cf780,18877227040,18899492224,9,Other,0,5,0x7189126babc21873_allreduce_5,ring,simple,0,0,268435456,4,4,2,524288,1,268435456,2097152
7534,133728,37,60,64,16665,0x7189126babc21873,AllReduce,0xaaabb36cf780,18943040768,18954224384,16,Other,0,6,0x7189126babc21873_allreduce_6,ring,simple,0,0,134217728,4,4,2,524288,1,134217728,2097152
7534,133728,37,60,64,16674,0x7189126babc21873,AllReduce,0xaaabb36cf780,18957687744,18960874176,17,Other,0,7,0x7189126babc21873_allreduce_7,ring,simple,0,0,33554432,4,4,2,524288,1,33554432,2097152
7534,133728,37,60,64,16683,0x7189126babc21873,AllReduce,0xaaabb36cf780,18961473984,18967286944,18,Other,0,8,0x7189126babc21873_allreduce_8,ring,simple,0,0,67108864,4,4,2,524288,1,67108864,2097152
7534,133749,40,61,64,17848,0x7189126babc21873,AllGather,0xaaacbecb4150,18722874517,18726109621,1,Other,0,0,0x7189126babc21873_allgather_0,ring,simple,0,0,1048576,1,4,2,524288,1,1048576,2097152
7534,133749,40,61,64,17866,0x7189126babc21873,AllGather,0xaaacbecb4150,18744207861,18746091541,3,Other,0,1,0x7189126babc21873_allgather_1,ring,simple,0,0,524288,1,4,2,524288,1,524288,2097152
7534,133749,40,61,64,17875,0x7189126babc21873,AllGather,0xaaacbecb4150,18747083477,18758819285,4,Other,0,2,0x7189126babc21873_allgather_2,ring,simple,0,0,4194304,1,4,2,524288,1,4194304,2097152
7534,133749,40,61,64,17893,0x7189126babc21873,AllGather,0xaaacbecb4150,18786520405,18788355605,6,Other,0,3,0x7189126babc21873_allgather_3,ring,simple,0,0,524288,1,4,2,524288,1,524288,2097152
7534,133749,40,61,64,17929,0x7189126babc21873,AllGather,0xaaacbecb4150,18835609046,18837442742,10,Other,0,4,0x7189126babc21873_allgather_4,ring,simple,0,0,524288,1,4,2,524288,1,524288,2097152
7534,133749,40,61,64,17938,0x7189126babc21873,AllGather,0xaaacbecb4150,18838013334,18841194870,11,Other,0,5,0x7189126babc21873_allgather_5,ring,simple,0,0,1048576,1,4,2,524288,1,1048576,2097152
7534,133749,40,61,64,17947,0x7189126babc21873,AllGather,0xaaacbecb4150,18842928566,18854593302,12,Other,0,6,0x7189126babc21873_allgather_6,ring,simple,0,0,4194304,1,4,2,524288,1,4194304,2097152
7534,133749,40,61,64,17956,0x7189126babc21873,AllGather,0xaaacbecb4150,18856348758,18858188022,13,Other,0,7,0x7189126babc21873_allgather_7,ring,simple,0,0,524288,1,4,2,524288,1,524288,2097152
7534,133749,40,61,64,17965,0x7189126babc21873,AllGather,0xaaacbecb4150,18859440758,18861264438,14,Other,0,8,0x7189126babc21873_allgather_8,ring,simple,0,0,524288,1,4,2,524288,1,524288,2097152
7534,133749,40,61,64,17974,0x7189126babc21873,AllGather,0xaaacbecb4150,18865182294,18876841846,15,Other,0,9,0x7189126babc21873_allgather_9,ring,simple,0,0,4194304,1,4,2,524288,1,4194304,2097152
7534,133749,40,61,64,18010,0x7189126babc21873,AllGather,0xaaacbecb4150,18905781334,18907593239,19,Other,0,10,0x7189126babc21873_allgather_10,ring,simple,0,0,524288,1,4,2,524288,1,524288,2097152
7534,133749,40,61,64,17839,0x7189126babc21873,AllReduce,0xaaacbecb4150,18718339285,18722062997,0,Other,0,0,0x7189126babc21873_allreduce_0,ring,simple,0,0,33554432,4,4,2,524288,1,33554432,2097152
7534,133749,40,61,64,17857,0x7189126babc21873,AllReduce,0xaaacbecb4150,18729935221,18741122421,2,Other,0,1,0x7189126babc21873_allreduce_1,ring,simple,0,0,134217728,4,4,2,524288,1,134217728,2097152
7534,133749,40,61,64,17884,0x7189126babc21873,AllReduce,0xaaacbecb4150,18762587477,18784921749,5,Other,0,2,0x7189126babc21873_allreduce_2,ring,simple,0,0,268435456,4,4,2,524288,1,268435456,2097152
7534,133749,40,61,64,17902,0x7189126babc21873,AllReduce,0xaaacbecb4150,18792436309,18803598837,7,Other,0,3,0x7189126babc21873_allreduce_3,ring,simple,0,0,134217728,4,4,2,524288,1,134217728,2097152
7534,133749,40,61,64,17911,0x7189126babc21873,AllReduce,0xaaacbecb4150,18806214454,18809385526,8,Other,0,4,0x7189126babc21873_allreduce_4,ring,simple,0,0,33554432,4,4,2,524288,1,33554432,2097152
7534,133749,40,61,64,17920,0x7189126babc21873,AllReduce,0xaaacbecb4150,18812112630,18834360310,9,Other,0,5,0x7189126babc21873_allreduce_5,ring,simple,0,0,268435456,4,4,2,524288,1,268435456,2097152
7534,133749,40,61,64,17983,0x7189126babc21873,AllReduce,0xaaacbecb4150,18877931670,18889090934,16,Other,0,6,0x7189126babc21873_allreduce_6,ring,simple,0,0,134217728,4,4,2,524288,1,134217728,2097152
7534,133749,40,61,64,17992,0x7189126babc21873,AllReduce,0xaaacbecb4150,18892579254,18895757686,17,Other,0,7,0x7189126babc21873_allreduce_7,ring,simple,0,0,33554432,4,4,2,524288,1,33554432,2097152
7534,133749,40,61,64,18001,0x7189126babc21873,AllReduce,0xaaacbecb4150,18896362198,18902165238,18,Other,0,8,0x7189126babc21873_allreduce_8,ring,simple,0,0,67108864,4,4,2,524288,1,67108864,2097152
7534,133766,38,62,64,16969,0x7189126babc21873,AllGather,0xaaacff865fd0,18747315360,18750522176,1,Other,0,0,0x7189126babc21873_allgather_0,ring,simple,0,0,1048576,1,4,2,524288,1,1048576,2097152
7534,133766,38,62,64,16987,0x7189126babc21873,AllGather,0xaaacff865fd0,18768645280,18770516352,3,Other,0,1,0x7189126babc21873_allgather_1,ring,simple,0,0,524288,1,4,2,524288,1,524288,2097152
7534,133766,38,62,64,16996,0x7189126babc21873,AllGather,0xaaacff865fd0,18771522880,18783308288,4,Other,0,2,0x7189126babc21873_allgather_2,ring,simple,0,0,4194304,1,4,2,524288,1,4194304,2097152
7534,133766,38,62,64,17014,0x7189126babc21873,AllGather,0xaaacff865fd0,18810962496,18812781184,6,Other,0,3,0x7189126babc21873_allgather_3,ring,simple,0,0,524288,1,4,2,524288,1,524288,2097152
7534,133766,38,62,64,17050,0x7189126babc21873,AllGather,0xaaacff865fd0,18860050496,18861899712,10,Other,0,4,0x7189126babc21873_allgather_4,ring,simple,0,0,524288,1,4,2,524288,1,524288,2097152
7534,133766,38,62,64,17059,0x7189126babc21873,AllGather,0xaaacff865fd0,18862454688,18865609152,11,Other,0,5,0x7189126babc21873_allgather_5,ring,simple,0,0,1048576,1,4,2,524288,1,1048576,2097152
7534,133766,38,62,64,17068,0x7189126babc21873,AllGather,0xaaacff865fd0,18867370976,18878986880,12,Other,0,6,0x7189126babc21873_allgather_6,ring,simple,0,0,4194304,1,4,2,524288,1,4194304,2097152
7534,133766,38,62,64,17077,0x7189126babc21873,AllGather,0xaaacff865fd0,18880792032,18882613472,13,Other,0,7,0x7189126babc21873_allgather_7,ring,simple,0,0,524288,1,4,2,524288,1,524288,2097152
7534,133766,38,62,64,17086,0x7189126babc21873,AllGather,0xaaacff865fd0,18883884192,18885690208,14,Other,0,8,0x7189126babc21873_allgather_8,ring,simple,0,0,524288,1,4,2,524288,1,524288,2097152
7534,133766,38,62,64,17095,0x7189126babc21873,AllGather,0xaaacff865fd0,18889623616,18901235264,15,Other,0,9,0x7189126babc21873_allgather_9,ring,simple,0,0,4194304,1,4,2,524288,1,4194304,2097152
7534,133766,38,62,64,17131,0x7189126babc21873,AllGather,0xaaacff865fd0,18930223648,18932018592,19,Other,0,10,0x7189126babc21873_allgather_10,ring,simple,0,0,524288,1,4,2,524288,1,524288,2097152
7534,133766,38,62,64,16960,0x7189126babc21873,AllReduce,0xaaacff865fd0,18742783680,18746487968,0,Other,0,0,0x7189126babc21873_allreduce_0,ring,simple,0,0,33554432,4,4,2,524288,1,33554432,2097152
7534,133766,38,62,64,16978,0x7189126babc21873,AllReduce,0xaaacff865fd0,18754382304,18765516352,2,Other,0,1,0x7189126babc21873_allreduce_1,ring,simple,0,0,134217728,4,4,2,524288,1,134217728,2097152
7534,133766,38,62,64,17005,0x7189126babc21873,AllReduce,0xaaacff865fd0,18787029408,18809316064,5,Other,0,2,0x7189126babc21873_allreduce_2,ring,simple,0,0,268435456,4,4,2,524288,1,268435456,2097152
7534,133766,38,62,64,17023,0x7189126babc21873,AllReduce,0xaaacff865fd0,18816874272,18827992512,7,Other,0,3,0x7189126babc21873_allreduce_3,ring,simple,0,0,134217728,4,4,2,524288,1,134217728,2097152
7534,133766,38,62,64,17032,0x7189126babc21873,AllReduce,0xaaacff865fd0,18830656448,18833812032,8,Other,0,4,0x7189126babc21873_allreduce_4,ring,simple,0,0,33554432,4,4,2,524288,1,33554432,2097152
7534,133766,38,62,64,17041,0x7189126babc21873,AllReduce,0xaaacff865fd0,18836555040,18858755296,9,Other,0,5,0x7189126babc21873_allreduce_5,ring,simple,0,0,268435456,4,4,2,524288,1,268435456,2097152
7534,133766,38,62,64,17104,0x7189126babc21873,AllReduce,0xaaacff865fd0,18902375392,18913485888,16,Other,0,6,0x7189126babc21873_allreduce_6,ring,simple,0,0,134217728,4,4,2,524288,1,134217728,2097152
7534,133766,38,62,64,17113,0x7189126babc21873,AllReduce,0xaaacff865fd0,18917018784,18920183904,17,Other,0,7,0x7189126babc21873_allreduce_7,ring,simple,0,0,33554432,4,4,2,524288,1,33554432,2097152
7534,133766,38,62,64,17122,0x7189126babc21873,AllReduce,0xaaacff865fd0,18920802592,18926580256,18,Other,0,8,0x7189126babc21873_allreduce_8,ring,simple,0,0,67108864,4,4,2,524288,1,67108864,2097152
